# Blender 4.2.1 LTS
# www.blender.org
mtllib alader.mtl
o 17174_Tiamat_new.002
v -1.480300 3.811000 -1.764200
v -1.520900 3.884700 -1.699400
v -1.551000 4.033800 -1.895200
v -1.499200 3.969100 -1.957900
v -1.597600 4.083500 -1.841100
v -1.571500 3.928900 -1.651800
v -1.623400 4.229500 -2.031800
v -1.570100 4.177300 -2.085000
v -1.509800 4.110100 -2.147200
v -1.574800 4.291100 -2.259800
v -1.636900 4.358200 -2.208900
v -1.643800 4.460100 -2.356200
v -1.573000 4.375600 -2.405200
v -1.509400 4.207800 -2.315800
v -1.502800 4.274900 -2.454600
v -1.179800 4.051700 -2.200700
v -1.402700 4.032100 -2.218000
v -1.395200 4.132000 -2.370000
v -1.168300 4.143800 -2.359500
v -1.384500 4.193800 -2.495200
v -1.173100 4.152000 -2.501200
v -1.365400 3.774000 -1.816400
v -1.387700 3.912300 -2.022700
v -1.179500 3.923100 -2.010900
v -1.166600 3.810600 -1.791500
v -0.324300 3.481100 -1.711300
v -0.367500 3.374600 -1.502600
v -0.474200 3.450500 -1.499400
v -0.434700 3.562500 -1.704100
v -0.504900 3.355700 -1.318600
v -0.397500 3.289300 -1.314200
v -0.665000 3.434200 -1.338500
v -0.639900 3.541500 -1.510700
v -0.610700 3.661000 -1.711200
v -0.220300 3.706100 -2.071200
v -0.274400 3.599100 -1.904000
v -0.396600 3.680300 -1.901700
v -0.357900 3.785600 -2.085100
v -0.589900 3.775000 -1.917400
v -0.568200 3.882000 -2.114700
v -0.876800 3.900900 -1.947300
v -0.882500 3.777800 -1.737700
v -0.864400 4.025000 -2.144100
v 0.672500 2.913100 -1.117500
v 0.724600 2.981300 -1.301000
v 0.736800 3.028000 -1.266500
v 0.684700 2.964900 -1.088100
v 0.809000 3.109600 -1.469900
v 0.797900 3.069100 -1.510100
v 0.773900 3.157100 -1.440700
v 0.681100 3.055700 -1.258300
v 0.624700 2.996800 -1.083900
v -0.940300 4.187800 -1.323100
v -0.912600 4.297100 -1.527400
v -1.023300 4.402200 -1.483300
v -1.043100 4.297800 -1.276600
v -1.007000 4.502400 -1.689400
v -0.881200 4.404200 -1.728200
v -1.105500 4.612000 -1.611900
v -1.137900 4.493400 -1.423400
v -1.173200 4.365900 -1.239400
v -0.486700 4.411700 -2.057000
v -0.640500 4.497100 -2.050100
v -0.683500 4.403400 -1.924500
v -0.529000 4.321100 -1.927500
v -0.815300 4.581500 -2.045100
v -0.847800 4.497800 -1.907900
v -0.725000 4.306000 -1.746900
v -0.572200 4.225300 -1.746800
v -1.041100 4.823100 -1.888500
v -1.077200 4.717100 -1.780800
v -0.988800 4.595900 -1.872100
v -0.946300 4.698000 -1.992500
v -1.452700 4.547800 -1.605400
v -1.474500 4.394300 -1.445600
v -1.315500 4.486700 -1.403700
v -1.280800 4.619600 -1.580600
v -1.349700 4.349800 -1.237300
v -1.491500 4.241400 -1.302100
v -1.945900 5.463800 -3.220900
v -1.997800 5.674000 -3.351500
v -1.927400 5.656700 -3.398800
v -1.861400 5.428000 -3.272500
v -2.014300 5.865900 -3.548500
v -2.067300 5.876800 -3.493700
v -1.938000 5.860400 -3.588600
v -1.845300 5.647500 -3.434500
v -1.765400 5.406400 -3.311500
v -1.372200 4.238100 -2.586900
v -1.168900 4.174300 -2.591800
v -1.492500 4.325600 -2.553900
v -1.481500 4.366200 -2.634100
v -1.354200 4.280800 -2.655100
v -1.156200 4.209900 -2.651300
v -1.119600 4.325900 -2.731900
v -1.138200 4.258000 -2.702700
v -1.331100 4.330300 -2.721900
v -1.308600 4.392800 -2.768000
v -1.466000 4.411600 -2.714200
v -1.450100 4.462500 -2.775100
v -1.571600 4.431800 -2.506400
v -1.573700 4.471600 -2.587500
v -1.649600 4.525300 -2.457100
v -1.654000 4.572600 -2.533800
v -1.577200 4.510500 -2.670900
v -1.581300 4.554400 -2.741400
v -1.661300 4.618100 -2.610800
v -1.673200 4.669300 -2.680100
v -0.850500 4.088500 -2.334700
v -0.865500 4.048500 -2.502000
v -0.544300 3.939600 -2.474900
v -0.537300 3.972600 -2.300300
v -0.872300 4.052500 -2.607300
v -0.866100 4.097400 -2.665500
v -0.562900 3.977800 -2.668900
v -0.560700 3.931100 -2.595600
v -0.852400 4.162200 -2.692800
v -0.840200 4.232700 -2.699400
v -0.540300 4.129700 -2.700000
v -0.552700 4.053000 -2.699700
v -0.314100 3.867400 -2.250100
v -0.305500 3.860300 -2.409900
v -0.146100 3.777500 -2.355800
v -0.164900 3.780000 -2.210700
v 1.513400 3.385500 -2.148700
v 1.458100 3.293100 -2.242800
v 1.521800 3.319900 -2.297600
v 1.576900 3.429000 -2.204400
v 1.381700 3.282800 -2.309600
v 1.392000 3.297400 -2.371800
v 1.414300 3.325200 -2.415600
v 1.548400 3.353400 -2.345700
v 1.604000 3.462500 -2.254900
v 1.438700 3.364200 -2.447000
v 1.459800 3.409700 -2.465700
v 1.525800 3.448900 -2.429800
v 1.567800 3.530600 -2.373300
v 1.605600 3.494900 -2.307900
v 1.559700 3.393000 -2.387900
v 1.352400 3.456600 -2.087600
v 1.220000 3.414400 -2.038100
v 1.215100 3.370200 -2.094600
v 1.483600 3.489000 -2.097600
v 1.371700 3.374500 -2.126900
v 1.401800 3.573300 -2.094700
v 1.301400 3.529500 -2.073900
v 1.188100 3.481400 -2.018000
v -0.918200 4.769200 -2.056200
v -1.016400 4.892800 -1.945500
v -0.797300 4.647800 -2.126900
v -0.759200 4.724900 -2.136700
v -0.894600 4.830300 -2.086000
v -1.008400 4.944000 -1.991100
v 0.560500 3.279600 -2.057300
v 0.449900 3.333100 -2.066200
v 0.514600 3.454700 -2.223700
v 0.643300 3.397200 -2.210700
v 0.341400 3.389000 -2.071800
v 0.396300 3.511400 -2.232000
v 0.549400 3.485500 -2.401500
v 0.416600 3.548500 -2.411000
v 0.705200 3.440300 -2.374000
v 0.576500 3.497400 -2.522300
v 0.741800 3.451600 -2.487600
v 0.434300 3.548000 -2.541400
v 0.465000 3.596300 -2.614700
v 0.609900 3.544000 -2.591800
v 0.775800 3.484000 -2.557200
v 0.407300 4.247100 -2.198100
v 0.249100 4.384400 -2.177000
v 0.195700 4.292700 -2.132800
v 0.353000 4.177900 -2.151000
v 0.063800 4.391300 -2.130800
v 0.100200 4.482900 -2.187300
v 0.022600 4.294800 -2.123900
v 0.136800 4.199000 -2.138900
v 0.286200 4.094300 -2.150600
v 0.411800 4.248700 -2.358400
v 0.249400 4.388000 -2.384700
v 0.269100 4.419600 -2.281800
v 0.422800 4.266200 -2.278700
v 0.119900 4.526100 -2.294600
v 0.107800 4.501400 -2.407200
v 0.221300 4.338500 -2.458000
v 0.183000 4.276900 -2.522100
v 0.048000 4.390400 -2.551400
v 0.081000 4.449100 -2.485300
v 0.385300 4.205500 -2.424400
v 0.352700 4.151000 -2.491900
v -0.890600 4.882600 -2.133300
v -1.014500 5.000200 -2.052500
v -0.742300 4.781300 -2.173800
v -0.739400 4.819700 -2.226700
v -0.899000 4.923300 -2.191100
v -1.030800 5.049000 -2.129600
v -0.760200 4.839100 -2.350700
v -0.921600 4.967100 -2.326400
v -0.912900 4.952700 -2.254600
v -0.747600 4.839200 -2.286500
v -1.047800 5.088000 -2.209300
v -1.053600 5.117400 -2.297700
v -1.831800 5.068900 -2.972500
v -1.899400 5.249500 -3.096800
v -1.806600 5.192000 -3.159000
v -1.730200 4.996300 -3.026500
v -1.692600 5.158900 -3.196400
v -1.603500 4.950800 -3.050400
v -1.582000 5.145200 -3.211400
v -1.480100 4.926800 -3.050400
v -1.670100 5.397700 -3.343400
v -1.492600 5.340900 -3.407900
v -1.396400 5.098000 -3.239300
v -1.293900 4.872800 -3.063700
v -1.049400 4.972500 -3.311200
v -0.971500 4.754400 -3.107500
v -1.131500 5.201300 -3.518500
v -0.746900 4.981600 -3.688300
v -0.688100 4.765800 -3.444600
v -0.639000 4.565600 -3.204100
v -0.363700 4.607300 -3.549500
v -0.336200 4.436100 -3.274500
v -0.404800 4.801500 -3.825900
v -0.131400 4.679000 -3.920100
v -0.107100 4.498300 -3.623600
v -0.104500 4.332600 -3.333500
v 1.821600 3.959300 -3.908400
v 1.904900 3.894100 -3.890400
v 2.015200 4.048700 -4.321700
v 2.005000 4.120600 -4.317400
v 1.974000 4.176700 -4.320900
v 1.774800 3.986300 -3.917800
v 1.690400 3.857700 -3.468200
v 1.637900 3.888800 -3.463600
v 1.734000 3.800400 -3.470600
v 0.577100 4.364700 -3.280400
v 0.686400 4.460300 -3.615900
v 0.427000 4.624100 -3.554100
v 0.338400 4.499100 -3.264600
v 0.493500 4.769000 -3.856000
v 0.786400 4.612300 -3.944300
v 0.219000 4.883500 -3.806500
v 0.179100 4.736800 -3.525600
v 0.123100 4.602400 -3.261400
v -1.141500 5.361800 -2.872300
v -0.967200 5.219500 -2.954000
v -0.979200 5.368400 -3.133900
v -1.175300 5.501400 -3.033200
v -0.765900 5.260200 -3.206000
v -0.776500 5.104500 -3.012600
v -0.779100 5.428900 -3.401900
v -1.008300 5.545300 -3.308400
v -1.224900 5.674200 -3.191800
v 0.654200 4.384800 -4.128200
v 0.907900 4.298100 -4.183500
v 0.844500 4.105200 -3.826500
v 0.620400 4.195600 -3.783200
v 1.100900 3.995600 -3.877300
v 1.188200 4.173000 -4.263600
v 1.042500 3.917200 -3.451600
v 0.810500 4.014700 -3.423600
v 0.596500 4.063900 -3.412700
v -1.538800 5.685200 -2.643400
v -1.278000 5.597700 -2.711500
v -1.323200 5.726000 -2.840400
v -1.576400 5.822800 -2.732700
v -1.384500 5.886500 -2.981100
v -1.625600 5.989600 -2.842900
v 1.482000 3.679000 -2.321200
v 1.543400 3.607200 -2.338000
v 1.473000 3.627200 -2.429800
v 1.434500 3.691300 -2.411400
v 1.482200 3.570600 -2.453900
v 1.426300 3.658500 -2.529600
v 1.436500 3.610200 -2.554700
v 1.396600 3.712400 -2.503400
v 0.643000 3.605000 -2.632200
v 0.813100 3.537000 -2.605500
v 0.494600 3.664300 -2.646700
v 0.670700 3.668400 -2.648400
v 0.519600 3.734900 -2.653500
v 0.848200 3.605900 -2.619200
v -1.051100 5.094400 -2.485900
v -1.042100 5.123400 -2.400400
v -0.928000 4.946100 -2.411100
v -0.923600 4.933700 -2.492900
v -0.777700 4.808700 -2.415100
v -0.772400 4.808900 -2.485500
v -1.081200 5.137100 -2.594700
v -0.935900 4.984800 -2.625400
v -0.956900 5.078500 -2.775900
v -1.110000 5.232000 -2.717900
v -0.789800 4.953800 -2.816100
v -0.787100 4.853100 -2.644500
v -1.471100 4.594000 -2.847400
v -1.448500 4.510600 -2.807500
v -1.591100 4.605400 -2.785500
v -1.613600 4.689500 -2.830900
v -1.693200 4.732300 -2.734000
v -1.724100 4.815600 -2.790700
v -1.523400 4.756500 -2.923900
v -1.660600 4.826400 -2.911400
v -1.768900 4.928000 -2.868600
v -1.126200 4.526800 -2.791500
v -1.109500 4.408700 -2.749700
v -1.301000 4.457300 -2.795900
v -1.322600 4.558600 -2.833200
v -1.195300 4.682200 -2.907600
v -1.387300 4.727800 -2.914300
v -0.829100 4.314200 -2.705600
v -0.840000 4.418400 -2.771800
v -0.548100 4.258500 -2.801600
v -0.533700 4.189400 -2.718000
v -0.589900 4.385800 -2.978700
v -0.896900 4.562400 -2.921900
v -0.080200 4.093700 -2.868200
v -0.089000 4.018000 -2.807000
v -0.280600 4.100000 -2.753000
v -0.283500 4.168700 -2.830200
v -0.290600 4.043700 -2.726300
v -0.105500 3.959000 -2.788400
v -0.097100 4.183900 -3.072200
v -0.309600 4.277500 -3.024000
v 1.436600 3.756300 -2.735900
v 1.394800 3.727600 -2.583700
v 1.429200 3.679900 -2.608900
v 1.474900 3.709400 -2.754700
v 1.445000 3.630200 -2.626700
v 1.491300 3.657900 -2.763400
v 1.529700 3.821800 -3.045500
v 1.577000 3.776600 -3.058800
v 1.586300 3.718400 -3.071800
v 0.179900 4.271000 -2.618200
v 0.032000 4.365800 -2.647200
v 0.355800 4.154300 -2.585900
v 0.388800 4.189300 -2.728700
v 0.202600 4.305800 -2.760900
v 0.053300 4.414200 -2.785300
v 0.256100 4.381400 -2.990800
v 0.469200 4.266000 -2.973000
v 0.074700 4.480800 -3.007300
v -0.919700 4.948300 -2.546500
v -1.063700 5.094600 -2.533900
v -0.775200 4.818400 -2.546000
v -1.237300 5.478200 -2.587900
v -1.498600 5.572200 -2.542500
v -1.461800 5.481600 -2.454400
v -1.203800 5.384300 -2.488000
v -3.206700 7.292400 -3.787800
v -3.177500 7.318600 -3.783800
v -3.195500 7.297000 -3.740200
v -3.230700 7.268900 -3.756000
v -3.158700 7.345800 -3.734700
v -3.135600 7.366900 -3.782700
v -3.190100 7.347300 -3.690400
v -3.229500 7.296300 -3.700800
v -3.251400 7.274500 -3.719300
v -3.322800 7.406600 -3.763100
v -3.344200 7.364700 -3.745300
v -3.327500 7.414900 -3.701000
v -3.305300 7.449000 -3.744200
v -3.320200 7.363300 -3.665200
v -3.339200 7.314500 -3.722100
v -3.267100 7.428300 -3.634600
v -3.276100 7.483800 -3.670300
v -3.261600 7.524400 -3.719500
v -3.277300 7.419900 -3.831200
v -3.308000 7.408000 -3.800700
v -3.281000 7.470300 -3.788800
v -3.247200 7.466900 -3.826700
v -3.232800 7.543200 -3.770800
v -3.199200 7.539700 -3.818900
v -3.169600 7.344200 -3.828800
v -3.120400 7.401600 -3.830500
v -3.219500 7.300100 -3.816800
v -3.239900 7.332300 -3.842400
v -3.183100 7.384900 -3.858900
v -3.126600 7.449500 -3.867800
v -3.085800 7.430800 -3.786800
v -3.105900 7.407300 -3.737300
v -3.045600 7.462800 -3.747500
v -3.021100 7.476000 -3.799300
v -3.069600 7.472500 -3.695100
v -3.137700 7.417200 -3.691700
v -3.164400 7.447200 -3.645800
v -3.193300 7.501500 -3.610400
v -3.226400 7.372400 -3.643300
v -3.089100 7.505800 -3.646600
v -3.101800 7.559300 -3.608300
v -3.207500 7.570300 -3.634400
v -3.196300 7.620700 -3.691800
v -3.106500 7.635300 -3.611600
v -3.095400 7.694900 -3.667800
v -3.164600 7.634100 -3.754500
v -3.129100 7.621000 -3.808900
v -3.068400 7.704800 -3.739200
v -3.040200 7.684900 -3.800600
v -3.094000 7.580500 -3.853000
v -3.160800 7.504400 -3.857500
v -3.015800 7.639000 -3.846600
v -3.001600 7.578700 -3.871300
v -3.066500 7.521600 -3.864100
v -3.067900 7.470500 -3.829000
v -3.002300 7.511800 -3.855500
v -2.960800 7.481000 -3.826400
v -2.979000 7.469300 -3.763600
v -2.920200 7.462700 -3.784600
v -2.903700 7.487900 -3.842900
v -2.929400 7.467500 -3.716000
v -2.996700 7.484200 -3.704200
v -3.006800 7.520900 -3.652300
v -2.930300 7.511800 -3.661100
v -2.924300 7.575000 -3.639300
v -3.007700 7.577400 -3.619500
v -2.997200 7.647900 -3.621700
v -2.980800 7.703800 -3.670200
v -2.908400 7.637000 -3.650300
v -2.888400 7.687700 -3.689100
v -2.961000 7.717300 -3.738100
v -2.943300 7.700700 -3.799900
v -2.870600 7.713300 -3.748800
v -2.859300 7.701500 -3.812400
v -2.933500 7.659300 -3.849200
v -2.933000 7.600100 -3.873600
v -2.858800 7.659800 -3.861300
v -2.867800 7.600600 -3.886500
v -2.946100 7.531700 -3.875300
v -2.887000 7.536100 -3.885700
v -2.830300 7.478100 -3.285300
v -2.789200 7.492900 -3.231700
v -2.871600 7.503900 -3.182600
v -2.910000 7.491900 -3.239900
v -2.839600 7.554800 -3.148300
v -2.755200 7.540300 -3.196200
v -2.895100 7.567400 -3.126900
v -2.943300 7.527600 -3.139500
v -2.985000 7.509400 -3.201100
v -2.803200 7.437600 -3.404600
v -2.819000 7.509400 -3.446100
v -2.765400 7.478800 -3.508300
v -2.745900 7.466800 -3.344500
v -2.737200 7.423000 -3.455600
v -2.672300 7.448300 -3.404800
v -2.881700 7.454400 -3.348400
v -2.897400 7.524800 -3.388800
v -2.730000 7.626000 -3.506700
v -2.765800 7.554700 -3.529200
v -2.829100 7.574500 -3.474300
v -2.801200 7.643500 -3.454400
v -2.904600 7.589600 -3.413500
v -2.888300 7.660100 -3.407300
v -2.765800 7.689100 -3.418600
v -2.694000 7.680100 -3.480000
v -2.853000 7.713800 -3.373000
v -2.808400 7.730400 -3.318400
v -2.726000 7.709300 -3.371800
v -2.649000 7.709700 -3.438600
v -2.686600 7.699600 -3.319500
v -2.598100 7.703800 -3.382700
v -2.766200 7.728000 -3.258200
v -2.740800 7.678300 -3.210400
v -2.656900 7.661300 -3.273300
v -2.563200 7.654400 -3.335100
v -2.644400 7.596200 -3.243500
v -2.667500 7.526400 -3.258500
v -2.591900 7.518600 -3.338400
v -2.552900 7.581700 -3.308700
v -2.737300 7.609300 -3.188200
v -2.705300 7.487600 -3.297800
v -2.632200 7.484800 -3.374900
v -2.872600 7.459800 -3.732200
v -2.870900 7.501500 -3.670300
v -2.824100 7.495600 -3.672800
v -2.824500 7.456600 -3.741400
v -2.863500 7.569100 -3.651400
v -2.813100 7.566700 -3.654900
v -2.792900 7.634200 -3.665500
v -2.846200 7.632000 -3.664100
v -2.824100 7.687800 -3.698600
v -2.769200 7.690900 -3.706000
v -2.805600 7.720800 -3.761200
v -2.796300 7.703800 -3.830400
v -2.750000 7.723500 -3.773600
v -2.740300 7.700900 -3.846800
v -2.798100 7.655400 -3.877300
v -2.810000 7.594600 -3.903500
v -2.741800 7.646200 -3.896000
v -2.754500 7.580000 -3.924500
v -2.829900 7.529300 -3.901100
v -2.777000 7.508100 -3.920400
v -2.796400 7.456700 -3.875100
v -2.847100 7.482000 -3.860300
v -2.863400 7.461600 -3.803100
v -2.811400 7.447100 -3.812400
v -2.775700 7.502300 -3.669400
v -2.759200 7.576100 -3.654600
v -2.773800 7.452200 -3.735200
v -2.741500 7.436300 -3.702800
v -2.736600 7.511900 -3.659500
v -2.708900 7.587300 -3.655700
v -2.739700 7.533200 -3.571300
v -2.735300 7.447900 -3.541100
v -2.685800 7.609800 -3.554600
v -2.665100 7.595700 -3.594300
v -2.731500 7.518300 -3.593100
v -2.720000 7.405400 -3.574400
v -2.642500 7.679900 -3.711700
v -2.676300 7.644500 -3.669600
v -2.635100 7.647700 -3.640000
v -2.591700 7.680600 -3.676800
v -2.663300 7.584800 -3.637100
v -2.622200 7.655100 -3.595200
v -2.549000 7.682900 -3.606500
v -2.733500 7.640800 -3.671100
v -2.705900 7.691000 -3.713500
v -2.644700 7.668100 -3.541900
v -2.591100 7.698400 -3.512100
v -2.686900 7.724800 -3.782100
v -2.679100 7.698900 -3.859800
v -2.621100 7.710700 -3.778600
v -2.611400 7.694400 -3.864600
v -2.680900 7.632300 -3.916500
v -2.696300 7.555600 -3.953400
v -2.616000 7.620300 -3.937100
v -2.637600 7.534400 -3.992800
v -2.739300 7.421700 -3.646700
v -2.716300 7.512400 -3.628300
v -2.412000 7.628300 -3.510000
v -2.472900 7.664300 -3.559500
v -2.530200 7.687800 -3.462700
v -2.481900 7.643100 -3.412100
v -2.302100 7.557600 -3.590500
v -2.300300 7.483100 -3.574500
v -2.163000 7.490100 -3.658400
v -2.342400 7.612300 -3.633900
v -2.200200 7.553100 -3.708500
v -2.268800 7.602900 -3.758300
v -2.382500 7.563000 -3.463400
v -2.434100 7.470800 -3.482100
v -2.462200 7.567300 -3.374700
v -2.527900 7.503800 -3.417500
v -2.572600 7.454400 -3.437100
v -2.518900 7.411400 -3.479500
v -2.623600 7.415800 -3.456700
v -2.584100 7.352200 -3.488700
v -2.691600 7.404600 -3.492300
v -2.670400 7.356400 -3.513300
v -2.647500 7.296800 -3.531500
v -2.581000 7.281200 -3.496500
v -2.700400 7.316300 -3.598100
v -2.680100 7.234300 -3.615100
v -2.622500 7.224600 -3.544200
v -2.563300 7.215500 -3.498000
v -2.591400 7.146300 -3.550500
v -2.538600 7.143500 -3.500800
v -2.647600 7.146800 -3.618600
v -2.604100 7.062700 -3.613900
v -2.553700 7.070700 -3.551000
v -2.503900 7.074300 -3.504900
v -2.431600 7.123600 -3.423200
v -2.432400 7.126400 -3.466300
v -2.401400 7.066600 -3.462500
v -2.419800 7.076100 -3.404700
v -2.446300 7.123800 -3.336300
v -2.464300 7.177000 -3.458500
v -2.460800 7.160500 -3.406200
v -2.501100 7.198300 -3.489200
v -2.474600 7.136200 -3.492000
v -2.440100 7.070800 -3.495900
v -2.348600 6.912100 -3.309300
v -2.296500 6.790300 -3.286000
v -2.262000 6.823700 -3.237700
v -2.317400 6.937100 -3.251800
v -2.239500 6.647600 -3.252600
v -2.181800 6.692600 -3.221200
v -2.128800 6.766700 -3.226700
v -2.210000 6.877300 -3.220900
v -2.263300 6.972400 -3.224000
v -2.414000 7.123100 -3.229100
v -2.370000 7.034900 -3.248100
v -2.307600 7.058500 -3.206500
v -2.336800 7.139700 -3.173900
v -2.401200 7.017400 -3.320000
v -2.242900 7.096200 -3.205700
v -2.267000 7.164700 -3.163700
v -2.204200 7.023200 -3.230300
v -2.155000 7.091400 -3.273200
v -2.187900 7.150200 -3.238400
v -2.209600 7.205700 -3.190100
v -2.339900 7.363000 -3.507500
v -2.248900 7.378500 -3.538800
v -2.278500 7.420300 -3.561000
v -2.388100 7.401900 -3.525100
v -2.154900 7.421500 -3.627300
v -2.152000 7.364500 -3.596600
v -2.464000 7.366900 -3.502000
v -2.511500 7.314600 -3.498400
v -2.458000 7.292400 -3.476200
v -2.409600 7.330000 -3.501500
v -2.377700 7.329000 -3.452600
v -2.366900 7.337600 -3.477200
v -2.293300 7.361000 -3.445200
v -2.305100 7.361100 -3.477900
v -2.518400 7.258100 -3.492800
v -2.484500 7.235400 -3.459400
v -2.502100 7.224800 -3.400800
v -2.481000 7.218200 -3.315300
v -2.492400 7.321600 -3.305100
v -2.469500 7.296600 -3.406900
v -2.389900 7.381600 -3.339200
v -2.387600 7.343100 -3.405700
v -2.289600 7.372100 -3.402800
v -2.286000 7.410700 -3.343300
v -2.431000 7.212700 -3.199300
v -2.426800 7.298600 -3.159500
v -2.346000 7.218200 -3.117400
v -2.350200 7.294000 -3.055900
v -2.418100 7.468700 -3.133000
v -2.453700 7.410200 -3.200300
v -2.418700 7.377300 -3.105500
v -2.403900 7.453800 -3.053900
v -2.359800 7.369600 -3.012400
v -2.368100 7.425800 -2.998700
v -2.214300 7.318500 -3.059800
v -2.213500 7.258800 -3.126100
v -2.163700 7.314300 -3.161200
v -2.168400 7.375500 -3.092300
v -2.173000 7.265700 -3.239000
v -2.154300 7.386100 -3.203600
v -2.161500 7.331500 -3.290200
v -2.159100 7.418800 -3.140500
v -2.274700 7.234800 -3.107400
v -2.273800 7.294600 -3.032400
v -2.192600 7.447700 -3.235400
v -2.193000 7.473900 -3.134000
v -2.195000 7.398800 -3.331000
v -2.274800 7.469600 -3.248200
v -2.259900 7.510400 -3.138700
v -2.248100 7.456100 -2.987100
v -2.313700 7.461900 -2.948500
v -2.283900 7.367500 -2.963100
v -2.223400 7.395400 -3.005800
v -2.374900 7.445100 -3.243800
v -2.354800 7.504700 -3.138300
v -2.343700 7.525400 -3.028100
v -2.248900 7.500500 -3.040900
v -2.195700 7.444600 -3.056900
v -1.410800 4.811300 -1.844300
v -1.430100 4.690700 -1.744000
v -1.250600 4.742300 -1.735400
v -1.225300 4.858700 -1.834500
v -1.208900 4.933400 -1.885400
v -1.202300 4.991600 -1.925100
v -1.392500 4.947900 -1.942600
v -1.398200 4.888000 -1.899400
v -1.525000 4.853100 -1.920300
v -1.548900 4.769700 -1.859200
v -1.509400 4.918900 -1.969000
v -1.610300 4.916600 -1.982700
v -1.629800 4.838000 -1.929000
v -1.659100 4.747100 -1.862500
v -1.205000 5.062200 -1.982600
v -1.394000 5.020400 -2.003300
v -1.212200 5.132000 -2.058700
v -1.399000 5.097000 -2.073600
v -1.504700 4.993700 -2.031200
v -1.606400 5.001800 -2.036300
v -1.506300 5.068700 -2.100400
v -1.604500 5.065800 -2.109600
v -1.218600 5.191600 -2.141100
v -1.403700 5.171400 -2.143700
v -1.215300 5.252300 -2.234400
v -1.406300 5.245400 -2.212300
v -1.509700 5.136900 -2.168000
v -1.516700 5.198900 -2.232300
v -1.605600 5.119700 -2.179700
v -1.613100 5.172200 -2.241400
v -1.409700 5.363400 -2.331700
v -1.180200 5.310100 -2.392900
v -1.183400 5.335700 -2.439000
v -1.430200 5.417500 -2.389000
v -1.195800 5.293500 -2.325600
v -1.405200 5.309800 -2.275300
v -1.528600 5.254900 -2.292200
v -1.556600 5.310600 -2.355200
v -1.627300 5.223100 -2.298300
v -1.663300 5.277100 -2.359700
v -1.579000 4.645000 -1.756900
v -1.605200 4.499000 -1.623700
v -1.694000 4.630900 -1.764300
v -1.753700 4.490800 -1.639600
v -1.618800 4.350400 -1.469500
v -1.736600 4.329600 -1.478700
v -1.631100 4.221000 -1.321700
v -1.737600 4.205400 -1.341100
v -1.759500 4.208800 -1.580900
v -1.800900 4.269200 -1.518700
v -1.828000 4.402700 -1.667300
v -1.793900 4.347900 -1.745400
v -1.783000 4.146300 -1.381700
v -1.743600 4.085800 -1.426500
v -1.748700 4.735200 -1.863600
v -1.757900 4.647900 -1.784900
v -1.829100 4.700900 -1.860800
v -1.811500 4.595300 -1.754800
v -1.850600 4.523000 -1.797900
v -1.827400 4.474100 -1.884400
v -1.891100 4.637300 -1.908200
v -1.881900 4.579900 -1.997400
v -1.844700 4.807500 -1.958600
v -1.746900 4.840600 -1.925300
v -1.741800 4.929500 -1.995500
v -1.853900 4.897600 -2.048300
v -1.717900 4.309600 -1.913500
v -1.749800 4.331000 -1.828200
v -1.790600 4.465100 -1.982100
v -1.745800 4.456800 -2.077100
v -1.854600 4.561900 -2.095800
v -1.819500 4.578300 -2.230100
v -1.723500 4.523600 -2.297600
v -1.696500 4.415400 -2.151200
v -1.673600 4.275000 -1.977800
v -1.914900 4.745200 -2.012700
v -1.920100 4.832000 -2.106800
v -1.925200 4.749600 -2.170000
v -1.915000 4.675900 -2.086500
v -1.892300 4.636700 -2.146300
v -1.895100 4.674100 -2.221800
v -1.741500 4.593100 -2.404900
v -1.831200 4.652300 -2.352000
v -1.835300 4.716600 -2.435400
v -1.739700 4.655000 -2.482700
v -1.742400 5.003800 -2.061300
v -1.863000 4.965600 -2.117600
v -1.747700 5.069300 -2.121900
v -1.872200 5.022200 -2.175500
v -1.899500 4.724200 -2.297300
v -1.907300 4.782600 -2.371600
v -1.931700 4.806400 -2.239000
v -1.938600 4.858600 -2.299900
v -1.919500 4.891500 -2.179900
v -1.925600 4.942400 -2.237600
v -1.754400 5.127100 -2.181100
v -1.880300 5.077200 -2.233600
v -1.760200 5.177400 -2.240700
v -1.884400 5.131800 -2.291300
v -1.933800 4.998700 -2.294300
v -1.937500 5.057900 -2.350800
v -1.944400 4.982400 -2.413000
v -1.944400 4.918600 -2.359000
v -1.911500 4.848300 -2.439600
v -1.829300 4.788000 -2.506400
v -1.912300 4.917100 -2.487600
v -1.836100 4.880400 -2.570400
v -1.739800 4.714900 -2.556800
v -1.749100 4.776600 -2.624600
v -1.929100 5.095900 -2.510700
v -1.939000 5.044100 -2.458700
v -1.933300 5.117300 -2.405500
v -1.922600 5.177900 -2.461300
v -1.880500 5.185400 -2.348200
v -1.875800 5.239900 -2.407600
v -1.763400 5.221000 -2.303300
v -1.775900 5.264300 -2.364900
v -1.917400 4.981000 -2.505600
v -1.898000 5.001400 -2.552100
v -1.612200 5.371200 -2.428700
v -1.737800 5.340700 -2.433200
v -1.672800 5.451600 -2.503900
v -1.853900 5.399300 -2.526400
v -1.769600 4.846700 -2.680900
v -1.799300 4.930000 -2.738400
v -1.837300 4.951300 -2.634100
v -1.855500 5.035500 -2.688100
v -1.807200 5.308800 -2.427400
v -1.876800 5.301600 -2.474700
v -1.890300 5.059100 -2.597100
v -1.898000 5.141300 -2.652000
v -1.922000 5.160400 -2.562100
v -1.927100 5.240100 -2.621500
v -1.916800 5.246600 -2.520600
v -1.921000 5.329400 -2.585600
v -1.712800 5.553800 -2.582600
v -1.867400 5.506800 -2.617200
v -1.742600 5.669100 -2.668100
v -1.884200 5.619500 -2.700900
v -1.836700 5.031200 -2.810700
v -1.887300 5.159400 -2.903300
v -1.880900 5.133600 -2.756600
v -1.915900 5.256300 -2.843600
v -1.916600 5.237500 -2.721600
v -1.941600 5.355300 -2.807000
v -1.941500 5.336800 -2.693200
v -1.958600 5.451900 -2.778100
v -1.931600 5.428300 -2.660000
v -1.945400 5.541800 -2.743500
v -1.774200 5.792100 -2.759800
v -1.903200 5.742600 -2.789000
v -1.814700 5.945300 -2.871900
v -1.932400 5.891000 -2.897800
v -1.941200 5.330300 -3.018400
v -1.988300 5.523900 -3.146700
v -1.950200 5.417900 -2.952100
v -1.990600 5.597000 -3.078400
v -1.960800 5.503000 -2.911100
v -1.988200 5.668900 -3.033900
v -1.975600 5.586100 -2.876500
v -1.993900 5.740900 -2.994300
v -1.961000 5.668100 -2.835400
v -1.983600 5.816700 -2.947100
v -2.036200 5.714500 -3.283000
v -2.097600 5.899500 -3.427200
v -2.039900 5.774000 -3.217700
v -2.103100 5.944700 -3.364000
v -2.759900 7.419500 -3.803500
v -2.721100 7.383100 -3.766300
v -2.751700 7.409700 -3.876100
v -2.686100 7.324300 -3.863600
v -2.595700 7.094500 -3.799500
v -2.631000 7.074700 -3.703500
v -2.678000 7.168300 -3.719300
v -2.632100 7.191800 -3.822200
v -2.703800 7.265700 -3.720200
v -2.731600 7.466100 -3.948900
v -2.682900 7.429300 -3.982100
v -2.727800 7.343100 -3.687500
v -2.595300 7.206600 -4.017000
v -2.677000 7.138000 -4.081800
v -2.656500 7.101700 -4.030800
v -2.592200 7.194700 -3.950800
v -2.616800 7.315900 -3.975700
v -2.590800 7.309200 -4.061400
v -2.607600 7.216900 -4.099700
v -2.696100 7.170900 -4.144400
v -2.611700 7.232200 -4.170400
v -2.686100 7.178600 -4.208400
v -2.582700 7.310500 -4.134900
v -2.577400 7.314500 -4.190500
v -2.600300 7.258700 -4.236100
v -2.664300 7.189300 -4.295600
v -2.791500 6.711200 -4.246200
v -2.819700 6.772500 -4.265600
v -2.695900 6.785600 -4.366000
v -2.669300 6.733200 -4.347700
v -2.718400 6.846500 -4.371400
v -2.841500 6.841900 -4.276200
v -2.571200 6.882800 -4.443600
v -2.550200 6.828700 -4.439000
v -2.530300 6.780400 -4.426600
v -2.562000 6.412000 -4.066800
v -2.483200 6.483300 -4.186700
v -2.451500 6.428500 -4.146400
v -2.509600 6.367600 -4.021300
v -2.373000 6.502300 -4.237300
v -2.387600 6.560800 -4.278900
v -2.354300 6.439800 -4.180800
v -2.416800 6.373500 -4.094900
v -2.457500 6.325000 -3.972500
v -2.370000 6.317200 -4.026900
v -2.396800 6.279900 -3.910700
v -2.323000 6.372600 -4.112600
v -2.293500 6.330000 -4.060300
v -2.310300 6.275600 -3.984600
v -2.306300 6.212200 -3.835300
v -2.609200 6.396400 -3.855900
v -2.597700 6.395700 -3.952600
v -2.534400 6.345000 -3.903600
v -2.533500 6.352100 -3.803400
v -2.470900 6.304200 -3.853100
v -2.461000 6.319600 -3.754100
v -2.515500 6.379900 -3.731200
v -2.469200 6.412300 -3.701200
v -2.543400 6.455900 -3.714700
v -2.591000 6.417700 -3.769800
v -2.436200 6.364700 -3.708600
v -2.420500 6.390800 -3.697100
v -2.401400 6.264500 -3.795300
v -2.385100 6.286600 -3.703600
v -2.307200 6.202600 -3.711000
v -2.292200 6.227100 -3.633000
v -2.188500 6.075900 -3.580100
v -2.194600 6.102700 -3.509900
v -2.170600 6.066600 -3.653400
v -2.560800 6.669500 -3.823800
v -2.650200 6.633400 -3.787400
v -2.560400 6.570700 -3.745900
v -2.474600 6.614900 -3.786200
v -2.634000 6.518700 -3.753200
v -2.711600 6.589100 -3.812500
v -2.463600 6.504300 -3.722100
v -2.372000 6.552200 -3.764700
v -2.034600 5.843000 -3.172900
v -2.091400 6.014700 -3.323400
v -2.021900 5.918400 -3.136600
v -2.073900 6.095200 -3.290000
v -1.970100 6.075200 -3.053200
v -1.882100 6.171200 -2.982800
v -1.965400 6.372800 -3.105200
v -2.050300 6.291500 -3.212700
v -1.691300 6.209900 -2.985200
v -1.806200 6.458100 -3.166300
v -2.006300 5.996200 -3.096900
v -2.058500 6.174500 -3.249100
v -2.070600 6.539800 -3.190100
v -1.999900 6.638700 -3.206700
v -2.146500 6.492000 -3.238700
v -2.185000 6.169500 -3.470500
v -2.252100 6.291100 -3.623500
v -2.157600 6.246900 -3.442200
v -2.129800 6.397900 -3.710600
v -2.344700 6.349100 -3.691800
v -2.349200 6.389300 -3.697900
v -2.394100 6.435900 -3.703100
v -2.260700 6.466800 -3.757000
v -2.195400 6.560800 -3.593600
v -2.249300 6.674200 -3.558900
v -2.250300 6.673500 -3.648400
v -2.268900 6.678600 -3.728900
v -2.295500 6.616800 -3.762600
v -2.141200 6.571400 -3.728500
v -2.213300 6.562800 -3.497900
v -2.246400 6.681900 -3.481000
v -2.188600 6.431000 -3.484400
v -2.179400 6.456300 -3.411000
v -2.215300 6.553300 -3.406400
v -2.262700 6.677200 -3.403300
v -2.137600 6.386800 -3.336200
v -2.200000 6.510000 -3.314200
v -2.270800 6.650900 -3.323400
v -2.138200 6.308800 -3.384600
v -3.031000 7.502600 -3.264600
v -2.958900 7.471500 -3.301800
v -3.015200 7.547000 -3.308600
v -2.969600 7.539600 -3.340500
v -2.910400 7.690800 -3.139100
v -2.904200 7.622900 -3.116700
v -2.824200 7.622300 -3.144600
v -2.826000 7.689200 -3.167400
v -2.942000 7.747600 -3.248400
v -2.887500 7.745200 -3.276000
v -2.938700 7.728800 -3.330700
v -3.000400 7.727700 -3.274700
v -2.974100 7.666500 -3.360900
v -3.045300 7.666500 -3.304500
v -2.977300 7.598800 -3.358100
v -3.033200 7.597700 -3.304900
v -2.848600 7.736800 -3.217000
v -2.929900 7.732100 -3.195700
v -3.048000 7.629700 -3.169100
v -2.999100 7.665600 -3.142400
v -3.013900 7.708700 -3.201500
v -3.079600 7.654100 -3.221700
v -3.073300 7.572900 -3.240200
v -3.049200 7.564700 -3.164200
v -2.981400 7.595900 -3.124800
v -3.274000 7.264500 -3.781400
v -3.311800 7.296200 -3.802000
v -3.300100 7.268000 -3.710400
v -3.275100 7.315500 -3.666500
v -3.319700 7.351500 -3.804700
v -3.266700 7.378900 -3.850200
v -3.215100 7.434300 -3.860700
v -2.385300 6.674500 -3.799000
v -2.325200 6.731000 -3.737800
v -2.388100 6.806800 -3.758800
v -2.449500 6.741200 -3.850500
v -2.587200 6.989400 -3.689800
v -2.555600 6.987200 -3.605900
v -2.555300 7.011800 -3.785900
v -2.504700 6.940400 -3.778500
v -2.523300 6.922900 -3.679900
v -2.501600 6.919300 -3.597100
v -2.377100 6.803300 -3.580600
v -2.388700 6.801000 -3.659200
v -2.327100 6.736900 -3.642200
v -2.305300 6.752200 -3.565600
v -2.457300 6.860400 -3.670000
v -2.442100 6.858500 -3.589600
v -2.450900 6.871000 -3.767500
v -2.387900 6.993300 -3.393900
v -2.345500 6.890000 -3.380200
v -2.371700 6.982300 -3.454700
v -2.327700 6.879800 -3.462600
v -2.297000 6.778500 -3.425800
v -2.347600 6.831900 -3.518800
v -2.286800 6.772000 -3.498100
v -2.434700 6.963600 -3.507700
v -2.459600 6.944500 -3.536900
v -2.404200 6.888900 -3.530300
v -2.384700 6.934200 -3.495300
v -2.314800 6.776100 -3.351900
v -2.398200 7.001900 -3.495800
v -2.462400 7.012500 -3.502500
v -2.509100 7.004800 -3.545700
v -2.454000 6.798000 -4.516800
v -2.433000 6.758500 -4.499800
v -2.510900 6.741400 -4.412300
v -2.358500 6.782700 -4.578400
v -2.377200 6.828400 -4.594000
v -2.336100 6.742500 -4.563800
v -2.410700 6.726200 -4.482800
v -2.489700 6.709800 -4.393800
v -2.586800 7.139900 -3.922700
v -2.573500 7.048100 -3.898800
v -2.639700 7.044900 -4.002000
v -2.628400 6.965700 -3.972300
v -2.550300 6.962700 -3.887900
v -2.516100 6.880100 -3.885100
v -2.612600 6.879200 -3.956800
v -2.607400 6.796800 -3.920300
v -2.484700 6.803300 -3.872700
v -2.598700 6.728400 -3.869200
v -2.740900 6.834700 -3.914000
v -2.721400 6.764300 -3.875000
v -2.765000 6.910900 -3.947700
v -2.868900 6.846800 -3.977300
v -2.828600 6.777500 -3.940700
v -2.796400 6.715400 -3.900100
v -2.761000 6.653400 -3.860300
v -2.698600 6.698400 -3.831500
v -2.733100 6.622000 -4.203700
v -2.615600 6.657000 -4.304700
v -2.588900 6.623500 -4.283000
v -2.701900 6.583300 -4.181000
v -2.467200 6.681300 -4.372500
v -2.558100 6.585500 -4.257300
v -2.426600 6.653100 -4.359100
v -2.663400 6.539400 -4.151000
v -2.765700 6.532700 -3.971700
v -2.754800 6.553900 -3.882000
v -2.804300 6.615500 -3.925100
v -2.812800 6.588100 -4.010300
v -2.839600 6.670900 -3.960800
v -2.844600 6.637100 -4.039900
v -2.642600 6.691800 -4.327000
v -2.763000 6.662900 -4.225700
v -2.905000 6.791200 -4.036900
v -2.869000 6.726900 -3.998100
v -2.901300 6.748800 -4.099100
v -2.871400 6.688000 -4.068400
v -2.732400 6.526200 -4.058500
v -2.669100 6.459700 -4.008400
v -2.693000 6.461800 -3.916000
v -2.614300 6.476600 -4.111100
v -2.776700 6.574900 -4.093000
v -2.806400 6.620700 -4.116900
v -2.679500 6.479900 -3.823700
v -2.836000 6.665500 -4.141100
v -2.867700 6.718200 -4.166500
v -1.416400 6.123300 -3.486400
v -1.544500 6.344100 -3.274800
v -1.460200 6.109800 -3.128600
v -1.311700 5.896300 -3.344800
v -1.078600 5.760900 -3.477000
v -0.825900 5.631000 -3.595800
v -0.883000 5.839200 -3.771600
v -1.165700 5.980400 -3.630400
v -1.248900 6.164900 -3.763400
v -1.510400 6.318600 -3.604700
v -0.925800 6.027800 -3.911300
v -0.953400 6.172300 -4.011300
v -1.311800 6.301500 -3.865300
v -1.582100 6.455300 -3.699800
v 0.533900 4.986900 -4.141800
v 0.243800 5.082200 -4.084400
v 0.856400 4.862200 -4.230900
v 0.571000 5.234000 -4.383800
v 0.909100 5.134000 -4.476000
v 0.276800 5.310600 -4.317700
v 2.168100 4.347400 -4.684800
v 2.151100 4.409800 -4.670200
v 2.150000 4.285600 -4.701900
v 2.323800 4.524300 -5.025600
v 2.344800 4.591800 -4.985800
v 2.296300 4.653800 -4.965800
v 0.706000 4.872700 -4.679200
v 1.018100 4.793600 -4.760100
v 0.965100 4.537100 -4.490900
v 0.680100 4.617800 -4.426500
v 1.271800 4.406300 -4.599600
v 1.355200 4.669800 -4.883900
v -0.224700 5.167600 -4.377100
v -0.177400 4.914600 -4.172700
v -0.461700 5.041100 -4.070900
v -0.517700 5.287200 -4.279200
v -0.815100 5.222000 -3.913600
v -0.880200 5.455600 -4.116300
v -1.642000 5.803900 -3.679600
v -1.568800 5.586100 -3.539700
v -1.752900 5.641800 -3.463500
v -1.840900 5.852700 -3.610200
v -1.214200 5.431700 -3.707200
v -1.284400 5.653500 -3.879200
v -0.957400 5.810400 -4.415600
v -0.926800 5.655800 -4.290300
v -1.334100 5.848800 -4.040200
v -1.370200 6.000000 -4.162200
v -1.706200 5.990400 -3.838600
v -1.752600 6.133000 -3.964000
v -2.118600 6.054300 -3.720100
v -2.030900 6.045600 -3.766900
v -2.208800 6.187500 -3.890000
v -2.099400 6.214800 -3.939300
v -1.916200 6.045100 -3.771900
v -1.960000 6.198500 -3.889800
v -1.099000 6.355900 -4.838100
v -1.071900 6.318600 -4.788900
v -1.498700 6.454900 -4.540100
v -1.520400 6.491400 -4.586100
v -1.050600 6.276900 -4.740400
v -1.496700 6.389200 -4.519100
v -1.906200 6.457400 -4.377900
v -1.894300 6.530500 -4.372400
v -1.900200 6.571400 -4.402700
v -0.456600 6.148900 -5.251700
v -0.421900 6.089000 -5.189600
v -0.709300 6.184700 -5.016800
v -0.736100 6.237100 -5.067800
v -0.700600 6.146000 -4.985100
v -0.412900 6.049600 -5.151700
v 0.911500 5.561100 -5.671200
v 0.895100 5.606900 -5.729400
v 1.325900 5.443000 -5.925300
v 1.339400 5.412400 -5.866400
v 0.556800 5.687000 -5.554100
v 0.528800 5.721200 -5.615500
v 0.830400 5.665300 -5.858600
v 0.458700 5.770900 -5.733100
v 1.269500 5.521600 -6.050500
v 1.013200 5.692900 -4.973800
v 1.041500 5.784900 -5.006500
v 0.707900 5.883800 -4.883800
v 0.669500 5.785700 -4.846500
v 0.718900 5.961400 -4.955000
v 1.040500 5.858000 -5.070300
v 0.493500 6.092500 -4.829400
v 0.479500 5.999200 -4.717400
v 0.414000 5.872200 -4.692900
v -1.336600 6.382500 -3.927800
v -1.605200 6.525100 -3.766800
v -0.962600 6.251200 -4.066500
v -0.965400 6.314800 -4.116300
v -1.323500 6.459200 -3.952500
v -1.602100 6.602000 -3.779200
v -1.336700 6.758700 -4.127700
v -1.024300 6.606200 -4.360800
v -1.052500 6.645200 -4.414100
v -1.388100 6.806200 -4.247000
v -1.369400 6.768300 -4.179100
v -1.088500 6.679400 -4.494800
v -1.630500 6.877600 -4.057600
v -1.602600 6.887600 -3.982100
v -1.581600 6.881200 -3.926000
v -1.265100 6.582700 -3.933300
v -1.575300 6.692800 -3.790700
v -0.908200 6.455000 -4.106100
v -0.918400 6.567300 -4.195400
v -1.549800 6.784700 -3.816100
v -1.254700 6.695000 -3.984200
v -1.297900 6.737400 -4.066200
v -1.562300 6.844200 -3.869500
v -0.987600 6.570300 -4.298400
v -1.638700 6.532600 -3.409600
v -1.825000 6.664700 -3.304400
v -1.682600 6.664700 -3.510100
v -1.838900 6.825500 -3.414900
v -1.711400 6.747500 -3.564500
v -1.696400 6.670800 -3.597800
v -1.834800 6.984700 -3.539400
v -1.843400 6.925500 -3.473100
v -1.742700 6.817300 -3.612800
v -1.757000 6.872500 -3.679100
v -1.745000 6.931600 -3.723200
v -1.737700 6.987200 -3.786900
v -1.839300 7.071200 -3.691500
v -1.846200 7.024800 -3.610200
v -2.155900 6.946400 -3.242800
v -2.088400 6.860800 -3.259500
v -2.055200 6.959300 -3.315100
v -2.114600 7.025200 -3.296400
v -1.982500 6.766900 -3.274800
v -1.980400 6.894300 -3.354900
v -2.224700 7.350700 -3.501600
v -2.141000 7.320600 -3.540400
v -2.207400 7.343100 -3.450200
v -2.112300 7.284200 -3.451800
v -1.957600 6.985500 -3.420700
v -1.935300 7.048500 -3.481800
v -2.031900 7.041800 -3.390900
v -2.005100 7.111600 -3.452500
v -2.054200 7.186100 -3.437000
v -2.038800 7.201600 -3.482100
v -2.055100 7.240000 -3.518400
v -1.997500 7.148200 -3.504400
v -2.002100 7.181500 -3.563500
v -2.076700 7.117500 -3.364000
v -2.114600 7.182300 -3.343200
v -2.158500 7.224100 -3.304400
v -2.142600 7.306500 -3.364400
v -2.201200 7.359700 -3.396000
v -1.929800 7.094900 -3.541300
v -1.933700 7.124800 -3.619700
v 2.776000 5.383300 -5.756600
v 2.723100 5.269400 -5.657600
v 2.815100 5.218600 -5.757200
v 2.856800 5.305500 -5.829600
v 2.773000 5.133000 -5.721100
v 2.644200 5.147200 -5.586300
v 2.840000 5.118100 -5.798600
v 2.901200 5.161500 -5.838500
v 2.933000 5.223900 -5.892300
v 2.749600 5.067300 -5.742600
v 2.843200 5.067900 -5.828400
v 2.673700 5.058700 -5.630600
v 2.664900 4.993000 -5.690000
v 2.737200 5.008100 -5.780700
v 2.824500 5.005700 -5.854000
v 2.926200 5.095800 -5.880400
v 2.904700 5.029400 -5.913600
v 2.955900 5.073000 -5.980200
v 2.967400 5.148700 -5.938300
v 2.940300 5.278900 -5.957400
v 2.969000 5.199100 -6.008000
v 2.924500 5.262500 -6.069700
v 2.913800 5.315000 -6.017300
v 2.953200 5.121100 -6.060000
v 2.903200 5.182900 -6.134000
v 2.792900 4.953400 -5.901800
v 2.863400 4.968400 -5.963400
v 2.772700 4.938500 -5.991100
v 2.740500 4.936700 -5.929600
v 2.786600 4.951700 -6.047200
v 2.898400 4.999000 -6.026100
v 2.891000 5.037800 -6.094500
v 2.837600 5.080100 -6.161600
v 2.781300 4.974500 -6.104600
v 2.757000 5.012000 -6.145900
v 2.631000 4.953100 -6.084700
v 2.648400 5.008700 -6.141500
v 2.639000 4.921100 -6.030100
v 2.480000 4.923700 -6.080100
v 2.489300 4.886500 -6.003100
v 2.502600 5.005200 -6.150300
v -1.089000 6.075300 -4.734000
v -1.062700 6.181200 -4.731600
v -0.709500 6.067100 -4.962100
v -0.736100 5.963400 -4.953400
v -0.421500 5.982600 -5.116200
v -0.446100 5.889900 -5.093700
v -0.998500 5.954200 -4.509900
v -0.980900 5.899500 -4.479200
v -1.400800 6.089800 -4.219600
v -1.429400 6.145100 -4.256400
v -1.778500 6.217400 -4.013000
v -1.818700 6.261400 -4.049400
v -1.962800 6.259100 -3.943600
v -2.019100 6.280700 -3.978600
v -1.520700 6.290200 -4.525500
v -1.934300 6.357300 -4.377000
v -1.530700 6.201700 -4.494000
v -1.930900 6.283400 -4.313100
v -2.124100 6.393100 -4.268900
v -2.208600 6.405000 -4.210200
v -2.224600 6.458400 -4.277700
v -2.124400 6.464100 -4.319000
v -2.101500 6.353100 -4.201700
v -2.171300 6.363100 -4.129700
v -1.518600 6.170100 -4.433300
v -1.906900 6.264200 -4.247500
v -1.079800 6.020800 -4.672500
v -1.047400 6.020800 -4.600200
v -1.499300 6.159400 -4.371700
v -1.892800 6.258900 -4.186400
v -1.863400 6.262000 -4.118200
v -2.056300 6.317000 -4.044400
v -2.151900 6.309900 -4.030200
v -2.075900 6.333300 -4.118400
v -2.238000 6.277500 -4.003100
v -2.246700 6.347500 -4.084400
v -2.068000 6.331800 -4.167600
v -2.295300 6.461500 -4.233900
v -2.271900 6.402500 -4.164600
v -1.466400 6.162700 -4.312600
v -1.016900 6.004200 -4.546900
v -2.519800 6.537900 -4.223200
v -2.411000 6.607800 -4.312200
v -2.386500 6.697700 -4.462700
v -2.310800 6.705200 -4.545400
v -2.358200 6.674700 -4.448000
v -2.281000 6.677700 -4.520300
v -2.301700 6.524200 -4.293400
v -2.217800 6.533800 -4.313800
v -2.301900 6.586600 -4.333800
v -2.198600 6.600900 -4.365700
v -2.113700 6.540700 -4.327700
v -2.102800 6.586600 -4.359300
v -2.222400 6.622500 -4.416800
v -2.317400 6.620900 -4.374500
v -2.329400 6.642900 -4.410300
v -2.237700 6.638100 -4.457300
v -2.252400 6.656400 -4.494700
v -2.322700 6.657700 -4.447000
v -2.103700 6.619500 -4.427900
v -2.077200 6.607700 -4.400300
v -1.917900 6.643900 -4.514000
v -1.903500 6.606100 -4.458500
v -2.211200 6.716900 -4.629500
v -2.178700 6.681200 -4.592700
v -2.239600 6.766500 -4.655200
v -2.039600 6.739100 -4.766400
v -2.074200 6.794600 -4.803800
v -2.001700 6.704600 -4.719000
v -2.150700 6.662000 -4.550500
v -2.130700 6.646000 -4.508600
v -1.973200 6.692400 -4.670500
v -1.950200 6.691200 -4.618200
v -2.118300 6.632100 -4.465900
v -1.931200 6.675700 -4.564300
v -1.705900 6.743900 -4.964300
v -1.807300 6.803600 -5.074200
v -1.758900 6.751000 -5.026100
v -1.443600 6.773200 -5.354600
v -1.500100 6.836200 -5.402800
v -1.382800 6.757900 -5.293600
v -1.547900 6.539600 -4.654400
v -1.146100 6.428100 -4.921900
v -1.581800 6.596900 -4.735700
v -1.202700 6.526200 -5.022100
v -1.618300 6.653600 -4.810000
v -1.261400 6.631700 -5.120400
v -1.650500 6.707200 -4.871300
v -1.312700 6.717200 -5.201900
v -1.675300 6.740100 -4.917600
v -1.345000 6.756500 -5.249000
v -0.879100 6.858300 -5.923700
v -1.098800 6.806900 -5.634400
v -1.166200 6.847400 -5.693500
v -0.962700 6.898900 -5.994100
v -1.222000 6.926700 -5.737300
v -1.023600 6.995400 -6.040700
v -0.800200 6.338700 -5.170600
v -0.876100 6.477400 -5.297800
v -0.540200 6.266300 -5.376800
v -0.634200 6.432500 -5.532300
v -0.942000 6.635100 -5.425000
v -0.699500 6.635200 -5.683400
v -1.002800 6.757500 -5.533100
v -0.763500 6.788800 -5.814500
v -1.048800 6.804100 -5.590000
v -0.818200 6.847200 -5.878800
v -0.077000 6.907500 -6.736100
v -0.174900 6.917800 -6.821500
v 0.171400 6.887800 -7.087400
v 0.264900 6.887600 -6.994200
v 0.069300 6.938500 -7.174500
v -0.269900 6.986800 -6.894100
v 0.485500 6.903200 -7.497500
v 0.591800 6.852800 -7.402800
v 0.682800 6.864200 -7.297700
v 0.286600 6.844100 -6.929400
v -0.036500 6.886300 -6.668000
v 0.694500 6.807100 -7.227200
v 0.724300 6.689700 -7.103700
v 0.299700 6.713600 -6.844100
v -0.021600 6.760400 -6.594500
v -0.889800 7.244600 -5.353100
v -0.864900 7.148000 -5.312000
v -0.529500 7.102300 -5.658900
v -0.557500 7.220400 -5.690000
v -0.582500 7.353600 -5.708400
v -0.912400 7.348700 -5.387600
v -1.245100 7.366100 -4.992900
v -1.230700 7.272200 -4.951300
v -1.237700 7.184400 -4.928400
v -1.487600 7.271500 -4.617000
v -1.478100 7.204000 -4.590800
v -1.509000 7.342000 -4.651000
v -1.691500 7.323100 -4.373100
v -1.663700 7.267600 -4.351800
v -1.649500 7.212700 -4.332600
v -1.117400 6.755500 -4.624800
v -1.402800 6.872700 -4.357200
v -1.425800 6.943200 -4.469000
v -1.139900 6.862000 -4.750100
v -1.645100 6.992100 -4.239500
v -1.631200 6.926500 -4.157400
v -1.204000 7.057800 -4.878300
v -1.221600 7.123400 -4.902700
v -1.484100 7.144700 -4.582900
v -1.476900 7.086400 -4.566400
v -1.655500 7.162200 -4.321100
v -1.669800 7.109200 -4.312700
v -1.663700 7.050200 -4.289100
v -1.451500 7.018600 -4.531700
v -1.173200 6.966800 -4.831500
v -1.894600 7.249300 -4.046200
v -1.885500 7.282500 -4.075600
v -1.959600 7.321000 -4.005100
v -1.967800 7.286700 -3.951300
v -1.932700 7.340600 -4.090200
v -1.877600 7.311500 -4.116800
v -1.996100 7.383200 -4.082200
v -2.019900 7.377700 -3.977000
v -2.054000 7.339800 -3.879900
v -1.847200 7.075600 -3.951100
v -1.826300 7.099400 -3.805500
v -1.737900 7.010100 -3.873200
v -1.758800 6.978700 -3.969500
v -1.765500 6.952300 -4.065400
v -1.807900 7.002300 -4.105000
v -1.786400 7.271600 -4.177400
v -1.782700 7.229800 -4.158100
v -1.811600 7.311000 -4.197500
v -1.892300 7.178700 -3.726200
v -1.894200 7.183000 -3.834600
v -1.958400 7.269500 -3.764100
v -1.985400 7.225800 -3.654700
v -1.901300 7.178900 -3.897800
v -1.890800 7.114800 -3.999500
v -1.895400 7.170700 -4.001900
v -1.938300 7.214700 -3.887100
v -2.096100 7.428500 -3.768100
v -2.053500 7.383700 -3.714100
v -2.001900 7.310200 -3.812700
v -2.050300 7.336300 -3.664300
v -1.894100 7.214800 -4.017100
v -1.964700 7.248500 -3.910600
v -2.070200 7.270600 -3.594100
v -1.794800 7.185200 -4.145900
v -1.806500 7.137600 -4.134300
v -1.820100 7.072100 -4.128100
v -1.831700 7.381400 -4.418800
v -1.935300 7.371500 -4.214600
v -1.864100 7.348400 -4.211600
v -1.742800 7.368500 -4.403000
v -1.566100 7.404300 -4.702600
v -1.640700 7.406400 -4.772400
v -1.323500 7.408500 -5.073400
v -1.410900 7.409300 -5.158300
v -1.828400 7.424800 -4.670100
v -1.844700 7.394800 -4.547000
v -1.686800 7.420600 -4.835000
v -1.717000 7.461300 -4.886000
v -1.458500 7.448900 -5.213200
v -1.501500 7.494200 -5.260300
v -0.985100 7.414000 -5.458700
v -0.652600 7.462300 -5.772200
v -0.759100 7.450700 -5.867100
v -1.082600 7.400000 -5.548500
v -1.142500 7.448400 -5.597300
v -0.829900 7.481700 -5.912400
v -0.921800 7.546600 -5.943500
v -1.212500 7.505300 -5.637600
v 0.136700 7.427900 -6.827500
v 0.459600 7.469900 -7.052400
v 0.371500 7.502000 -7.152800
v 0.064000 7.457800 -6.931400
v 0.710100 7.558300 -7.408000
v 0.816400 7.527400 -7.319800
v 0.508400 7.601400 -7.487700
v 0.201500 7.559300 -7.242700
v -0.079200 7.513900 -7.025700
v 0.368700 7.126400 -7.560000
v 0.422400 7.021000 -7.538800
v 0.006000 7.031400 -7.230600
v -0.027100 7.139900 -7.243100
v -0.323700 7.073300 -6.940200
v -0.355400 7.166900 -6.956100
v -1.551800 7.004200 -5.435100
v -1.292500 7.073400 -5.778200
v -1.256600 7.002400 -5.758900
v -1.528400 6.922800 -5.421800
v -1.060400 7.071500 -6.059600
v -1.095700 7.138800 -6.072800
v -2.262700 6.819600 -4.675200
v -2.100100 6.858700 -4.831000
v -2.277500 6.874700 -4.690200
v -2.113300 6.924300 -4.846300
v -1.857300 6.956600 -5.118200
v -1.841500 6.877400 -5.105900
v -2.285300 6.927500 -4.706300
v -2.118100 6.977600 -4.856700
v -2.392200 6.882000 -4.615200
v -2.407200 6.945500 -4.657000
v -2.280300 6.979500 -4.722300
v -2.109600 7.032700 -4.851100
v -2.474800 6.847000 -4.537300
v -2.502400 6.899400 -4.557400
v -1.864900 7.021900 -5.122600
v -1.878200 7.081100 -5.126800
v -1.606100 7.148200 -5.459200
v -1.569600 7.079900 -5.441200
v -2.322800 7.036400 -4.740500
v -2.261000 7.031800 -4.744700
v -2.180300 7.152900 -4.899600
v -2.123800 7.088600 -4.861300
v -1.952600 7.393200 -4.436900
v -1.975100 7.361400 -4.314900
v -1.894800 7.442700 -4.620700
v -1.942600 7.486400 -4.627000
v -2.026900 7.422000 -4.415300
v -2.066900 7.378900 -4.278400
v -2.162800 7.433600 -4.245000
v -2.132600 7.435900 -4.157800
v -2.110500 7.421000 -4.186700
v -2.124400 7.410400 -4.262300
v -2.068700 7.414600 -4.180700
v -2.089100 7.435300 -4.115700
v -2.007100 7.391300 -4.196300
v -2.045900 7.415800 -4.090100
v 1.921100 6.999900 -8.219900
v 2.001100 7.059600 -8.259400
v 2.070700 7.052300 -8.148100
v 2.010900 6.987600 -8.092600
v 1.920400 7.131000 -8.318400
v 1.823400 7.087000 -8.291000
v 1.992400 7.158600 -8.312600
v 2.060400 7.132500 -8.265900
v 2.099400 7.107300 -8.187200
v 2.002000 7.432800 -8.120700
v 2.069700 7.358200 -8.177200
v 2.009300 7.379600 -8.246200
v 1.913000 7.489500 -8.055400
v 1.927800 7.415600 -8.233300
v 1.808500 7.456500 -8.185800
v 2.035100 7.338700 -8.019500
v 1.970300 7.371900 -7.932400
v 2.076700 7.322300 -8.086900
v 1.755600 7.279900 -8.291600
v 1.762700 7.373400 -8.255600
v 1.890700 7.352100 -8.288900
v 1.882400 7.286900 -8.323800
v 2.007000 7.325700 -8.286800
v 1.998600 7.276500 -8.311200
v 2.101800 7.295400 -8.209500
v 2.108600 7.251500 -8.226800
v 2.094500 7.263900 -8.080300
v 2.104600 7.208600 -8.087400
v 1.887400 7.211100 -8.332500
v 1.993200 7.217100 -8.319000
v 1.774100 7.187200 -8.300300
v 2.097600 7.200900 -8.250700
v 2.115400 7.156200 -8.134700
v 2.081000 7.100700 -8.043700
v 2.028300 7.046200 -7.968000
v 2.052600 7.173300 -7.984600
v 2.001900 7.139000 -7.893000
v 1.973600 7.244400 -7.893400
v 2.036100 7.249100 -7.982100
v -2.272400 7.745900 -4.614200
v -2.204500 7.732700 -4.589900
v -2.106400 7.884700 -4.900800
v -2.175400 7.898000 -4.922300
v -2.047000 7.851100 -4.880600
v -2.147600 7.696900 -4.569700
v -1.925400 8.021500 -5.253800
v -1.982700 8.075700 -5.269900
v -2.055900 8.107500 -5.293600
v -2.259800 7.884600 -4.923700
v -2.351100 7.732500 -4.618000
v -2.151800 8.106600 -5.303300
v -2.256600 8.077400 -5.331000
v -2.352500 7.847600 -4.946100
v -2.439400 7.695500 -4.643900
v -2.359100 7.499200 -4.221700
v -2.301500 7.485200 -4.209100
v -2.266500 7.595200 -4.364300
v -2.330300 7.610800 -4.381700
v -2.214400 7.561000 -4.355800
v -2.248700 7.464900 -4.205800
v -2.398500 7.600400 -4.391200
v -2.413400 7.498600 -4.232800
v -2.481100 7.572400 -4.422500
v -2.495300 7.471900 -4.247500
v -2.174700 7.461500 -4.118200
v -2.132000 7.466000 -4.051400
v -2.203300 7.450100 -4.221800
v -2.232500 7.488400 -4.088100
v -2.203200 7.515300 -3.982600
v -2.488200 7.470900 -4.128900
v -2.560800 7.379800 -4.205200
v -2.570400 7.415000 -4.135300
v -2.601600 7.428700 -4.079500
v -2.510900 7.515100 -4.048700
v -2.635900 7.423700 -4.026200
v -2.583200 7.529000 -4.025700
v -2.167600 7.485600 -3.824000
v -2.110400 7.455700 -3.914200
v -2.221900 7.573500 -3.872200
v -2.077800 7.433700 -3.998200
v -2.549400 7.618800 -3.955700
v -2.539700 7.690400 -3.859500
v -2.450200 7.675700 -3.855700
v -2.490100 7.617100 -3.971100
v -2.305600 7.489000 -4.086000
v -2.374200 7.487300 -4.099300
v -2.383600 7.538400 -4.014400
v -2.301700 7.551500 -4.001400
v -2.413000 7.652200 -3.677500
v -2.490200 7.685000 -3.719400
v -2.353400 7.647700 -3.800300
v -2.558300 7.696600 -3.755200
v -2.394600 7.628800 -3.950000
v -2.445700 7.601700 -3.988000
v -2.441300 7.518600 -4.030700
v -2.312800 7.615900 -3.912300
v -2.429000 7.481600 -4.114200
v -2.586200 7.314200 -4.293400
v -2.572900 7.394900 -4.375700
v -2.632300 7.240700 -4.381800
v -2.628800 7.308300 -4.486600
v -2.467000 6.991300 -4.671700
v -2.541800 6.947200 -4.570000
v -2.583300 6.995000 -4.581300
v -2.523000 7.036100 -4.692300
v -2.593100 6.939800 -4.434100
v -2.610900 7.011000 -4.425600
v -2.642200 7.086100 -4.539200
v -2.614400 7.049600 -4.603700
v -2.646100 7.154600 -4.656600
v -2.584100 7.095600 -4.695500
v -2.638400 7.157200 -4.462200
v -2.662400 7.097000 -4.367600
v -2.665100 7.231100 -4.581400
v -2.462600 7.076300 -4.798900
v -2.378300 7.167600 -4.947700
v -2.293400 7.160900 -4.902800
v -2.389100 7.045000 -4.767900
v -2.554300 7.496500 -4.520500
v -2.599400 7.402900 -4.636300
v -2.520500 7.625900 -4.737400
v -2.550300 7.526500 -4.849100
v -2.620100 7.319900 -4.725700
v -2.607800 7.232600 -4.788500
v -2.562200 7.435800 -4.927500
v -2.531200 7.340600 -4.969100
v -2.541000 7.146700 -4.807400
v -2.466400 7.239500 -4.973700
v -2.433800 7.775100 -5.036600
v -2.467400 7.677300 -5.143800
v -2.338400 7.999800 -5.419600
v -2.376600 7.899500 -5.520500
v -2.146400 7.570200 -5.565600
v -2.260200 7.352500 -5.195400
v -2.356000 7.407600 -5.237400
v -2.246700 7.623900 -5.604700
v -2.419700 7.505400 -5.241000
v -2.321900 7.718700 -5.611100
v -2.458200 7.589400 -5.211800
v -2.357600 7.808800 -5.580700
v -2.244100 8.335000 -5.893100
v -2.286200 8.230900 -5.977800
v -2.152200 8.396900 -5.814200
v -2.074900 8.726100 -6.230100
v -2.176100 8.659400 -6.313900
v -2.209600 8.539200 -6.387800
v -1.970600 8.037600 -6.451700
v -2.040900 7.827800 -6.025600
v -2.150900 7.888300 -6.054400
v -2.083600 8.120700 -6.461900
v -2.237300 7.996400 -6.053700
v -2.161500 8.255500 -6.443200
v -2.270700 8.117100 -6.025600
v -2.197200 8.402000 -6.421900
v -1.598700 9.416700 -7.950400
v -1.676000 9.203300 -7.626600
v -1.588000 9.287800 -7.578300
v -1.486800 9.516700 -7.889900
v -1.708500 9.135500 -7.300900
v -1.784100 9.050000 -7.349300
v -1.609000 9.182100 -7.260800
v -1.482900 9.337700 -7.535800
v -1.346400 9.560200 -7.836000
v -1.820200 8.946400 -7.421900
v -1.735700 9.101800 -7.696000
v -1.717200 8.971600 -7.757400
v -1.807600 8.819100 -7.486500
v -1.654900 9.290900 -8.018200
v -1.632000 9.148600 -8.079300
v -1.382600 8.943200 -8.112400
v -1.484500 8.760000 -7.750900
v -1.635800 8.825500 -7.790300
v -1.538400 9.007100 -8.127200
v -1.728700 8.677600 -7.500100
v -1.601000 8.591500 -7.453400
v 0.736400 3.895700 -2.166300
v 0.792300 3.966900 -2.179700
v 0.560800 4.071700 -2.167400
v 0.496900 3.992700 -2.162900
v 0.614900 4.137200 -2.206700
v 0.842200 4.031300 -2.207900
v 0.634800 4.159800 -2.277900
v 0.623100 4.138200 -2.350000
v 0.864900 4.061700 -2.350600
v 0.871400 4.071200 -2.271100
v 0.590200 4.087700 -2.408800
v 0.821500 4.002400 -2.412600
v 0.795000 3.977100 -2.489700
v 0.558400 4.037600 -2.480200
v 1.383300 5.583800 -5.099200
v 1.381200 5.527000 -5.042300
v 1.730400 5.394900 -5.197400
v 1.747400 5.453000 -5.252100
v 1.007200 5.621000 -4.925400
v 1.364100 5.434500 -4.955700
v 0.994900 5.521500 -4.842200
v 1.704200 5.311000 -5.103200
v 1.461900 3.500500 -2.489400
v 1.420300 3.539800 -2.568800
v 1.410100 3.429200 -2.508100
v 1.358000 3.463700 -2.569300
v 1.339100 3.310000 -2.208000
v 1.292700 3.303900 -2.303900
v 1.205700 3.336100 -2.156600
v 1.181800 3.320900 -2.249300
v 1.395700 3.550100 -2.767100
v 1.457700 3.591600 -2.767800
v 1.419500 3.560700 -2.631100
v 1.363900 3.507100 -2.628900
v 2.695900 4.952100 -5.826000
v 2.652300 4.916000 -5.884900
v 2.608900 4.917700 -5.735000
v 2.499000 4.906800 -5.791400
v 2.514400 4.901500 -5.498400
v 2.456000 4.834700 -5.550700
v 2.538900 4.880900 -5.664900
v 2.603900 4.961100 -5.610900
v 2.418500 4.888500 -5.690100
v 2.343200 4.849500 -5.560300
v 2.639800 4.903400 -5.958900
v 2.496700 4.880500 -5.906600
v 2.727200 5.129300 -6.190800
v 2.598100 5.171400 -6.172900
v 2.705400 5.363100 -6.211200
v 2.805100 5.266500 -6.162000
v 1.744700 7.548900 -7.905300
v 1.826000 7.527300 -7.981900
v 1.705100 7.499800 -8.128100
v 1.592500 7.547600 -8.068400
v 1.906600 7.405700 -7.850200
v 1.833800 7.429300 -7.773600
v 1.629400 7.390400 -8.218800
v 1.507500 7.419900 -8.222000
v 1.614500 7.252100 -8.233000
v 1.426000 7.224500 -8.230400
v 1.968600 7.003200 -7.902300
v 1.927600 6.950200 -7.836600
v 1.861200 6.894900 -7.968300
v 1.937600 6.948500 -8.033500
v 1.957400 7.104200 -7.812900
v 1.905600 7.064000 -7.715800
v 1.917500 7.240200 -7.813300
v 1.855000 7.246100 -7.740400
v 2.874200 5.377500 -5.921800
v 2.800900 5.475600 -5.883400
v 2.860400 5.398400 -6.022800
v 2.778200 5.531700 -6.044700
v 2.841100 5.356300 -6.105500
v 2.780900 5.463300 -6.159300
v 0.308200 5.919800 -5.970500
v 0.678600 5.829400 -6.127700
v 0.508600 6.102000 -6.433000
v 0.147000 6.171700 -6.238900
v 0.979600 6.079700 -6.613300
v 1.137100 5.752200 -6.310400
v 0.030900 6.483100 -6.457500
v 0.371000 6.425200 -6.684000
v 0.835000 6.425700 -6.882200
v 0.020400 3.750400 -1.757900
v -0.057500 3.640300 -1.540900
v 0.121400 3.480900 -1.575600
v 0.203900 3.589800 -1.807100
v 0.038300 3.371400 -1.347400
v -0.123700 3.539200 -1.315400
v 0.225600 3.229600 -1.385000
v 0.315900 3.334500 -1.622000
v 0.423100 3.461800 -1.840700
v 0.381800 3.199800 -1.923700
v 0.303200 3.078100 -1.753700
v 0.196000 3.137600 -1.762600
v 0.272600 3.258700 -1.929400
v 0.490000 3.148000 -1.911900
v 0.409400 3.027100 -1.737100
v 0.591300 2.853200 -1.185000
v 0.662600 2.925800 -1.370800
v 0.700300 2.954000 -1.334100
v 0.640400 2.883700 -1.149400
v 0.778700 3.045800 -1.543700
v 0.750400 3.021700 -1.579100
v 0.900200 3.136600 -1.732000
v 0.922000 3.164200 -1.697900
v 0.864500 3.113800 -1.765300
v 0.973700 3.213500 -1.931800
v 1.011500 3.235500 -1.899300
v 1.030900 3.259900 -1.867000
v 1.074200 3.285400 -2.090900
v 1.105800 3.300500 -2.044800
v 1.118500 3.323600 -1.998200
v 1.120800 3.363500 -1.954400
v 1.012000 3.296100 -1.845800
v 1.073900 3.412500 -1.952600
v 0.961400 3.325400 -1.841900
v 0.902200 3.204700 -1.674200
v 0.854800 3.231100 -1.662700
v 0.625900 3.747800 -2.097500
v 0.688400 3.835100 -2.140800
v 0.449700 3.929800 -2.141300
v 0.390800 3.846500 -2.093200
v 0.241500 4.038200 -2.117400
v 0.187000 3.968000 -2.060200
v 0.104600 3.862100 -1.939900
v 0.299900 3.720000 -1.984900
v 0.533000 3.612700 -1.998100
v 2.365300 4.696700 -5.338000
v 2.268800 4.706100 -5.340300
v 2.431600 4.741400 -5.297400
v 2.272500 4.471200 -5.063700
v 2.191200 4.451100 -5.086200
v 1.153700 4.743700 -4.343100
v 1.236900 5.030400 -4.584800
v 1.051400 4.474800 -4.052100
v 1.333000 4.392300 -4.130400
v 1.445200 4.638500 -4.453900
v 1.536700 4.899600 -4.730000
v 0.959600 5.357400 -4.684400
v 1.311600 5.264400 -4.795400
v 1.635400 5.140200 -4.940100
v 2.128000 4.235600 -4.725000
v 2.082400 4.181800 -4.764000
v 1.996700 3.989400 -4.346500
v 1.953700 3.922500 -4.387100
v 1.555400 3.648300 -3.079700
v 1.490700 3.609400 -3.083700
v 1.651000 3.639000 -3.503800
v 1.713800 3.713600 -3.485300
v 1.878400 3.807500 -3.918000
v 1.805900 3.744700 -3.951300
v 1.018300 4.069600 -3.387000
v 1.167600 4.184900 -3.778800
v 0.915800 4.296200 -3.707300
v 0.789700 4.203000 -3.335400
v 0.612600 5.509500 -5.441400
v 0.585700 5.602200 -5.490900
v 0.917800 5.454700 -5.633000
v 0.943500 5.372100 -5.575900
v 1.334600 5.310800 -5.822400
v 1.334500 5.207400 -5.768600
v 1.572700 3.592000 -2.259200
v 1.566300 3.569400 -2.194900
v 1.492500 3.671200 -2.240000
v 1.476300 3.652800 -2.173300
v 1.543800 3.533000 -2.142300
v 1.453200 3.617500 -2.125400
v 1.351600 3.377100 -2.488600
v 1.281100 3.397600 -2.520600
v 1.306000 3.341100 -2.443400
v 1.222500 3.347300 -2.465600
v 1.285000 3.315500 -2.381800
v 1.199300 3.320100 -2.380600
v 0.823600 3.980200 -2.711100
v 0.911400 4.030300 -3.000100
v 0.683900 4.138800 -2.983800
v 0.598800 4.078900 -2.716200
v 0.562700 4.047800 -2.572500
v 0.792100 3.970600 -2.565700
v 0.763300 3.901900 -3.057400
v 0.575100 3.947600 -3.061900
v 0.975800 3.826800 -3.059300
v 0.903100 3.705100 -2.782500
v 0.711000 3.768700 -2.798400
v 0.541500 3.812900 -2.816000
v 0.530500 3.763800 -2.701200
v 0.686400 3.704400 -2.686200
v 0.870100 3.646800 -2.659700
v 1.839500 6.959300 -8.161100
v 1.729200 7.048900 -8.231500
v 1.752600 6.931300 -8.100300
v 1.632700 7.012500 -8.169900
v 1.652700 7.154100 -8.239800
v 1.524800 7.109400 -8.205300
v 0.267800 7.268100 -6.603300
v 0.272500 7.156100 -6.560600
v 0.570500 7.187200 -6.809900
v 0.573200 7.291200 -6.838800
v 0.573400 7.094900 -6.762900
v 0.261400 7.046000 -6.525500
v 0.947600 7.147300 -7.021200
v 0.941100 7.238500 -7.061900
v 0.946200 7.353900 -7.081500
v 0.226700 7.408400 -6.684400
v 0.543500 7.432200 -6.912500
v 0.909100 7.494000 -7.171000
v 0.932500 5.911800 -5.220600
v 1.323600 5.816300 -5.329200
v 1.285000 5.835100 -5.390000
v 0.883900 5.918600 -5.289200
v 1.704900 5.718900 -5.554700
v 1.742700 5.695600 -5.489000
v 1.626800 5.778900 -5.689100
v 1.211700 5.893500 -5.513700
v 0.804800 5.959500 -5.414400
v 1.264200 6.153000 -6.311600
v 0.850600 6.212300 -6.098400
v 1.049400 6.022600 -5.773100
v 1.476600 5.962900 -5.951400
v 0.649300 6.071600 -5.658300
v 0.477600 6.265300 -5.943700
v 2.615500 5.032400 -5.538300
v 2.528900 4.962800 -5.436000
v 2.560900 5.102200 -5.484800
v 2.478900 5.026200 -5.385100
v 2.453100 4.806000 -5.243100
v 2.400200 4.868500 -5.206200
v 1.061100 5.026600 -5.018300
v 1.430000 4.919900 -5.136400
v 0.736300 5.121500 -4.896700
v 0.762400 5.319800 -5.058000
v 1.089800 5.204800 -5.216800
v 1.475200 5.098600 -5.340500
v 0.748400 5.433800 -5.232600
v 1.091500 5.351000 -5.365900
v 1.104900 5.306700 -5.304800
v 0.763300 5.405500 -5.163500
v 1.484400 5.218100 -5.500700
v 1.492500 5.182400 -5.441000
v 2.402000 5.744700 -6.657800
v 2.631700 5.611400 -6.362000
v 2.554900 5.543700 -6.370300
v 2.362600 5.698200 -6.690500
v 2.208800 5.884300 -7.169600
v 2.228000 5.994200 -7.057200
v 2.174400 6.033900 -6.971300
v 2.369200 5.785800 -6.597300
v 2.576300 5.674200 -6.288200
v 2.692800 5.601400 -6.138100
v 2.741300 5.536100 -6.223100
v 2.676700 5.448200 -6.264000
v 1.384500 5.809600 -5.256300
v 1.793900 5.688400 -5.408900
v 0.992100 5.891600 -5.147100
v 1.424400 5.758000 -5.183300
v 1.821200 5.638600 -5.330300
v 1.404900 5.662800 -5.147800
v 1.794200 5.546700 -5.280600
v 0.681400 5.449200 -5.355100
v 0.646300 5.465000 -5.397100
v 0.970100 5.334500 -5.533000
v 1.004700 5.333800 -5.491100
v 1.354400 5.164000 -5.703800
v 1.392400 5.177800 -5.641200
v 1.445200 5.220500 -5.576800
v 1.053000 5.359400 -5.437200
v 0.718200 5.445100 -5.299500
v 2.034400 6.439100 -7.298200
v 1.977200 6.296800 -7.460900
v 2.064600 6.373700 -7.403200
v 1.843100 6.654300 -7.703900
v 1.941500 6.723500 -7.651100
v 1.894900 6.791000 -7.544100
v 1.845500 6.807700 -7.863500
v 1.918200 6.882600 -7.774000
v 1.896000 6.968700 -7.655500
v 0.678900 6.480400 -6.404700
v 0.343800 6.525600 -6.189800
v 1.060800 6.432600 -6.672200
v 0.582400 6.775000 -6.610700
v 0.984500 6.815100 -6.855900
v 0.269300 6.780600 -6.363200
v 0.976100 7.051100 -6.930800
v 0.570600 6.979900 -6.700500
v 0.256200 6.941000 -6.461000
v 1.402900 7.451400 -8.254300
v 1.164300 7.553100 -8.311800
v 1.162500 7.595800 -8.133900
v 1.437700 7.573800 -8.123700
v 1.297500 7.292300 -8.270400
v 1.077200 7.416000 -8.395800
v 0.155800 7.331300 -7.616300
v 0.306100 7.204600 -7.573300
v -0.086000 7.221900 -7.256700
v -0.215900 7.350000 -7.300100
v -0.422600 7.241000 -6.979800
v -0.545800 7.352500 -7.031900
v -1.423100 9.072700 -7.182300
v -1.400900 8.929600 -7.155600
v -1.290100 9.089700 -7.462300
v -1.301100 9.232800 -7.466000
v -1.268500 8.960400 -7.442300
v -1.388800 8.795000 -7.127100
v -1.067100 9.167600 -7.768300
v -1.102600 9.290500 -7.773200
v -1.127400 9.435700 -7.762200
v -1.218400 9.540100 -7.782800
v -1.376800 9.326800 -7.489100
v -1.501400 9.171400 -7.211400
v 1.172000 3.721300 -2.131600
v 1.221000 3.764600 -2.157900
v 1.021600 3.856900 -2.182500
v 0.970200 3.800000 -2.164200
v 1.064000 3.910000 -2.205800
v 1.255700 3.804700 -2.190300
v 1.064200 3.950800 -2.415100
v 1.254000 3.860500 -2.401600
v 1.222600 3.865700 -2.482300
v 1.031000 3.932900 -2.489500
v 1.104900 3.978500 -2.333500
v 1.283600 3.849000 -2.315900
v 1.816500 4.224200 -4.287000
v 1.972500 4.462000 -4.632800
v 1.730300 4.527000 -4.567700
v 1.600400 4.295600 -4.220300
v 1.835500 4.770500 -4.865000
v 2.110800 4.722400 -4.906700
v 2.403600 5.240500 -5.489800
v 2.492700 5.362200 -5.521900
v 2.180100 5.440300 -5.418300
v 2.115600 5.336500 -5.380400
v 2.224000 5.549400 -5.484200
v 2.545700 5.483800 -5.615700
v 1.245100 3.587300 -2.758200
v 1.334000 3.550900 -2.762300
v 1.294400 3.494100 -2.629000
v 1.195400 3.519500 -2.632000
v 1.269600 3.459500 -2.581600
v 1.170000 3.481400 -2.588500
v 2.207900 5.011100 -5.904400
v 2.377600 4.914700 -5.969800
v 2.388900 4.917300 -5.870900
v 2.224800 5.012900 -5.815600
v 2.378600 4.921700 -5.768300
v 2.219100 4.994400 -5.717700
v 1.956900 4.475500 -5.075000
v 2.108800 4.454300 -5.089800
v 1.992300 4.178600 -4.778100
v 1.838700 4.210900 -4.761400
v 1.854100 3.927900 -4.401300
v 1.710500 3.986500 -4.376900
v 1.520900 7.544000 -7.701800
v 1.665100 7.556700 -7.828700
v 1.531200 7.578900 -7.963000
v 1.395500 7.554300 -7.843000
v 1.756000 7.441700 -7.701800
v 1.603100 7.432800 -7.582300
v 2.722000 5.532900 -5.835600
v 2.683200 5.579100 -5.980600
v 2.533900 5.649900 -5.868700
v 2.701100 5.434900 -5.696800
v 2.554600 5.572800 -5.747900
v 1.954500 6.031200 -6.822900
v 1.798900 6.447500 -7.126900
v 1.487700 6.465000 -6.896500
v 1.629600 6.042200 -6.609700
v 1.412000 6.874000 -7.078600
v 1.682500 6.828900 -7.355800
v 0.551900 3.138900 -1.455100
v 0.661700 3.268100 -1.655500
v 0.501600 3.272300 -1.651600
v 0.399600 3.160800 -1.426100
v 0.625300 3.417100 -1.840000
v 0.786300 3.403500 -1.830000
v 1.224500 3.603800 -2.077300
v 1.119100 3.545900 -2.035000
v 1.306200 3.643500 -2.113800
v 1.099800 3.677400 -2.101700
v 1.007800 3.613700 -2.055300
v 1.352200 3.683200 -2.144200
v 1.379100 3.717900 -2.181600
v 0.911800 3.748200 -2.134300
v 0.837100 3.674200 -2.082300
v 1.401300 3.739600 -2.239200
v 1.400400 3.751300 -2.314000
v 1.280200 3.831000 -2.245200
v 1.366100 3.765400 -2.400900
v 1.334000 3.781700 -2.487200
v 1.097900 3.955900 -2.256100
v 1.333700 3.792500 -2.559900
v 1.383100 3.824200 -2.706500
v 1.278000 3.915400 -2.683300
v 1.224100 3.874500 -2.544700
v 1.029100 3.932000 -2.551800
v 1.076800 3.976700 -2.688500
v 1.734400 4.001600 -3.910700
v 1.582000 3.904200 -3.456700
v 1.927400 4.200200 -4.313900
v 1.638400 4.035800 -3.882700
v 1.475700 3.928800 -3.442800
v 2.098600 4.438700 -4.657800
v 2.241200 4.686800 -4.943000
v 1.433600 4.109300 -3.831500
v 1.273500 3.992500 -3.415900
v 2.487000 5.137700 -5.459200
v 2.410600 5.056000 -5.360900
v 2.550000 5.192400 -5.542600
v 2.346800 5.183300 -5.414500
v 2.279400 5.097800 -5.319400
v 2.642100 5.309900 -5.594800
v 2.078800 5.280500 -5.315700
v 2.024700 5.188500 -5.232000
v 0.815900 3.212300 -1.995500
v 0.692100 3.242200 -2.027400
v 0.784800 3.347100 -2.186900
v 0.915000 3.307000 -2.158600
v 0.864800 3.399900 -2.341200
v 0.999800 3.349500 -2.314300
v 0.905000 3.386300 -2.461700
v 1.042900 3.329000 -2.435800
v 0.943100 3.414900 -2.533200
v 1.082600 3.361500 -2.510700
v 1.131500 3.314300 -2.403100
v 1.093500 3.328600 -2.280000
v 1.162800 3.348800 -2.486000
v 0.909500 3.201000 -1.965300
v 1.010100 3.290500 -2.127300
v 0.984600 3.470600 -2.579600
v 1.129000 3.420400 -2.557900
v 1.022000 3.535700 -2.601700
v 1.046400 3.575500 -2.643600
v 1.091500 3.641800 -2.766500
v 1.217500 3.409000 -2.535800
v 2.118000 4.898500 -5.521900
v 1.831500 4.978800 -5.454700
v 1.865000 5.042800 -5.564800
v 2.178800 4.970600 -5.634500
v 1.883100 5.073300 -5.625700
v 1.874000 5.114300 -5.711900
v 1.836200 5.085600 -5.790000
v 2.266600 4.874900 -5.543000
v 2.329600 4.916600 -5.679800
v 1.439700 3.703300 -3.505600
v 1.258400 3.797700 -3.483900
v 1.350000 3.883900 -3.925900
v 1.563800 3.800100 -3.957200
v 1.475100 4.072200 -4.326800
v 1.587200 4.303400 -4.685900
v 1.693200 4.566900 -4.986100
v 1.558200 3.651200 -3.511800
v 1.702700 3.746200 -3.967800
v 2.200300 5.063800 -6.038600
v 1.806900 5.124000 -5.916800
v 1.842600 5.239400 -5.977400
v 2.265000 5.189400 -6.128600
v 1.854800 5.317200 -6.093700
v 2.327400 5.311800 -6.212500
v 1.852300 5.341500 -6.140500
v 1.787000 5.427600 -6.252300
v 2.250700 5.458800 -6.360700
v 2.331600 5.364600 -6.253200
v 2.572500 5.415100 -6.264700
v 2.568600 5.338600 -6.215400
v 2.477300 5.526900 -6.373400
v 2.385500 5.016700 -6.130500
v 2.486600 5.185400 -6.156100
v 1.547600 6.618000 -7.602900
v 1.202200 6.694600 -7.338300
v 1.173800 6.828300 -7.485600
v 1.526600 6.760900 -7.764900
v 1.150600 6.872600 -7.592000
v 1.527500 6.835300 -7.850000
v 1.055400 6.853100 -7.710500
v 0.935400 6.887800 -7.814600
v 1.327300 6.932500 -8.034700
v 1.447200 6.879300 -7.945000
v 1.651200 6.908000 -8.049800
v 1.732300 6.865700 -7.944800
v 1.530200 6.978000 -8.126300
v 1.749500 6.630200 -7.689000
v 1.734900 6.776200 -7.862900
v 0.840400 6.991800 -7.871900
v 0.750400 7.083100 -7.913200
v 1.108600 7.116700 -8.130200
v 1.214600 7.025200 -8.092000
v 0.678600 7.165300 -7.920200
v 0.521200 7.331700 -7.930300
v 0.825200 7.366700 -8.161000
v 1.015900 7.195200 -8.148200
v 1.195900 7.223900 -8.254600
v 1.299600 7.157500 -8.215400
v 0.974100 7.371000 -8.281000
v 1.413200 7.072800 -8.173000
v -1.387300 9.218200 -8.444200
v -1.254900 9.151200 -8.451700
v -1.485800 9.334500 -8.404700
v -1.332800 9.486700 -8.659000
v -1.266600 9.380600 -8.708500
v -1.155700 9.311400 -8.729100
v -1.507000 9.468200 -8.347400
v -1.333400 9.593600 -8.601200
v -1.457000 9.595400 -8.282500
v -1.286800 9.691800 -8.545900
v -1.329900 9.676100 -8.221500
v -1.178200 9.758800 -8.494100
v -1.189300 9.701300 -8.170300
v -1.059000 9.786700 -8.446000
v -1.076300 9.670300 -8.122900
v -0.991400 9.584300 -8.096900
v -0.895300 9.685300 -8.374100
v -0.963000 9.765700 -8.395000
v -0.944000 9.462400 -8.106300
v -0.938500 9.344700 -8.134300
v -0.850900 9.478800 -8.435500
v -0.859600 9.580200 -8.395400
v 1.018500 7.585100 -7.985600
v 0.805200 7.634300 -7.747700
v 1.022300 7.554900 -7.688200
v 1.267700 7.558200 -7.911900
v 1.139500 7.527600 -7.614500
v 1.243100 7.495800 -7.476900
v 1.306200 7.393600 -7.361000
v 1.128800 7.587700 -8.083100
v 1.397400 7.586200 -8.023400
v 1.305100 7.270700 -7.342000
v 1.307900 7.165800 -7.311700
v 1.622700 7.168500 -7.523300
v 1.613400 7.290100 -7.556600
v 1.344200 7.059400 -7.223700
v 1.641300 7.046500 -7.463500
v 1.816600 6.803600 -7.489000
v 1.801200 7.014500 -7.586900
v 1.795800 7.130900 -7.634900
v 1.776300 7.272700 -7.671200
v 2.351300 5.725700 -6.127000
v 2.030900 5.730200 -5.921900
v 2.138300 5.716900 -5.761800
v 2.473500 5.698500 -5.962600
v 2.190700 5.694300 -5.678500
v 2.224300 5.639000 -5.578500
v 2.504400 5.699500 -6.232300
v 2.619800 5.631000 -6.076900
v 2.313500 5.797600 -6.549100
v 2.118300 6.040200 -6.920600
v 2.159200 5.799900 -6.447800
v 1.965700 6.453900 -7.231100
v 1.844500 5.819400 -6.233500
v 1.865600 6.292100 -7.425800
v 2.048700 5.875700 -7.125000
v 1.814100 5.874500 -7.054500
v 1.650700 6.283300 -7.357300
v 2.282600 5.677700 -6.696100
v 2.051100 5.619000 -6.669600
v 1.628200 5.660800 -6.518800
v 1.429400 5.962800 -6.861900
v 1.281700 6.352900 -7.141600
v 0.599600 3.050200 -1.256900
v 0.549300 2.997500 -1.076100
v 0.678000 3.154400 -1.448700
v 0.481600 3.053400 -1.243800
v 0.442300 3.006300 -1.053700
v 0.781000 3.260600 -1.651200
v 0.893600 3.364000 -1.835300
v 0.168500 3.153300 -1.159700
v 0.336000 3.080600 -1.204800
v 0.302600 3.037000 -1.009400
v 0.136700 3.106400 -0.964800
v 0.809400 3.096300 -1.802400
v 0.727600 3.092700 -1.841900
v 0.704900 2.995500 -1.620600
v 0.632100 2.977200 -1.666900
v 0.613500 3.107100 -1.884000
v 0.525200 2.986900 -1.709500
v 0.741300 3.564200 -1.975600
v 0.903200 3.522700 -1.960400
v 1.007100 3.462600 -1.959800
v 2.339200 4.901000 -5.180100
v 2.214100 4.948300 -5.131300
v 1.945500 5.014800 -5.072400
v 1.780300 4.815100 -5.241200
v 2.048900 4.723100 -5.328000
v 2.196900 4.708700 -5.338900
v 1.177300 3.738000 -3.064800
v 1.343200 3.671000 -3.068100
v 1.432900 3.628100 -3.076600
v 1.466000 3.858500 -3.029600
v 1.360000 3.916500 -3.010200
v 1.155200 3.965200 -3.004700
v 2.366300 4.941800 -6.049500
v 2.194800 5.022900 -5.962600
v 1.812400 5.084400 -5.849800
v -2.734300 6.911700 -4.354200
v -2.759400 6.975900 -4.338400
v -2.861400 6.908600 -4.283300
v -2.853200 6.959300 -4.304900
v -2.798700 6.992500 -3.979400
v -2.924400 6.930800 -4.011800
v -2.834600 7.080200 -4.012500
v -2.970300 7.019900 -4.054100
v -2.994900 6.905900 -4.179600
v -2.949800 6.825300 -4.136100
v -2.965100 6.871200 -4.075100
v -3.019800 6.957200 -4.118200
v -2.843900 7.142400 -4.079800
v -2.977000 7.097000 -4.111400
v -2.847900 7.185300 -4.149300
v -2.943300 7.146400 -4.155400
v -3.030100 7.040500 -4.172200
v -2.972100 7.119200 -4.219100
v -2.956900 7.063700 -4.277100
v -3.005100 6.983200 -4.227600
v -2.837800 7.149800 -4.315800
v -2.848800 7.192700 -4.238200
v -2.916700 7.001900 -4.293900
v -2.802500 7.059100 -4.339400
v -2.948200 6.936200 -4.252000
v -2.934400 6.864700 -4.223800
v -2.902600 6.789400 -4.194000
v -2.091700 7.453700 -4.400800
v -2.003100 7.532200 -4.616600
v -2.056400 7.605000 -4.624400
v -2.143400 7.489400 -4.386600
v -2.179500 7.524700 -4.368000
v -2.105700 7.651600 -4.573700
v -1.900000 7.958400 -5.270200
v -2.007300 7.799000 -4.889400
v -1.963400 7.761900 -4.936000
v -1.875000 7.896900 -5.303500
v -1.754200 7.511000 -4.929800
v -1.801700 7.566500 -4.954000
v -1.563600 7.563100 -5.309900
v -1.635900 7.638500 -5.343300
v -1.859600 7.625100 -4.944900
v -1.710600 7.704000 -5.342000
v -1.776600 7.769200 -5.332600
v -1.901200 7.688500 -4.955600
v -1.826100 7.839800 -5.343900
v -1.902100 7.758000 -5.040500
v -0.210400 7.979400 -7.633500
v -0.424200 7.945300 -7.361500
v -0.104100 7.725900 -7.313400
v 0.148900 7.739700 -7.576100
v -0.356600 7.666600 -7.103000
v -0.646300 7.877100 -7.147600
v -0.975400 8.984400 -7.747300
v -1.035100 9.096000 -7.757100
v -1.239800 8.878200 -7.424600
v -1.176300 8.775400 -7.418300
v -1.373600 8.711500 -7.111600
v -1.326200 8.612900 -7.122300
v -0.654900 8.147200 -7.400900
v -0.850700 8.065700 -7.175300
v -0.459700 8.217300 -7.678400
v -0.645600 8.474800 -7.706800
v -0.835200 8.360700 -7.417000
v -1.018100 8.248400 -7.180800
v -1.025800 8.586100 -7.419900
v -0.827400 8.756300 -7.727000
v -1.194300 8.443400 -7.156100
v 0.397100 7.788800 -7.844800
v 0.567300 7.778400 -8.093100
v 0.099400 8.037900 -8.211600
v -0.038600 8.000100 -7.950300
v -0.761900 9.272300 -8.460000
v -0.824000 9.411800 -8.454000
v -0.911100 9.275700 -8.137500
v -0.848600 9.151200 -8.129900
v -0.348000 8.649200 -8.357100
v -0.584200 8.982300 -8.425900
v -0.696500 8.880000 -8.104200
v -0.490300 8.563400 -8.057100
v -0.299300 8.274400 -8.009600
v -0.157400 8.343300 -8.287700
v 0.159700 8.048900 -8.343200
v 0.643000 7.762800 -8.205600
v 0.652300 7.761300 -8.226100
v 0.164100 8.059600 -8.382200
v -0.076700 8.386200 -8.449700
v -0.244400 8.713800 -8.537800
v -0.041700 8.407800 -8.554900
v -0.201700 8.740200 -8.671200
v 0.644700 7.753400 -8.344900
v 0.167000 8.065000 -8.513300
v 0.561500 7.676700 -8.369200
v 0.066600 8.001600 -8.527200
v -0.088700 8.373500 -8.669400
v -0.252300 8.712000 -8.802900
v -0.201700 8.321200 -8.678500
v -0.379900 8.654600 -8.810700
v 0.505700 7.674700 -8.322800
v -0.005000 7.960400 -8.502100
v 0.390800 7.660800 -8.236000
v -0.123300 7.898800 -8.412800
v -0.569100 8.538100 -8.585400
v -0.467800 8.606200 -8.731900
v -0.290800 8.266500 -8.641300
v -0.406400 8.202200 -8.519800
v -1.302200 8.897100 -8.111100
v -1.169400 9.107800 -8.459500
v -1.056000 9.018300 -8.432400
v -1.211000 8.813300 -8.090400
v -1.059000 9.279500 -8.734800
v -0.934600 9.176400 -8.712300
v 0.128300 7.581100 -8.040100
v -0.332200 7.818900 -8.212200
v -0.174500 7.554700 -7.742300
v -0.536700 7.813000 -7.887900
v -0.594300 8.115500 -8.302900
v -0.752400 8.083700 -7.960300
v -0.884700 8.361300 -7.987000
v -0.739100 8.435800 -8.342300
v -0.891500 8.772600 -8.380700
v -1.056200 8.618200 -8.040900
v -0.735500 8.913900 -8.634800
v -1.413600 8.705100 -7.741400
v -1.532300 8.522900 -7.435600
v -1.346400 8.618200 -7.730300
v -1.469000 8.434200 -7.422700
v -0.487300 7.548600 -7.429100
v -0.779000 7.778000 -7.567700
v -0.781400 7.501700 -7.168300
v -1.002900 7.722500 -7.283300
v -0.959000 8.008100 -7.630900
v -1.146900 7.922300 -7.337700
v -1.258900 8.102000 -7.368200
v -1.093400 8.223900 -7.665900
v -1.229700 8.443400 -7.700900
v -1.372100 8.283100 -7.398300
v -1.221000 7.630900 -6.879300
v -1.134700 7.676500 -7.053500
v -0.947300 7.495100 -6.944400
v -1.059500 7.465800 -6.781600
v -0.756800 7.355000 -6.830400
v -0.892600 7.342300 -6.681600
v -1.257300 7.850100 -7.114700
v -1.330500 7.787600 -6.948400
v -1.415200 7.934700 -6.993100
v -1.351100 8.010600 -7.150200
v -1.967000 7.785300 -6.006600
v -2.078400 7.527400 -5.553700
v -1.885400 7.993000 -6.423500
v -1.816100 7.922300 -6.409300
v -1.905100 7.725800 -6.008800
v -2.005200 7.496600 -5.567500
v -1.906200 7.464300 -5.618700
v -1.947000 7.310600 -5.357200
v -2.093600 7.306500 -5.216600
v -1.788800 7.364300 -5.611600
v -1.809200 7.462200 -5.737800
v -1.733000 7.282000 -5.540100
v -1.944200 7.204700 -5.203800
v -1.915600 7.132800 -5.143100
v -1.667000 7.212600 -5.491100
v -2.187100 7.321600 -5.175000
v -0.419300 3.364200 -0.410800
v -0.504200 3.493700 -0.425200
v -0.270600 3.253100 -0.465200
v -0.409900 3.371000 -0.476100
v -0.272300 3.240600 -0.404100
v -0.496000 3.491200 -0.486400
v -1.165900 3.815600 -0.517100
v -1.024400 3.761200 -0.512400
v -1.022500 3.797800 -0.568700
v -1.157900 3.851900 -0.569200
v -1.302400 3.844400 -0.521200
v -1.323200 3.897700 -0.591400
v -1.429100 3.892800 -0.574900
v -1.534400 3.889500 -0.656600
v -1.480400 3.915000 -0.703400
v -1.614600 3.908900 -0.806100
v -1.650700 3.876100 -0.746600
v -1.724900 3.913000 -0.887100
v -1.744400 3.864400 -0.817000
v -1.806300 3.883600 -0.867300
v -1.799100 3.916600 -0.926300
v -1.728900 4.177300 -1.647300
v -1.699200 4.150000 -1.719400
v -1.704700 3.970900 -1.517400
v -1.710100 4.047900 -1.475300
v -1.644600 4.124900 -1.780000
v -1.627300 3.961900 -1.593500
v -1.914000 3.735100 -1.109200
v -1.714300 3.973300 -1.354400
v -1.748500 4.011900 -1.317100
v -1.704400 3.909600 -1.380100
v -1.711500 3.869800 -1.293300
v -1.729300 3.927500 -1.264000
v -1.767200 3.965700 -1.235400
v 0.326300 3.573000 -2.549200
v 0.229100 3.577900 -2.549300
v 0.255000 3.601100 -2.652400
v 0.354000 3.612200 -2.631800
v 0.307900 3.590700 -2.417100
v 0.213500 3.616000 -2.415500
v 0.386900 3.691400 -2.660800
v 0.296900 3.698400 -2.691500
v 0.330100 3.801200 -2.678000
v 0.415400 3.775900 -2.655700
v -0.438000 4.515000 -2.176500
v -0.603900 4.605200 -2.178900
v -0.616100 4.560300 -2.122700
v -0.455800 4.476000 -2.122400
v 0.455100 5.509800 -5.257100
v 0.492400 5.496800 -5.184000
v 0.316600 5.502300 -5.096600
v 0.269900 5.507700 -5.196200
v 0.520500 5.488800 -5.103900
v 0.345600 5.498700 -5.004300
v 0.522100 5.449600 -5.034100
v 0.328800 5.444300 -4.951700
v 0.508000 5.351400 -4.951900
v 0.311400 5.356700 -4.882100
v -0.595500 6.074500 -4.266500
v -0.256700 5.944500 -4.409200
v -0.251700 6.012000 -4.460900
v -0.593200 6.143400 -4.317800
v -0.594000 5.997300 -4.205000
v -0.261400 5.869500 -4.345700
v -0.588500 4.686400 -2.439800
v -0.591600 4.688400 -2.503000
v -0.569400 4.715000 -2.383100
v -0.386200 4.620800 -2.410000
v -0.404900 4.594300 -2.466200
v -0.409800 4.603900 -2.528500
v -0.711300 7.228600 -6.584200
v -0.782200 7.278200 -6.619100
v -0.638600 7.269000 -6.771000
v -0.562300 7.212200 -6.736300
v -1.859900 8.946300 -7.153800
v -1.792400 9.032800 -7.113100
v -1.879900 8.986000 -6.970500
v -1.951200 8.887000 -7.012600
v -1.770400 9.039200 -6.918600
v -1.698200 9.088500 -7.070000
v -1.639900 9.029500 -6.848900
v -1.581700 9.081100 -7.009700
v -1.502200 8.968400 -6.974900
v -1.543000 8.912800 -6.798500
v -1.472300 8.824300 -6.938600
v -1.454800 8.689200 -6.909700
v -1.497000 8.760600 -6.758000
v -1.494900 8.616600 -6.742600
v -1.491100 8.535900 -6.753300
v -1.442700 8.608500 -6.905500
v -1.398300 8.519900 -6.920400
v -1.447900 8.454000 -6.770500
v -0.034100 7.022600 -6.157600
v -0.023900 6.942700 -6.122400
v 0.083600 6.936000 -6.266700
v 0.081900 7.026600 -6.317300
v 0.094700 6.811000 -6.186100
v -0.019700 6.838000 -6.065000
v 0.385000 6.109500 -5.081000
v 0.619300 6.006800 -5.143500
v 0.571000 6.027700 -5.224400
v 0.337400 6.136200 -5.169900
v 0.497400 6.072000 -5.347600
v 0.274700 6.188100 -5.287800
v 0.683600 6.005100 -5.047200
v 0.459800 6.138700 -4.961000
v -1.506400 7.969600 -6.052500
v -1.635700 7.872900 -5.718700
v -1.546100 7.797700 -5.725900
v -1.401000 7.875600 -6.051400
v -1.446600 7.712300 -5.720000
v -1.274900 7.769400 -6.038300
v -1.324600 7.604200 -5.684300
v -1.098500 7.638600 -5.998600
v 0.090600 6.460700 -5.718100
v 0.247200 6.371100 -5.816100
v 0.148700 6.598200 -6.031900
v 0.013800 6.651400 -5.925500
v 0.374200 6.186100 -5.567300
v 0.183900 6.299700 -5.488500
v -0.764900 4.199400 -1.546200
v -0.617300 4.122700 -1.543300
v -0.805500 4.087500 -1.344500
v -0.667400 4.010900 -1.342400
v 0.282400 3.565100 -2.238800
v 0.180400 3.612400 -2.239200
v 0.220600 3.456100 -2.075600
v 0.105300 3.516900 -2.079600
v -0.124400 3.490700 -1.922800
v -0.054500 3.446200 -1.929500
v -0.113500 3.327100 -1.750800
v -0.180700 3.373300 -1.738100
v -0.057000 3.602200 -2.077000
v 0.016900 3.562000 -2.079900
v 0.032600 3.396700 -1.931800
v -0.030900 3.275100 -1.759600
v 0.040100 3.676500 -2.374100
v 0.123600 3.640600 -2.398600
v 0.096300 3.651200 -2.229300
v 0.018600 3.687300 -2.215200
v -0.129200 3.646100 -2.072300
v -0.061900 3.724200 -2.204500
v -0.037600 3.722800 -2.351400
v 0.150200 3.331300 -1.930000
v 0.079000 3.208300 -1.763400
v -0.191100 3.538400 -1.913100
v -0.245600 3.421300 -1.723900
v -0.290100 3.317400 -1.512000
v -0.225400 3.270500 -1.523600
v -0.257400 3.188600 -1.326700
v -0.320500 3.235200 -1.318700
v -0.222100 2.929100 -0.905800
v -0.148400 2.884900 -0.903400
v -0.180100 2.851100 -0.814100
v -0.254900 2.900000 -0.815800
v -0.098700 2.806000 -0.814400
v -0.069500 2.842800 -0.899500
v -0.333200 3.765200 -1.305000
v -0.239500 3.670400 -1.302200
v -0.181600 3.766200 -1.524800
v -0.271900 3.865800 -1.519200
v -0.107000 3.875700 -1.734600
v -0.201500 3.974200 -1.725800
v -0.491100 3.893100 -1.321300
v -0.414800 3.835700 -1.311600
v -0.347300 3.948700 -1.514400
v -0.421300 4.018700 -1.514300
v -0.284600 4.053800 -1.721300
v -0.368100 4.116400 -1.724900
v -0.458700 4.168300 -1.736200
v -0.507500 4.069400 -1.528500
v -0.570300 3.946900 -1.334400
v -0.226600 4.146400 -1.910200
v -0.317400 4.206700 -1.913200
v -0.133100 4.073500 -1.911400
v -0.067200 4.163300 -2.044800
v -0.170700 4.229400 -2.049900
v -0.266500 4.292400 -2.049200
v -0.366600 4.348900 -2.053700
v -0.411900 4.261500 -1.920300
v 0.097100 4.143100 -2.101400
v -0.019900 4.225200 -2.112900
v 0.044200 4.076000 -2.044800
v -0.129500 4.284900 -2.128300
v -0.089200 4.359800 -2.134400
v -0.201600 4.397200 -2.171500
v -0.231300 4.346900 -2.126600
v -0.029100 3.981500 -1.916200
v 0.499400 5.162700 -4.813100
v 0.319300 5.180400 -4.758900
v 0.497400 4.926900 -4.615500
v 0.337500 4.952300 -4.581400
v -0.332000 4.412200 -2.119800
v -0.309900 4.451500 -2.172600
v 0.493300 4.678500 -4.376300
v 0.485700 4.446400 -4.088900
v 0.361000 4.487700 -4.061900
v 0.351400 4.711800 -4.348300
v 0.226600 4.753800 -4.311800
v 0.199700 4.992600 -4.539300
v 0.250400 4.534100 -4.029200
v 0.145200 4.578100 -3.997100
v 0.113700 4.801900 -4.269600
v 0.079600 5.046800 -4.487100
v -0.591200 5.858300 -4.091300
v -0.277000 5.736400 -4.220200
v -0.576000 5.683300 -3.926100
v -0.301700 5.553800 -4.055500
v -0.006300 4.840200 -4.235500
v 0.033000 4.611600 -3.971700
v -0.048900 5.089400 -4.446800
v -0.553900 5.482500 -3.730100
v -0.311300 5.353100 -3.847100
v -0.542100 5.282600 -3.519900
v -0.324700 5.155600 -3.620600
v -0.156800 5.269700 -3.922900
v -0.134400 5.474700 -4.139200
v -0.177800 5.073000 -3.682600
v -0.063800 5.015700 -3.723100
v -0.043100 5.212600 -3.975100
v -0.018400 5.422700 -4.198200
v 0.072000 5.155600 -4.027000
v 0.052000 4.960900 -3.761800
v 0.100800 5.373300 -4.254000
v 0.469300 4.252400 -3.756400
v 0.362300 4.304200 -3.731200
v 0.455300 4.098900 -3.404700
v 0.360000 4.151400 -3.387700
v 0.262300 4.359700 -3.703000
v 0.156500 4.398500 -3.683000
v 0.259800 4.199700 -3.375200
v 0.150700 4.231500 -3.371100
v 0.043300 4.269800 -3.361600
v 0.047600 4.432500 -3.664900
v -0.536400 5.132800 -3.293600
v -0.563700 4.979300 -3.082200
v -0.372900 4.861000 -3.149500
v -0.341900 5.002500 -3.382900
v -0.128000 4.726600 -3.218200
v -0.091500 4.864100 -3.465600
v -0.202600 4.920900 -3.433800
v -0.233400 4.787500 -3.188100
v 0.415300 5.539500 -5.319300
v 0.379000 5.603500 -5.375000
v 0.221900 5.552800 -5.291600
v 0.185900 5.643000 -5.367000
v 0.021600 4.810700 -3.495600
v -0.020600 4.671700 -3.244200
v 0.353200 5.711200 -5.423300
v 0.312900 5.786400 -5.503900
v 0.164200 5.761300 -5.419800
v 0.137400 5.855300 -5.479200
v -0.148600 5.742300 -5.290000
v -0.131100 5.860300 -5.316200
v -0.003400 5.800800 -5.395900
v -0.005500 5.666200 -5.364700
v 0.002100 5.910300 -5.415000
v -0.122800 5.946500 -5.344200
v -0.557100 4.726500 -2.317500
v -0.555700 4.714900 -2.251300
v -0.383500 4.624900 -2.263900
v -0.377300 4.637000 -2.337900
v -0.268700 5.819600 -5.198800
v -0.246300 5.918400 -5.225200
v -0.246200 5.984400 -5.270300
v -0.061200 3.665200 -2.502500
v 0.029400 3.616200 -2.518600
v -0.168800 3.735100 -2.506500
v -0.075300 3.647000 -2.666300
v -0.184600 3.733000 -2.658200
v 0.031700 3.600000 -2.672500
v -0.571900 4.671600 -2.199800
v -0.408400 4.574400 -2.213400
v 0.146700 3.590800 -2.667300
v 0.127700 3.587700 -2.536900
v -0.316300 3.948800 -2.712500
v -0.334100 3.863400 -2.654000
v -0.153600 3.829300 -2.777700
v -0.031100 3.744200 -2.815900
v 0.030200 3.893900 -2.813200
v 0.089000 3.703500 -2.802300
v 0.141100 3.853000 -2.787000
v -0.328700 3.829200 -2.548400
v 0.160000 3.996100 -2.856300
v 0.151900 4.087200 -3.080200
v 0.255900 4.047900 -3.071700
v 0.260200 3.955500 -2.833700
v 0.356200 4.011900 -3.064100
v 0.354300 3.912200 -2.816700
v 0.239400 3.826600 -2.727600
v 0.201100 3.697500 -2.746900
v 0.046600 4.128700 -3.084300
v 0.056400 4.037300 -2.873400
v 0.430300 3.816200 -2.700300
v 0.436100 3.865000 -2.815400
v 0.347200 3.850600 -2.714000
v 0.254600 3.887100 -2.745400
v 0.154600 3.918800 -2.788400
v 0.447000 3.971200 -3.067200
v 0.047200 3.956700 -2.817600
v -0.597500 4.694800 -2.567800
v -0.412300 4.612100 -2.593200
v -0.415900 4.635700 -2.710500
v -0.601100 4.731400 -2.676500
v -0.588600 4.834700 -2.863200
v -0.407500 4.718700 -2.916900
v -0.871700 6.995600 -6.387100
v -0.913600 7.096100 -6.394400
v -0.809900 7.126900 -6.490800
v -0.765500 7.035400 -6.484500
v -0.840100 7.201700 -6.484000
v -0.935100 7.175700 -6.385200
v -0.673300 7.155300 -6.580000
v -0.631600 7.070400 -6.570000
v -0.666000 6.874600 -6.220100
v -0.751800 6.871200 -6.101400
v -0.861900 6.881700 -6.194600
v -0.780700 6.886200 -6.324300
v -0.946500 6.982800 -6.256500
v -0.399800 6.960200 -6.641500
v -0.481000 7.050100 -6.696800
v -0.300100 6.935600 -6.557900
v -0.455700 6.927700 -6.437300
v -0.554000 6.969700 -6.520500
v -0.571500 6.903300 -6.327700
v -0.677800 6.932600 -6.425400
v -0.522200 7.135200 -6.719800
v -0.981700 7.083700 -6.266900
v -0.999000 7.163600 -6.261800
v 0.000600 7.388400 -6.537600
v 0.079900 7.294100 -6.403700
v -0.100400 7.396200 -6.686200
v -0.264700 7.412600 -6.560800
v -0.150100 7.408400 -6.407600
v -0.048000 7.324600 -6.248500
v 0.091700 7.153700 -6.348400
v -0.006500 7.173900 -6.166300
v -0.347000 6.440600 -4.906900
v -0.391800 6.548000 -5.065500
v -0.744800 6.635000 -4.872200
v -0.712400 6.533400 -4.729900
v -0.773200 6.769400 -5.024800
v -0.437200 6.688100 -5.252700
v -0.646100 6.439000 -4.587700
v -0.679700 6.480000 -4.648000
v -0.313000 6.387600 -4.824500
v -0.287600 6.331800 -4.768100
v 0.079400 6.256700 -4.943300
v 0.230300 6.224500 -5.012800
v 0.173300 6.221000 -5.097900
v 0.032900 6.269400 -5.020200
v 0.120500 6.273200 -5.205300
v -0.011900 6.321400 -5.117600
v -0.081200 6.422200 -5.299400
v -0.204200 6.469500 -5.203200
v -0.144700 6.367000 -5.030100
v -0.268800 6.606200 -5.412000
v -0.153400 6.563600 -5.514100
v -0.104600 6.317100 -4.940500
v -0.070400 6.278800 -4.874700
v 0.362100 5.682000 -4.608500
v 0.317600 5.513200 -4.499100
v 0.611800 5.444300 -4.580600
v 0.643300 5.604200 -4.724900
v 0.044500 6.377900 -5.394700
v -0.035900 6.522500 -5.615400
v -0.094100 5.664100 -4.303100
v -0.064000 5.804800 -4.422800
v 0.020100 5.613400 -4.369600
v 0.060800 5.767700 -4.477400
v 0.658500 5.707900 -4.797900
v 0.385000 5.785400 -4.665600
v 0.210500 5.830600 -4.579500
v 0.183800 5.730800 -4.534500
v 0.245600 5.919400 -4.593100
v 0.114700 5.946200 -4.531600
v 0.084000 5.859800 -4.520700
v 0.140300 5.569100 -4.428300
v -0.279900 5.570600 -4.650500
v -0.259900 5.396200 -4.538700
v -0.560500 5.499700 -4.453100
v -0.586400 5.663100 -4.574800
v -0.047700 5.888300 -4.473100
v -0.031500 5.962500 -4.507900
v 0.172500 5.218500 -4.708700
v 0.154000 5.385100 -4.830500
v 0.048000 5.272800 -4.654100
v 0.028100 5.441300 -4.771700
v -0.602100 5.747800 -4.637700
v -0.617600 5.791800 -4.674200
v -0.296300 5.702700 -4.768100
v -0.287100 5.656300 -4.715300
v -0.114000 5.599400 -4.846000
v -0.105300 5.569000 -4.789500
v 0.023100 5.504400 -4.848400
v 0.019100 5.525500 -4.904100
v -0.099900 5.494500 -4.720200
v -0.081600 5.320100 -4.608600
v -0.181400 6.064500 -5.447000
v -0.277800 6.199300 -5.590200
v -0.173100 6.173300 -5.678600
v -0.069000 6.037200 -5.525600
v -0.382500 6.393100 -5.766500
v -0.285000 6.372400 -5.864300
v -0.185600 6.328100 -5.972300
v -0.065700 6.114500 -5.773000
v 0.048800 5.972800 -5.605100
v 0.170300 5.482800 -4.955000
v 0.161100 5.454400 -4.903600
v -0.385000 6.222100 -5.505000
v -0.295100 6.091000 -5.370300
v -0.486000 6.406600 -5.673600
v 0.278500 5.823200 -5.562600
v 0.214100 5.884200 -5.658300
v 0.106900 5.905400 -5.525500
v -0.015900 5.969400 -5.450600
v -0.136300 5.996700 -5.378600
v 0.082500 6.032600 -5.855100
v -0.049900 6.272200 -6.077400
v -0.597900 6.406700 -4.509100
v -0.228700 6.308700 -4.669800
v -0.537500 6.396300 -4.406900
v -0.173900 6.278500 -4.550100
v -0.258500 6.023400 -5.308000
v 0.318300 6.064000 -4.608000
v 0.324900 6.163000 -4.745800
v 0.186200 6.201200 -4.683600
v 0.180700 6.093700 -4.546400
v -0.546700 6.278400 -4.335200
v -0.182700 6.160600 -4.450800
v 0.040500 6.115800 -4.499000
v 0.050700 6.238200 -4.620400
v -0.008300 6.262500 -4.764300
v 0.144900 6.255500 -4.822800
v -0.738900 5.865800 -4.895200
v -0.460100 5.769600 -5.048400
v -0.696600 5.835400 -4.800800
v -0.416900 5.704600 -4.948000
v 0.291100 6.218800 -4.887800
v 0.023000 5.545500 -5.280400
v 0.081900 5.491900 -5.156200
v -0.073900 5.562800 -5.092500
v -0.130300 5.623100 -5.211800
v -0.349500 5.704000 -4.850900
v -0.649000 5.825300 -4.728400
v -0.017800 5.540700 -4.987000
v -0.154100 5.622900 -4.929700
v -0.215000 5.639000 -5.028800
v -0.269900 5.697300 -5.140500
v -0.498800 6.895100 -6.260000
v -0.593300 6.873200 -6.158300
v -0.386700 6.913900 -6.366600
v -0.337000 6.810700 -6.289800
v -0.450400 6.797200 -6.192200
v -0.542000 6.791700 -6.090900
v 0.138700 5.485600 -5.041600
v -0.683400 6.862800 -6.050200
v -0.625000 6.798800 -5.980100
v -0.146900 6.557700 -6.270200
v -0.206500 6.804100 -6.408500
v -0.276900 6.585100 -6.155800
v -0.378600 6.602900 -6.048000
v -0.464200 6.619700 -5.940600
v -0.236700 6.930600 -6.480300
v -0.516900 6.949100 -5.564300
v -0.516500 7.030900 -5.622300
v -0.850200 7.082000 -5.281100
v -0.838700 7.009700 -5.238500
v -0.810500 6.897700 -5.151400
v -0.491600 6.819200 -5.435200
v -0.557100 6.628600 -5.838600
v -0.104600 6.691500 -5.819800
v -0.131000 6.860600 -5.956800
v -0.241400 6.881000 -5.855000
v -0.219500 6.720100 -5.717600
v -0.235000 6.975700 -5.908700
v -0.343600 6.994500 -5.811200
v -0.349800 6.902900 -5.751800
v -0.343900 7.074400 -5.837900
v -0.232500 7.056000 -5.930700
v -0.328300 6.753400 -5.612100
v -0.915000 7.782700 -6.763900
v -1.008000 7.770800 -6.590000
v -0.783500 7.603800 -6.551100
v -0.674100 7.606400 -6.724700
v -0.874200 7.620300 -6.381800
v -1.090700 7.771700 -6.424200
v -0.663400 7.521000 -6.331300
v -0.565800 7.497400 -6.501500
v -0.449000 7.481500 -6.673700
v -0.132700 6.955300 -6.010800
v -0.136600 7.034800 -6.035600
v -1.169200 7.778200 -6.257900
v -0.961800 7.641600 -6.213900
v -0.755200 7.556700 -6.158200
v -0.170500 7.421000 -6.778100
v -0.334700 7.435900 -6.632100
v -0.297300 7.473800 -6.849700
v -0.800400 7.823300 -6.947100
v -0.540500 7.625100 -6.908500
v -1.327200 7.138200 -5.796900
v -1.133300 7.197100 -6.093000
v -1.381400 7.209600 -5.828100
v -1.204400 7.268400 -6.138200
v -1.346400 7.584800 -6.625800
v -1.284800 7.608400 -6.740000
v -1.132500 7.453700 -6.645400
v -1.194600 7.435300 -6.530500
v -0.974500 7.339500 -6.549200
v -1.038600 7.323200 -6.433600
v -1.021800 7.233600 -6.268000
v -0.960900 7.245800 -6.389200
v -1.097100 7.310800 -6.313700
v -1.584000 7.401100 -5.950000
v -1.480400 7.299600 -5.887800
v -1.340700 7.381600 -6.224900
v -1.476000 7.517800 -6.309800
v -1.399800 7.572000 -6.505900
v -1.250000 7.426300 -6.411100
v -0.883700 7.267100 -6.497500
v -1.821900 8.408700 -7.108700
v -1.702500 8.504700 -7.234600
v -1.615200 8.420400 -7.205900
v -1.705400 8.317800 -7.065400
v -1.536500 8.309700 -7.192500
v -1.601000 8.202300 -7.037900
v -1.945200 8.187600 -6.867200
v -1.910200 8.285800 -7.005300
v -1.777000 8.209700 -6.949000
v -1.817600 8.135200 -6.814800
v -1.652100 8.134300 -6.894200
v -1.700800 8.081800 -6.761000
v -1.449400 8.165400 -7.177800
v -1.506100 8.072400 -7.019300
v -1.690300 8.170900 -6.042400
v -1.722400 8.242300 -6.032200
v -1.804700 8.111800 -5.676800
v -1.783700 8.039900 -5.697900
v -1.808400 8.191400 -5.665300
v -1.729100 8.329200 -6.035100
v -1.746400 8.033100 -6.625600
v -1.842900 8.090100 -6.664100
v -1.954100 8.128100 -6.707400
v -1.548600 8.330400 -6.432200
v -1.589500 8.402000 -6.421800
v -1.648300 8.333900 -6.257300
v -1.610400 8.263600 -6.265000
v -1.657300 8.420800 -6.260400
v -1.589500 8.487300 -6.414400
v -1.720400 7.956400 -5.710800
v -1.610800 8.073200 -6.049700
v -1.799600 8.634500 -6.112800
v -1.930000 8.728000 -6.157800
v -2.037500 8.411100 -5.768800
v -1.928200 8.376700 -5.735500
v -1.848400 8.297800 -5.688400
v -1.737000 8.482300 -6.063800
v -1.496700 8.392000 -6.604400
v -1.543700 8.466600 -6.591700
v -1.524700 8.553200 -6.571900
v -2.166300 8.782000 -6.774100
v -2.067600 8.840600 -6.897300
v -2.062300 8.702900 -6.923700
v -2.141700 8.623700 -6.801400
v -1.964700 8.776900 -7.048000
v -1.955800 8.659600 -7.085600
v -2.038600 8.569800 -6.951300
v -2.095800 8.477300 -6.818300
v -2.116600 8.397100 -6.669100
v -2.166300 8.546700 -6.654200
v -2.199500 8.701200 -6.625100
v -1.817100 8.599900 -7.275100
v -1.914200 8.527200 -7.115700
v -1.879400 8.730300 -7.261800
v -1.994500 8.425100 -6.989000
v -2.043500 8.320800 -6.854900
v -1.880700 8.845900 -7.207600
v -1.358600 8.301900 -6.786100
v -1.415800 8.251200 -6.614600
v -1.304200 8.084000 -6.616900
v -1.235200 8.121300 -6.792800
v -1.465900 8.205600 -6.440000
v -1.354600 8.060300 -6.441800
v -2.060500 8.241400 -6.702500
v -1.527200 8.152300 -6.271600
v -1.416300 8.028300 -6.272900
v -0.990200 8.000800 -6.970800
v -1.092500 7.953800 -6.784300
v -1.143400 8.174200 -6.974600
v -1.171900 7.930200 -6.608600
v -1.240100 7.918300 -6.440300
v -1.292500 8.359000 -6.953200
v -1.661300 7.914500 -6.620400
v -1.727000 7.825600 -6.406000
v -1.604900 7.967100 -6.746000
v -1.519700 7.839200 -6.730100
v -1.571700 7.795300 -6.605900
v -1.636400 7.719500 -6.397400
v -1.307300 7.908200 -6.272100
v -1.550000 8.017800 -6.872900
v -1.460600 7.889300 -6.849800
v -1.662000 7.491300 -5.998200
v -1.562600 7.625300 -6.365400
v -1.734900 7.573500 -6.024900
v -1.493800 7.690200 -6.567900
v -1.442800 7.717800 -6.690000
v -1.822100 7.653700 -6.021600
v -1.382400 7.754900 -6.806100
v -0.897600 3.713700 -0.504500
v -0.795900 3.664800 -0.490800
v -0.811100 3.660200 -0.559900
v -0.902900 3.735100 -0.567200
v -0.714000 3.633900 -0.473200
v -0.644300 3.604300 -0.455200
v -0.673500 3.552200 -0.517000
v -0.717400 3.640000 -0.537400
v -0.693400 3.661500 -0.428200
v -0.639700 3.617700 -0.408600
v -0.588700 3.550500 -0.436300
v -0.581300 3.577600 -0.396800
v -0.567000 3.573000 -0.498200
v -0.145100 4.544500 -2.241800
v -0.032200 4.522300 -2.216400
v -0.015800 4.567700 -2.311000
v -0.132400 4.580700 -2.326800
v -0.021400 4.552600 -2.415900
v -0.134900 4.575100 -2.419700
v -0.246700 4.590500 -2.420800
v -0.243400 4.596400 -2.338500
v -0.254800 4.570800 -2.260700
v -0.058200 4.444100 -2.159400
v -0.169500 4.478100 -2.189200
v -0.281000 4.511600 -2.214000
v -0.266200 4.555200 -2.478900
v -0.151200 4.542000 -2.488000
v -0.174700 4.489600 -2.547300
v -0.287100 4.522600 -2.539100
v -0.162300 4.524600 -2.763700
v -0.150900 4.606100 -2.972100
v -0.263900 4.654400 -2.947900
v -0.279200 4.564800 -2.742400
v -0.078900 4.428900 -2.648800
v -0.064000 4.461200 -2.557900
v -0.059400 4.481600 -2.781900
v -0.179300 4.475900 -2.635400
v -0.040500 4.511500 -2.492900
v -0.283800 4.535100 -2.617200
v -0.049800 4.551100 -2.996900
v -0.456100 7.455000 -6.470900
v -0.550500 7.493000 -6.299400
v -0.382100 7.440700 -6.409600
v -0.470700 7.494000 -6.243200
v -0.100700 7.194200 -6.027900
v -0.202700 7.212300 -5.915600
v -0.146700 7.357500 -6.106100
v -0.242300 7.383200 -5.974700
v -0.447100 7.526400 -5.957100
v -0.566500 7.529600 -6.072200
v -0.359700 7.390800 -5.858200
v -0.339700 7.509000 -6.107600
v -0.646600 7.523300 -6.124800
v -0.250400 7.463600 -6.260300
v -0.325100 7.222800 -5.823400
v -1.996800 8.982200 -6.837900
v -2.108000 8.957300 -6.694700
v -1.937900 9.023700 -6.593200
v -1.852200 9.045100 -6.757400
v -2.154400 8.855600 -6.543600
v -2.008800 8.921400 -6.450900
v -1.839900 8.888200 -6.376600
v -1.710900 8.759100 -6.331600
v -1.627600 8.834200 -6.461500
v -1.762100 8.968500 -6.516400
v -1.692100 9.014600 -6.678300
v -1.560300 8.889400 -6.616600
v -1.527900 8.705600 -6.587000
v -1.597000 8.645200 -6.434800
v -1.661900 8.583500 -6.287800
v -0.658200 8.991200 -8.773800
v -0.610300 9.032400 -8.801500
v -0.865900 9.266300 -8.846700
v -0.836900 9.348500 -8.931600
v -1.078800 9.442600 -8.951200
v -0.978100 9.416900 -8.956800
v -1.001500 9.368000 -8.871900
v -1.104800 9.391900 -8.868800
v -1.228400 9.610600 -8.879700
v -1.177300 9.510400 -8.927400
v -1.209500 9.459500 -8.844400
v -1.262500 9.562100 -8.790600
v -1.271500 9.665300 -8.736200
v -1.237600 9.715100 -8.828700
v -1.228300 9.763000 -8.679100
v -1.194600 9.814600 -8.773300
v -1.118000 9.827100 -8.625700
v -1.088800 9.885200 -8.720500
v -0.998100 9.857200 -8.574000
v -0.964700 9.907700 -8.672500
v -0.783400 9.797400 -8.595000
v -0.861800 9.878900 -8.621000
v -0.899300 9.831200 -8.521700
v -0.829100 9.748800 -8.500800
v -0.788000 9.647100 -8.525400
v -0.746900 9.694400 -8.617700
v -0.775900 9.551500 -8.575700
v -0.735200 9.602500 -8.665300
v -0.472300 9.063900 -8.600800
v -0.658200 9.358500 -8.624800
v -0.406800 9.106700 -8.728600
v -0.606000 9.439300 -8.762000
v -0.735500 9.491900 -8.607000
v -0.687800 9.544400 -8.705500
v -0.508900 9.066100 -8.818800
v -0.675800 9.365200 -8.891800
v -1.019200 9.595200 -9.164600
v -0.929100 9.564300 -9.156900
v -0.957300 9.487000 -9.055000
v -1.054800 9.513700 -9.058300
v -0.837300 9.560000 -9.124100
v -0.853900 9.477200 -9.038400
v -1.139700 9.583700 -9.041000
v -1.088400 9.660900 -9.156000
v -1.184700 9.680700 -9.007500
v -1.128500 9.747900 -9.139000
v -1.186100 9.787000 -8.967000
v -1.124100 9.849900 -9.112000
v -1.137000 9.884200 -8.922300
v -1.074200 9.941400 -9.081800
v -1.038400 9.947800 -8.883400
v -0.986600 9.999000 -9.057600
v -0.924300 9.960600 -8.847100
v -0.883300 10.012800 -9.030400
v -0.719400 9.901300 -8.953400
v -0.789300 9.972000 -8.990700
v -0.823100 9.933600 -8.798600
v -0.736100 9.863600 -8.761800
v -1.034900 9.714200 -9.261600
v -0.968600 9.662300 -9.264400
v -1.072300 9.787800 -9.249200
v -1.020300 9.810700 -9.303700
v -0.974100 9.776900 -9.327100
v -0.908600 9.743800 -9.334500
v -1.071300 9.878400 -9.230700
v -1.004500 9.877400 -9.307300
v -1.025700 9.958400 -9.209300
v -0.988900 9.943000 -9.278100
v -0.690300 9.753300 -8.933400
v -0.686400 9.824900 -8.933700
v -0.701500 9.766600 -8.766100
v -0.692000 9.684400 -8.789900
v -0.944300 10.010200 -9.193700
v -0.920600 9.966800 -9.293800
v -0.844300 10.024900 -9.173500
v -0.828500 9.968600 -9.280000
v -0.932900 9.871800 -9.345600
v -0.852500 9.861400 -9.349800
v -0.755500 9.728400 -9.255500
v -0.831900 9.731000 -9.312200
v -0.781700 9.844500 -9.319300
v -0.733400 9.825200 -9.267700
v -0.753200 9.942600 -9.252900
v -0.699200 9.895900 -9.212300
v -0.758700 9.983000 -9.139000
v -0.699500 9.918000 -9.100600
v -0.731700 9.635800 -8.985900
v -0.686400 9.560400 -8.881200
v -0.744300 9.507900 -8.970000
v -0.768400 9.583600 -9.049400
v -0.884000 9.638500 -9.252100
v -0.808800 9.639800 -9.205800
v -0.709100 9.690500 -8.950100
v -0.683800 9.799000 -9.137800
v -0.680300 9.788800 -9.055200
v -0.703300 9.734800 -9.082200
v -0.706900 9.770400 -9.184400
v -0.733800 9.683800 -9.118200
v -0.764600 9.637200 -9.133800
v -0.682000 9.842500 -9.164900
v -0.706800 9.814500 -9.221800
v -0.676600 9.848800 -9.066800
v -1.311200 3.525600 -1.458900
v -1.340400 3.634900 -1.628500
v -1.151700 3.710700 -1.578800
v -1.137400 3.614100 -1.401500
v -1.448600 3.681700 -1.571000
v -1.424500 3.563000 -1.408200
v -0.891400 3.652200 -1.540600
v -0.897000 3.539800 -1.371800
v -0.551800 3.124600 -0.836900
v -0.466100 3.066800 -0.829100
v -0.680000 3.183500 -0.852900
v -0.530700 3.143900 -0.909800
v -0.665400 3.207300 -0.926500
v -0.442000 3.085500 -0.904700
v -0.523000 3.183100 -0.997600
v -0.429200 3.124800 -0.991800
v -0.665200 3.248100 -1.016300
v -0.520800 3.234200 -1.096500
v -0.669900 3.300400 -1.117900
v -0.420700 3.176000 -1.089000
v -0.672500 3.357800 -1.216700
v -0.517800 3.287100 -1.194300
v -0.413000 3.226600 -1.186600
v 0.204700 2.986900 -1.528400
v 0.114400 3.041000 -1.542200
v 0.296800 2.940900 -1.508000
v 0.198900 2.896100 -1.290000
v 0.122700 2.935300 -1.311100
v 0.050000 2.979600 -1.329200
v -0.022100 2.772400 -0.821200
v 0.057500 2.743400 -0.831100
v 0.003300 2.808200 -0.896600
v 0.078900 2.775700 -0.893800
v 0.031600 2.846100 -0.981900
v 0.104800 2.811600 -0.971600
v -0.038700 2.882300 -0.990800
v 0.058300 2.878600 -1.076600
v -0.010800 2.916000 -1.090000
v 0.130400 2.843600 -1.061500
v 0.403600 2.902700 -1.483500
v 0.297100 2.859400 -1.270600
v 0.511800 2.883800 -1.451200
v 0.405000 2.832500 -1.249300
v 0.014100 2.944500 -1.190200
v 0.081800 2.905100 -1.173000
v 0.153000 2.868900 -1.154100
v 0.600500 2.895700 -1.411500
v 0.509000 2.828200 -1.220900
v 0.427900 2.699600 -0.860500
v 0.541300 2.806200 -1.070800
v 0.596300 2.834900 -1.035400
v 0.557300 2.800500 -0.957700
v 0.502300 2.772100 -0.993100
v 0.633100 2.866500 -0.999200
v 0.593000 2.834200 -0.917400
v 0.482600 2.739400 -0.824200
v 0.513600 2.775300 -0.778300
v 0.517100 2.768200 -0.883300
v 0.550300 2.804300 -0.840000
v 0.463800 2.737200 -0.919100
v 0.647100 2.921500 -0.963900
v 0.606700 2.886800 -0.874300
v 0.588200 2.962500 -0.955400
v 0.559000 2.935200 -0.852600
v 0.531500 2.822300 -0.722800
v 0.507900 2.869800 -0.674700
v 0.562300 2.853400 -0.789800
v 0.528000 2.904000 -0.753300
v 0.518900 2.969900 -0.944100
v 0.496900 2.947700 -0.838600
v 0.421100 2.980900 -0.917800
v 0.405600 2.956800 -0.811800
v 0.359100 2.843500 -0.561700
v 0.455400 2.882800 -0.650000
v 0.368500 2.883600 -0.621900
v 0.473300 2.919700 -0.735100
v 0.386600 2.924700 -0.708100
v 0.280600 3.007500 -0.869400
v 0.260900 2.978300 -0.759400
v 0.114000 3.075700 -0.820700
v 0.088200 3.040900 -0.706800
v -0.014500 3.290500 -1.128300
v -0.043200 3.238000 -0.937700
v -0.172600 3.454600 -1.105300
v -0.203400 3.392700 -0.923300
v 0.211300 2.887700 -0.568700
v 0.034000 2.958200 -0.505800
v 0.235100 2.936700 -0.654400
v 0.057200 2.998100 -0.596900
v -0.130400 3.092700 -0.474600
v -0.136600 3.067000 -0.412800
v -0.249500 3.306300 -0.678100
v -0.089000 3.163300 -0.682600
v -0.064000 3.201800 -0.795900
v -0.226000 3.348100 -0.787900
v -0.267300 3.271100 -0.564700
v -0.114300 3.124100 -0.569800
v -0.289100 3.584700 -1.099000
v -0.328300 3.514600 -0.926300
v -0.384400 3.679000 -1.106200
v -0.431000 3.602300 -0.941000
v -0.475300 3.527000 -0.698900
v -0.376200 3.428900 -0.685900
v -0.354800 3.466900 -0.795400
v -0.457800 3.557200 -0.810700
v -0.489100 3.501200 -0.584800
v -0.396200 3.393400 -0.573800
v -0.960100 4.091000 -1.131600
v -1.067500 4.194700 -1.091500
v -1.090800 4.103600 -0.937300
v -0.977400 4.007200 -0.970200
v -1.207300 4.246900 -1.075900
v -1.236300 4.149700 -0.938400
v -1.276100 4.020900 -0.748900
v -1.129000 3.965400 -0.738400
v -1.111700 4.028700 -0.828000
v -1.258000 4.079400 -0.834300
v -0.991200 3.944200 -0.851100
v -1.002300 3.893200 -0.752300
v -1.295600 3.953600 -0.677700
v -1.144600 3.904300 -0.647700
v -1.013100 3.843800 -0.653300
v -1.381500 4.238200 -1.095000
v -1.403600 4.146500 -0.989300
v -1.509800 4.128600 -1.187100
v -1.532200 4.056100 -1.090300
v -1.572100 3.993400 -0.932200
v -1.433200 4.018700 -0.836400
v -1.417000 4.075100 -0.909700
v -1.555000 4.032300 -1.000700
v -1.774900 4.059100 -1.167400
v -1.759800 4.122600 -1.239300
v -1.782700 4.064300 -1.285100
v -1.787800 4.009200 -1.209500
v -1.590200 3.954100 -0.867500
v -1.451000 3.964700 -0.767800
v -1.674900 4.074100 -1.123300
v -1.652800 4.133100 -1.208100
v -1.784900 3.980000 -1.042400
v -1.699900 3.994500 -0.999800
v -1.689200 4.031800 -1.057100
v -1.778800 4.013400 -1.104500
v -1.792000 3.946300 -0.981400
v -1.711600 3.955500 -0.943400
v -1.826900 3.880600 -0.948700
v -1.820000 3.903900 -1.007200
v -1.808600 3.936200 -1.073500
v -1.807100 3.889200 -1.094000
v -1.825500 3.853000 -1.024200
v -1.797400 3.968800 -1.139800
v -1.785500 3.926400 -1.162500
v -1.899800 3.766000 -1.001200
v -0.407200 3.021400 -0.823200
v -0.359300 2.982100 -0.818500
v -0.379900 3.040700 -0.903700
v -0.330000 3.004000 -0.904100
v -0.362600 3.079500 -0.992100
v -0.308700 3.042400 -0.994800
v -0.349900 3.127600 -1.089800
v -0.292200 3.087400 -1.093700
v -0.280100 2.967700 -0.905400
v -0.311200 2.942700 -0.816400
v -0.159200 3.224400 -1.534400
v -0.082600 3.172300 -1.542500
v -0.122400 3.092600 -1.339300
v -0.193800 3.142400 -1.334600
v -0.338900 3.174700 -1.189000
v -0.278000 3.131000 -1.194400
v 0.014000 3.107500 -1.545600
v -0.036600 3.035000 -1.338100
v -0.067400 2.992800 -1.199900
v -0.148700 3.043600 -1.202600
v -0.091200 2.961100 -1.097800
v -0.169800 3.007800 -1.100200
v -0.234500 3.048700 -1.097900
v -0.216800 3.088500 -1.199900
v -0.595100 3.703600 -0.976000
v -0.517000 3.660900 -0.957400
v -0.469800 3.741600 -1.119600
v -0.549100 3.788000 -1.136800
v -0.117700 2.924900 -0.997000
v -0.193600 2.968300 -0.999500
v -0.254700 3.006500 -0.997900
v -0.628900 3.638000 -0.726200
v -0.555600 3.593500 -0.710800
v -0.540600 3.620200 -0.824900
v -0.616400 3.663000 -0.842100
v -0.809600 3.676600 -0.659300
v -0.713400 3.653900 -0.632400
v -0.704200 3.674000 -0.748300
v -0.796800 3.711000 -0.770000
v -0.637000 3.623400 -0.608100
v -0.565700 3.574000 -0.594700
v -0.759500 3.811400 -1.003000
v -0.671900 3.749800 -0.993800
v -0.626600 3.838700 -1.152100
v -0.717400 3.903200 -1.159400
v -0.693100 3.702100 -0.862700
v -0.782500 3.752600 -0.877800
v -0.842300 3.983700 -1.158000
v -0.875300 3.892200 -1.001100
v -0.889200 3.835400 -0.875300
v -0.895400 3.795900 -0.768300
v -0.900800 3.762000 -0.659800
v -1.046100 3.242900 -0.918300
v -1.072800 3.352600 -0.936400
v -0.856900 3.286700 -0.948400
v -0.860600 3.248800 -0.859700
v -0.891700 3.459200 -1.248700
v -1.121800 3.547500 -1.264200
v -0.880800 3.394600 -1.147500
v -1.105500 3.485800 -1.154900
v -0.868000 3.333900 -1.043400
v -1.088100 3.420900 -1.041800
v -1.251500 3.319900 -1.104000
v -1.397400 3.363500 -1.202300
v -1.266000 3.383700 -1.216000
v -1.686100 3.655400 -1.356200
v -1.707300 3.788300 -1.438400
v -1.628500 3.790300 -1.452500
v -1.627000 3.646600 -1.342300
v -1.569700 3.765100 -1.485800
v -1.569400 3.620000 -1.352000
v -1.409000 3.460700 -1.291000
v -1.286500 3.448400 -1.328400
v -1.510800 3.731300 -1.520700
v -1.504300 3.591600 -1.373300
v -1.487000 3.385100 -1.193000
v -1.555600 3.423600 -1.202600
v -1.626900 3.392300 -1.177200
v -1.621700 3.468500 -1.219700
v -1.679600 3.436200 -1.211400
v -1.679300 3.500800 -1.255100
v -1.679700 3.567400 -1.298400
v -1.624000 3.546100 -1.270900
v -1.561800 3.511000 -1.264400
v -1.493900 3.481800 -1.268900
v 0.343500 2.696900 -0.886500
v 0.258000 2.713200 -0.884500
v 0.453800 2.791100 -1.100800
v 0.349800 2.804000 -1.121400
v 0.417700 2.762600 -1.018400
v 0.319400 2.778800 -1.033600
v 0.149700 2.713400 -0.837000
v 0.167200 2.741600 -0.888900
v 0.193100 2.776200 -0.960300
v 0.287500 2.746400 -0.949400
v 0.220800 2.808100 -1.047500
v 0.381400 2.727800 -0.940400
v 0.246300 2.833100 -1.137800
v -1.751400 3.533500 -1.158600
v -1.758100 3.575300 -1.132800
v -1.747900 3.881100 -1.185400
v -1.770100 3.832500 -1.112200
v -1.724600 3.821600 -1.213900
v -1.741800 3.768300 -1.139900
v -1.716400 3.483600 -1.211800
v -1.718500 3.541300 -1.253200
v -1.740500 3.528500 -1.202200
v -1.739000 3.580500 -1.237700
v -1.734600 3.629900 -1.272900
v -1.724900 3.692900 -1.294200
v -1.725300 3.677000 -1.338300
v -1.721400 3.598400 -1.296400
v -1.721800 3.795300 -1.372000
v -1.713500 3.781300 -1.302400
v -1.792300 3.784000 -1.038700
v -1.760800 3.712500 -1.066600
v -1.740300 3.615600 -1.220900
v -1.745400 3.572900 -1.188600
v -1.748900 3.615400 -1.165200
v -1.737500 3.657300 -1.205500
v -1.752900 3.658800 -1.118200
v -1.735900 3.708600 -1.175400
v -1.733000 3.645100 -1.250500
v -1.728700 3.686500 -1.251100
v -1.722400 3.750500 -1.237800
v -0.679100 9.617200 -8.825100
vn -0.7293 -0.5929 -0.3414
vn -0.8487 -0.4615 -0.2584
vn -0.8480 -0.4652 -0.2541
vn -0.7350 -0.5719 -0.3643
vn -0.8182 -0.5046 -0.2756
vn -0.7629 -0.5133 -0.3931
vn -0.8026 -0.5138 -0.3030
vn -0.8193 -0.4899 -0.2979
vn -0.7623 -0.5548 -0.3332
vn -0.8205 -0.4894 -0.2955
vn -0.7932 -0.5247 -0.3090
vn -0.7623 -0.5605 -0.3236
vn -0.8243 -0.4858 -0.2908
vn -0.7534 -0.5665 -0.3339
vn -0.7416 -0.5751 -0.3453
vn 0.0319 -0.8569 -0.5145
vn -0.3219 -0.8067 -0.4955
vn -0.3400 -0.8295 -0.4430
vn -0.0768 -0.9634 -0.2568
vn -0.4107 -0.8005 -0.4364
vn -0.2485 -0.9500 -0.1891
vn -0.1634 -0.8171 -0.5529
vn -0.2877 -0.8069 -0.5159
vn 0.0716 -0.8479 -0.5252
vn 0.1373 -0.8679 -0.4773
vn -0.5488 -0.6653 -0.5062
vn -0.5415 -0.7112 -0.4483
vn -0.4513 -0.7469 -0.4883
vn -0.4626 -0.7231 -0.5130
vn -0.3966 -0.7866 -0.4733
vn -0.4974 -0.7545 -0.4281
vn -0.3165 -0.7945 -0.5183
vn -0.3391 -0.7819 -0.5232
vn -0.3447 -0.7901 -0.5069
vn -0.4271 -0.7136 -0.5553
vn -0.4955 -0.6634 -0.5607
vn -0.4070 -0.7477 -0.5246
vn -0.3439 -0.7909 -0.5062
vn -0.3228 -0.8115 -0.4870
vn -0.3179 -0.8198 -0.4763
vn -0.1448 -0.8483 -0.5094
vn -0.1731 -0.8463 -0.5037
vn -0.1550 -0.8816 -0.4458
vn 0.8443 -0.5322 0.0623
vn 0.8487 -0.5240 0.0712
vn 0.8817 0.2201 0.4173
vn 0.8796 0.2984 0.3705
vn 0.9420 -0.0236 0.3348
vn 0.8270 -0.5486 0.1233
vn 0.4506 0.7305 0.5131
vn 0.1946 0.8651 0.4623
vn 0.2543 0.8998 0.3546
vn 0.6568 0.6299 0.4145
vn 0.6148 0.6597 0.4322
vn 0.7187 0.5814 0.3813
vn 0.6555 0.6196 0.4316
vn 0.7427 0.5563 0.3727
vn 0.5635 0.6886 0.4563
vn 0.5110 0.6891 0.5138
vn 0.3769 0.7478 0.5466
vn 0.2249 0.7778 0.5868
vn 0.3495 0.6453 0.6793
vn 0.3572 0.6589 0.6621
vn 0.4234 0.7156 0.5556
vn 0.3759 0.7405 0.5571
vn 0.5252 0.6208 0.5820
vn 0.5374 0.6687 0.5139
vn 0.4595 0.7385 0.4935
vn 0.3805 0.7829 0.4922
vn 0.6211 0.3926 0.6783
vn 0.6111 0.5419 0.5770
vn 0.7323 0.4738 0.4891
vn 0.7497 0.3351 0.5707
vn -0.3577 0.6999 0.6182
vn -0.4437 0.6722 0.5927
vn -0.2499 0.7801 0.5736
vn -0.1206 0.7930 0.5972
vn -0.3698 0.7509 0.5472
vn -0.4740 0.6703 0.5710
vn -0.7802 -0.4480 -0.4366
vn -0.7402 -0.5179 -0.4288
vn -0.4681 -0.5872 -0.6604
vn -0.5157 -0.5007 -0.6952
vn -0.4984 -0.6710 -0.5489
vn -0.7373 -0.5830 -0.3414
vn -0.2838 -0.6786 -0.6774
vn -0.3272 -0.5795 -0.7464
vn -0.3655 -0.4927 -0.7897
vn -0.4201 -0.7711 -0.4785
vn -0.3233 -0.8586 -0.3978
vn -0.7280 -0.5747 -0.3738
vn -0.6569 -0.6175 -0.4326
vn -0.3846 -0.7018 -0.5996
vn -0.2605 -0.7273 -0.6350
vn 0.0261 -0.3133 -0.9493
vn -0.1290 -0.5405 -0.8314
vn -0.2789 -0.6202 -0.7332
vn -0.0972 -0.4773 -0.8733
vn -0.5363 -0.6166 -0.5763
vn -0.3937 -0.5736 -0.7183
vn -0.8084 -0.5193 -0.2771
vn -0.7975 -0.5531 -0.2410
vn -0.7470 -0.5825 -0.3204
vn -0.7770 -0.5579 -0.2915
vn -0.7560 -0.5704 -0.3210
vn -0.6853 -0.5832 -0.4361
vn -0.8092 -0.5258 -0.2621
vn -0.8210 -0.5014 -0.2731
vn -0.2292 -0.9716 -0.0585
vn -0.3095 -0.9454 0.1020
vn -0.3636 -0.9164 0.1676
vn -0.3606 -0.9229 -0.1348
vn -0.3449 -0.8768 -0.3350
vn -0.2484 -0.5640 -0.7875
vn -0.2631 -0.6068 -0.7501
vn -0.3683 -0.9064 -0.2069
vn -0.0938 -0.2344 -0.9676
vn -0.0090 -0.1024 -0.9947
vn -0.1142 -0.1400 -0.9835
vn -0.1217 -0.1806 -0.9760
vn -0.4012 -0.8828 -0.2445
vn -0.4524 -0.8762 0.1660
vn -0.4891 -0.8621 0.1328
vn -0.4429 -0.8362 -0.3235
vn 0.5016 -0.5334 0.6811
vn 0.2736 -0.9195 0.2823
vn 0.5922 -0.8056 -0.0158
vn 0.8465 -0.3327 0.4156
vn -0.0310 -0.9978 -0.0587
vn 0.0878 -0.9381 -0.3351
vn 0.2414 -0.8073 -0.5385
vn 0.7047 -0.6655 -0.2460
vn 0.9732 -0.1506 0.1736
vn 0.3927 -0.6221 -0.6774
vn 0.5629 -0.4134 -0.7157
vn 0.6714 -0.1082 -0.7331
vn 0.8252 0.2556 -0.5037
vn 0.9802 0.0877 -0.1773
vn 0.7557 -0.3884 -0.5273
vn 0.2264 -0.2201 0.9488
vn 0.5930 -0.3517 0.7243
vn 0.4626 -0.7471 0.4773
vn 0.3713 -0.0725 0.9257
vn 0.1455 -0.6175 0.7730
vn 0.1667 0.2562 0.9521
vn 0.2590 0.1688 0.9510
vn 0.3660 0.2432 0.8983
vn 0.6938 0.1639 0.7013
vn 0.6179 0.3933 0.6808
vn 0.4642 0.3313 0.8214
vn 0.4220 0.1726 0.8900
vn 0.6688 0.3107 0.6754
vn 0.6025 0.5470 0.5812
vn -0.1662 -0.7125 -0.6817
vn -0.2874 -0.6642 -0.6901
vn -0.3472 -0.8194 -0.4561
vn -0.2416 -0.8419 -0.4826
vn -0.3235 -0.6569 -0.6811
vn -0.3676 -0.8189 -0.4409
vn -0.3277 -0.9247 -0.1940
vn -0.3765 -0.9196 -0.1125
vn -0.2163 -0.9424 -0.2553
vn -0.2169 -0.8939 -0.3922
vn -0.2368 -0.9134 -0.3311
vn -0.2282 -0.9158 -0.3305
vn -0.0475 -0.6218 -0.7817
vn -0.1069 -0.6669 -0.7374
vn -0.1790 -0.7357 -0.6532
vn 0.4630 0.6005 0.6519
vn 0.4667 0.5611 0.6836
vn 0.1733 0.1109 0.9786
vn 0.1796 0.1546 0.9715
vn 0.0718 0.2998 0.9513
vn 0.2538 0.7125 0.6541
vn 0.0354 0.0681 0.9970
vn 0.1662 0.1277 0.9778
vn 0.1664 0.1463 0.9751
vn 0.5460 0.7056 -0.4516
vn 0.5990 0.6527 -0.4638
vn 0.6332 0.7736 0.0255
vn 0.5893 0.8074 0.0294
vn 0.4374 0.8951 0.0870
vn 0.4809 0.7722 -0.4153
vn 0.5414 0.5188 -0.6616
vn 0.6015 0.6755 -0.4265
vn 0.5259 0.6923 -0.4941
vn 0.4576 0.6109 -0.6461
vn 0.4882 0.5917 -0.6415
vn 0.5358 0.7679 -0.3510
vn 0.6737 0.5736 0.4659
vn 0.5898 0.6773 0.4397
vn 0.5110 0.5456 0.6642
vn 0.5427 0.7633 0.3504
vn 0.6598 0.7010 0.2708
vn 0.6047 0.7378 0.3001
vn 0.5342 0.7990 -0.2761
vn 0.7091 0.7037 -0.0440
vn 0.6667 0.7357 0.1194
vn 0.5406 0.8400 0.0465
vn 0.6640 0.7096 0.2356
vn 0.7346 0.6567 0.1709
vn -0.7904 -0.5320 -0.3037
vn -0.8198 -0.4447 -0.3609
vn -0.5465 -0.5385 -0.6414
vn -0.5304 -0.6211 -0.5770
vn -0.2967 -0.5608 -0.7730
vn -0.2451 -0.6195 -0.7458
vn -0.2393 -0.5957 -0.7667
vn -0.1769 -0.6220 -0.7627
vn -0.3711 -0.5103 -0.7758
vn -0.4416 -0.5732 -0.6903
vn -0.3333 -0.6524 -0.6807
vn -0.2835 -0.6705 -0.6856
vn -0.4722 -0.6817 -0.5589
vn -0.4424 -0.6996 -0.5611
vn -0.5072 -0.6535 -0.5619
vn -0.5662 -0.6608 -0.4927
vn -0.5368 -0.6974 -0.4748
vn -0.4917 -0.7264 -0.4802
vn -0.4754 -0.7572 -0.4480
vn -0.4398 -0.7762 -0.4518
vn -0.5151 -0.7004 -0.4940
vn -0.4736 -0.7300 -0.4928
vn -0.4526 -0.7772 -0.4371
vn -0.4398 -0.7842 -0.4377
vn 0.4748 0.7830 0.4020
vn 0.9020 0.2335 0.3631
vn 0.9561 -0.1132 0.2704
vn 0.8305 0.2619 0.4917
vn 0.5885 0.5452 0.5971
vn 0.4011 0.8070 0.4335
vn 0.6427 0.6830 0.3470
vn 0.4050 0.8671 0.2901
vn 0.9155 0.1654 0.3667
vn 0.5413 0.7399 0.3993
vn 0.5897 0.6831 0.4308
vn 0.4738 0.7553 0.4528
vn 0.4209 0.7830 0.4580
vn 0.4659 0.7146 0.5218
vn 0.5343 0.6327 0.5605
vn 0.4390 0.7410 0.5082
vn 0.4275 0.7707 0.4725
vn 0.4129 0.7815 0.4677
vn 0.8033 0.5226 0.2855
vn 0.6218 0.6279 0.4681
vn 0.5923 0.6330 0.4985
vn 0.7782 0.5373 0.3250
vn 0.5519 0.6530 0.5187
vn 0.5562 0.6402 0.5299
vn 0.5780 0.6280 0.5212
vn 0.5913 0.6161 0.5204
vn 0.7601 0.5452 0.3536
vn -0.3884 -0.7510 -0.5340
vn -0.4147 -0.7319 -0.5406
vn -0.4123 -0.8374 -0.3589
vn -0.3830 -0.8386 -0.3874
vn -0.4435 -0.8235 -0.3539
vn -0.4322 -0.7296 -0.5300
vn -0.4434 -0.8643 -0.2376
vn -0.3248 -0.9018 -0.2852
vn -0.2392 -0.9078 -0.3446
vn 0.1420 0.6363 0.7582
vn 0.6832 0.6180 0.3890
vn 0.7061 0.5921 0.3885
vn 0.1892 0.5960 0.7804
vn 0.7410 0.5506 0.3844
vn 0.1970 0.5863 0.7858
vn 0.6943 0.7045 -0.1470
vn 0.7753 0.5543 -0.3027
vn 0.8121 0.4559 -0.3643
vn 0.7447 0.6293 -0.2222
vn 0.8346 0.2083 -0.5100
vn 0.9121 0.4012 -0.0841
vn 0.9864 0.0458 -0.1579
vn 0.7958 0.6033 -0.0531
vn -0.0311 -0.4000 -0.9160
vn -0.0329 -0.4345 -0.9001
vn 0.0030 -0.2619 -0.9651
vn -0.0865 -0.4679 -0.8795
vn -0.1604 -0.4861 -0.8591
vn -0.0463 -0.4654 -0.8839
vn 0.7900 0.5831 -0.1897
vn 0.7934 0.6026 -0.0865
vn 0.7231 0.6695 -0.1697
vn 0.7191 0.6895 0.0869
vn 0.5698 0.7869 -0.2371
vn 0.5951 0.8010 0.0654
vn 0.8276 0.5333 0.1751
vn 0.6809 0.6826 0.2655
vn 0.6599 0.6388 0.3955
vn 0.8240 0.5119 0.2429
vn 0.5745 0.6792 0.4567
vn 0.6039 0.7377 0.3019
vn -0.2287 -0.4749 -0.8498
vn -0.2669 -0.4901 -0.8298
vn -0.6377 -0.5248 -0.5638
vn -0.5996 -0.5186 -0.6095
vn -0.8134 -0.4941 -0.3069
vn -0.8001 -0.5092 -0.3172
vn -0.2243 -0.5515 -0.8034
vn -0.5563 -0.5892 -0.5860
vn -0.7885 -0.5353 -0.3029
vn -0.0548 -0.5125 -0.8569
vn 0.0538 -0.3026 -0.9516
vn 0.0250 -0.3731 -0.9275
vn 0.0116 -0.4268 -0.9043
vn -0.1856 -0.6398 -0.7458
vn -0.0905 -0.5408 -0.8362
vn -0.1221 -0.3432 -0.9313
vn -0.2969 -0.6453 -0.7038
vn -0.3704 -0.7651 -0.5268
vn -0.2505 -0.5224 -0.8150
vn -0.4445 -0.7607 -0.4730
vn -0.4016 -0.7181 -0.5683
vn -0.3733 -0.7493 -0.5470
vn -0.3295 -0.4023 -0.8542
vn -0.3414 -0.5296 -0.7765
vn -0.3666 -0.7792 -0.5084
vn -0.2679 -0.2126 -0.9397
vn -0.2758 -0.0918 -0.9568
vn -0.3992 -0.8262 -0.3974
vn -0.4075 -0.8020 -0.4368
vn 0.7953 0.5169 0.3168
vn 0.8094 0.5417 0.2268
vn 0.9035 0.3505 0.2467
vn 0.8576 0.3728 0.3542
vn 0.9771 -0.0749 0.1993
vn 0.9487 -0.1218 0.2917
vn 0.6184 0.7248 0.3037
vn 0.8621 0.3880 0.3259
vn 0.9476 -0.1530 0.2803
vn 0.5495 0.8305 0.0906
vn 0.5307 0.8470 0.0314
vn 0.4944 0.8530 0.1672
vn 0.4392 0.8288 0.3467
vn 0.4747 0.8124 0.3386
vn 0.4880 0.8041 0.3396
vn 0.4193 0.8121 0.4058
vn 0.4470 0.8002 0.3998
vn 0.4483 0.8092 0.3797
vn 0.6970 0.6907 0.1929
vn 0.7993 0.6009 -0.0042
vn 0.6068 0.7795 0.1555
vn 0.6839 0.6242 0.3777
vn 0.0774 0.6899 0.7198
vn 0.0344 0.7055 0.7079
vn 0.6841 0.6342 0.3601
vn 0.5571 -0.7752 -0.2979
vn 0.7100 -0.6873 -0.1535
vn 0.6634 -0.7106 0.2345
vn 0.3620 -0.9320 0.0195
vn 0.7388 -0.6003 0.3062
vn 0.7629 -0.6421 -0.0752
vn 0.5863 -0.5271 0.6151
vn 0.4187 -0.6685 0.6146
vn 0.2511 -0.8795 0.4043
vn -0.8859 0.3793 -0.2672
vn -0.9897 0.0807 -0.1181
vn -0.9006 0.3553 0.2505
vn -0.8595 0.4974 -0.1175
vn -0.6882 -0.1221 0.7151
vn -0.9077 -0.3711 0.1959
vn -0.3941 0.0437 0.9180
vn -0.7867 0.4281 0.4449
vn -0.8331 0.5530 -0.0088
vn -0.6282 0.3092 -0.7140
vn -0.8152 0.3068 -0.4912
vn -0.7533 0.5101 -0.4151
vn -0.5545 0.4489 -0.7008
vn -0.7263 0.5753 -0.3763
vn -0.5622 0.4928 -0.6642
vn 0.5394 -0.6155 -0.5746
vn 0.6635 -0.5651 -0.4903
vn 0.2722 -0.7218 -0.6363
vn -0.0912 -0.4457 -0.8905
vn 0.1679 -0.3176 -0.9332
vn 0.2603 -0.2150 -0.9413
vn 0.7030 -0.6947 -0.1523
vn 0.7028 -0.6524 0.2837
vn 0.4217 -0.8933 0.1557
vn 0.2088 -0.9227 -0.3242
vn 0.4011 -0.7472 0.5300
vn 0.5818 -0.5429 0.6056
vn 0.3878 -0.4519 0.8034
vn -0.1412 -0.0937 0.9855
vn 0.2301 -0.3804 0.8957
vn 0.2911 -0.5984 0.7464
vn 0.0564 -0.1917 0.9798
vn -0.6024 0.4259 0.6751
vn -0.7160 0.6870 0.1242
vn -0.2308 0.4207 0.8774
vn -0.3470 0.8664 0.3591
vn -0.6144 0.7128 -0.3383
vn -0.4706 0.6078 -0.6396
vn -0.3225 0.9276 -0.1884
vn -0.2666 0.7784 -0.5684
vn -0.2829 0.3512 -0.8926
vn -0.2784 0.2755 -0.9201
vn -0.2045 0.5176 -0.8308
vn -0.1277 0.1092 -0.9858
vn 0.0361 -0.1704 -0.9847
vn 0.4876 -0.6456 -0.5877
vn -0.0157 -0.5639 -0.8257
vn -0.0947 -0.8613 -0.4992
vn -0.0495 -0.9987 -0.0135
vn -0.1011 -0.9807 -0.1672
vn -0.1575 -0.7836 -0.6010
vn -0.0853 -0.9258 0.3682
vn 0.0446 -0.8953 0.4432
vn 0.1343 -0.6371 0.7590
vn 0.0268 -0.5744 0.8181
vn 0.1994 -0.1451 0.9691
vn 0.1783 -0.2272 0.9574
vn 0.1553 0.3657 0.9177
vn 0.0950 0.8493 0.5192
vn 0.2665 0.3326 0.9046
vn 0.1678 0.7507 0.6390
vn -0.0076 0.9999 -0.0080
vn -0.1012 0.8794 -0.4653
vn -0.0116 0.9922 0.1240
vn -0.1260 0.8916 -0.4350
vn -0.1514 0.5932 -0.7907
vn -0.1468 0.2264 -0.9629
vn -0.1637 0.5899 -0.7907
vn -0.2141 0.2386 -0.9472
vn -0.1299 -0.3451 -0.9295
vn -0.2264 -0.2740 -0.9347
vn 0.0330 -0.9575 0.2867
vn 0.2089 -0.8620 0.4619
vn 0.0970 -0.8483 0.5206
vn -0.0440 -0.9525 0.3014
vn 0.3293 -0.4112 0.8500
vn 0.4180 -0.4861 0.7675
vn 0.1715 -0.3245 0.9302
vn -0.1916 -0.6544 0.7315
vn -0.3271 -0.8396 0.4337
vn -0.3380 -0.9325 -0.1269
vn -0.6758 -0.4053 -0.6156
vn -0.7986 -0.3818 -0.4652
vn 0.0925 -0.9377 0.3349
vn -0.3155 -0.9484 0.0323
vn 0.1517 -0.8631 0.4817
vn -0.3283 -0.9229 -0.2014
vn -0.5760 -0.4277 -0.6966
vn -0.4941 0.5522 -0.6715
vn -0.7135 0.1858 -0.6756
vn -0.6036 0.0145 -0.7971
vn -0.3398 0.5643 -0.7524
vn -0.5999 -0.0861 -0.7954
vn -0.3905 0.4454 -0.8057
vn -0.1630 0.8425 -0.5134
vn -0.3808 0.7943 -0.4733
vn -0.0992 0.8337 -0.5432
vn 0.0995 0.9765 -0.1910
vn 0.0417 0.9860 -0.1613
vn -0.0742 0.9860 -0.1491
vn 0.3068 0.9185 0.2494
vn 0.2857 0.9269 0.2434
vn 0.3437 0.9063 0.2459
vn 0.5205 0.5304 0.6691
vn 0.4812 0.6257 0.6140
vn 0.5336 0.5895 0.6064
vn 0.5679 0.0152 0.8229
vn 0.4718 -0.5920 0.6534
vn 0.4551 -0.7114 0.5355
vn 0.5843 -0.1641 0.7948
vn 0.5115 0.0371 0.8585
vn 0.2664 -0.8686 0.4178
vn 0.3486 -0.8016 0.4857
vn -0.0317 -0.9628 0.2683
vn 0.0106 -0.5850 0.8109
vn -0.0096 -0.6068 0.7948
vn -0.0950 -0.9604 0.2618
vn 0.1226 -0.0734 0.9897
vn 0.0249 -0.0479 0.9985
vn 0.0251 0.3688 0.9292
vn 0.1169 0.3381 0.9338
vn 0.0511 0.7354 0.6757
vn 0.0534 0.7600 0.6477
vn -0.0516 0.9913 0.1210
vn -0.1295 0.8618 -0.4904
vn -0.0123 0.9969 0.0783
vn -0.0990 0.8363 -0.5393
vn -0.1816 0.5621 -0.8069
vn -0.2671 0.2541 -0.9296
vn -0.1700 0.5471 -0.8196
vn -0.3005 0.2647 -0.9163
vn -0.3558 -0.2226 -0.9077
vn -0.5009 -0.1417 -0.8538
vn -0.5892 -0.6543 -0.4741
vn -0.3669 -0.7193 -0.5900
vn -0.1874 -0.9589 -0.2132
vn -0.3777 -0.9220 -0.0853
vn -0.1177 -0.4632 0.8784
vn -0.0080 0.0388 0.9992
vn -0.4592 -0.8099 0.3650
vn -0.8989 -0.3750 0.2267
vn -0.5834 -0.0538 0.8104
vn -0.2159 0.2698 0.9384
vn -0.8072 0.2257 -0.5454
vn -0.8884 -0.4143 -0.1979
vn -0.6082 0.5321 -0.5890
vn -0.7721 0.5362 -0.3411
vn -0.8947 0.2589 -0.3639
vn -0.9319 -0.2900 0.2178
vn -0.0388 0.8922 0.4500
vn -0.2412 0.5946 0.7670
vn -0.6383 0.7102 0.2969
vn -0.1936 0.9648 0.1782
vn -0.7561 0.5124 0.4071
vn -0.5819 0.7971 -0.1617
vn -0.0075 0.9999 -0.0134
vn 0.0035 0.4483 0.8939
vn 0.0723 0.7962 0.6007
vn -0.4554 0.7661 -0.4535
vn -0.0282 0.9805 -0.1946
vn 0.0944 0.9937 0.0598
vn -0.0102 0.8407 -0.5414
vn 0.1391 0.9829 0.1210
vn 0.0427 0.8709 -0.4896
vn -0.1455 0.5616 -0.8145
vn -0.3707 0.3235 -0.8706
vn -0.1573 0.6424 -0.7501
vn -0.4324 0.3993 -0.8085
vn -0.9875 -0.0872 0.1313
vn -0.9107 0.4029 0.0909
vn 0.5887 0.7630 0.2669
vn 0.3503 0.9358 0.0385
vn 0.3675 0.9262 0.0848
vn 0.6039 0.6663 0.4374
vn 0.6749 0.5071 0.5360
vn 0.5575 0.1418 0.8180
vn 0.7298 0.5105 0.4547
vn 0.5022 0.8318 0.2363
vn 0.6960 0.6972 0.1718
vn 0.4837 0.8713 0.0830
vn 0.7673 0.1064 0.6324
vn 0.4508 -0.4095 0.7932
vn 0.6245 -0.1488 0.7667
vn 0.3332 -0.6554 0.6778
vn 0.2546 -0.6186 0.7433
vn 0.2128 -0.3591 0.9087
vn 0.0164 -0.6613 0.7499
vn -0.0915 -0.2988 0.9499
vn -0.5040 -0.7698 0.3916
vn -0.5919 -0.4695 0.6551
vn -0.6143 -0.3445 0.7099
vn -0.2982 -0.1239 0.9464
vn -0.8878 -0.3134 0.3371
vn -0.8820 -0.3097 0.3551
vn -0.6721 -0.3090 0.6730
vn -0.4020 -0.1500 0.9033
vn -0.6879 -0.3234 0.6498
vn -0.4325 -0.2233 0.8736
vn -0.8398 -0.3729 0.3946
vn -0.8043 -0.4169 0.4235
vn -0.6638 -0.3646 0.6530
vn -0.4099 -0.2536 0.8762
vn -0.8803 -0.4599 -0.1162
vn -0.7821 -0.4670 0.4127
vn -0.8848 -0.3881 0.2578
vn -0.9222 -0.3514 -0.1613
vn -0.9185 -0.3869 0.0816
vn -0.8426 -0.4623 0.2762
vn -0.8476 -0.5272 -0.0596
vn -0.4572 -0.1616 0.8746
vn -0.3818 -0.2618 0.8864
vn -0.3881 -0.2165 0.8958
vn -0.8759 -0.3591 0.3224
vn -0.8262 -0.2392 0.5101
vn -0.4782 -0.1715 0.8613
vn -0.5864 -0.2661 0.7651
vn -0.6893 -0.2308 0.6867
vn -0.2717 0.0016 0.9624
vn 0.1183 0.1592 0.9801
vn 0.0054 0.0056 1.0000
vn -0.0984 -0.1340 0.9861
vn -0.7172 -0.3962 0.5733
vn -0.6150 -0.4228 0.6656
vn -0.1490 -0.3446 0.9269
vn -0.2376 -0.4984 0.8337
vn -0.8868 -0.4182 0.1968
vn 0.3900 -0.2351 0.8903
vn 0.3468 -0.4909 0.7992
vn 0.3921 0.0014 0.9199
vn 0.6851 0.0885 0.7231
vn 0.7544 -0.0979 0.6491
vn 0.7529 -0.3485 0.5583
vn -0.0965 0.7516 0.6525
vn 0.2917 0.7475 0.5968
vn 0.3187 0.4642 0.8264
vn 0.3036 0.1269 0.9443
vn 0.5968 0.4709 0.6497
vn 0.5637 0.5517 0.6147
vn 0.1888 0.0079 0.9820
vn -0.0744 0.0363 0.9966
vn -0.5171 0.6421 0.5660
vn -0.1338 0.6366 0.7595
vn -0.3838 0.9219 -0.0523
vn -0.3398 0.9012 0.2690
vn -0.0587 0.9914 -0.1170
vn -0.1214 0.9758 0.1816
vn -0.2857 0.0904 0.9540
vn -0.9573 0.0798 0.2780
vn -0.9986 -0.0518 0.0093
vn -0.9578 -0.2050 0.2015
vn -0.9518 0.3028 -0.0482
vn -0.7810 0.5912 -0.2012
vn -0.3992 0.7972 -0.4529
vn -0.3658 0.8379 -0.4051
vn -0.0454 0.9119 -0.4078
vn -0.0395 0.8456 -0.5323
vn -0.7798 -0.2937 0.5528
vn -0.8426 -0.2247 0.4894
vn -0.3355 -0.5686 0.7511
vn -0.4853 -0.5447 0.6839
vn -0.7741 0.6313 0.0477
vn -0.9023 0.4311 -0.0057
vn -0.8973 -0.1384 0.4192
vn -0.8791 0.2888 0.3793
vn -0.6475 -0.3843 0.6581
vn -0.7507 -0.0387 0.6595
vn 0.6580 -0.4844 0.5765
vn 0.6543 -0.5781 0.4876
vn 0.9265 -0.3177 0.2016
vn 0.9140 -0.1183 0.3881
vn 0.9578 -0.1782 0.2255
vn 0.9805 0.1672 -0.1036
vn 0.9857 0.1659 0.0306
vn 0.9560 0.2807 0.0853
vn 0.2499 -0.6700 0.6991
vn 0.1636 -0.6806 0.7141
vn 0.6391 0.6998 -0.3192
vn 0.7008 0.7134 0.0031
vn 0.5955 0.7051 -0.3851
vn 0.0370 0.8922 -0.4501
vn 0.2317 0.9575 -0.1719
vn 0.6128 0.3713 0.6976
vn -0.1301 0.3263 0.9363
vn 0.0990 -0.4224 0.9010
vn 0.7279 -0.1357 0.6722
vn -0.3897 0.8106 -0.4371
vn -0.3428 0.9153 -0.2116
vn -0.3325 0.8811 0.3363
vn 0.4923 0.8101 0.3183
vn 0.8351 0.3636 0.4127
vn -0.2410 0.6232 0.7440
vn -0.2716 0.6826 0.6784
vn 0.0053 0.7279 0.6856
vn 0.0592 0.6025 0.7959
vn 0.0820 0.5552 0.8276
vn 0.1065 0.6065 0.7879
vn -0.2606 0.5986 0.7575
vn -0.2461 0.5895 0.7694
vn -0.2125 0.6081 0.7649
vn -0.2088 0.6321 0.7462
vn -0.2178 0.6192 0.7544
vn -0.0650 0.5726 0.8173
vn -0.0676 0.5964 0.7998
vn -0.0990 0.6158 0.7817
vn 0.1406 0.6910 0.7090
vn -0.2735 0.6262 0.7301
vn 0.2040 0.7665 0.6089
vn -0.2715 0.6540 0.7061
vn -0.1814 0.6344 0.7514
vn -0.0524 0.6503 0.7579
vn -0.2029 0.6828 0.7019
vn -0.0902 0.7522 0.6527
vn 0.2756 0.7825 0.5583
vn -0.2484 0.6682 0.7013
vn 0.3705 0.7888 0.4904
vn -0.1963 0.6897 0.6970
vn -0.2699 0.6833 0.6784
vn -0.3141 0.6653 0.6773
vn -0.1116 0.7584 0.6422
vn -0.1198 0.7366 0.6656
vn -0.0077 0.7429 0.6694
vn 0.6351 0.7125 0.2982
vn 0.7011 0.6458 0.3024
vn 0.0274 0.7246 0.6886
vn 0.4991 0.7796 0.3784
vn -0.1134 0.7246 0.6798
vn -0.3159 0.6558 0.6857
vn -0.2880 0.6361 0.7158
vn -0.1406 0.7187 0.6809
vn -0.1550 0.6952 0.7019
vn -0.2034 0.6707 0.7133
vn -0.2088 0.6998 0.6832
vn -0.1171 0.6661 0.7366
vn -0.4434 0.5962 0.6693
vn -0.2301 0.7115 0.6640
vn -0.4833 0.6242 0.6139
vn -0.1897 0.7566 0.6258
vn -0.5581 0.6506 0.5150
vn -0.8880 -0.4107 -0.2067
vn -0.9864 0.0329 0.1609
vn -0.9746 0.0416 0.2201
vn -0.8716 -0.4377 -0.2209
vn -0.9996 -0.0008 0.0273
vn -0.8733 -0.4043 -0.2718
vn -0.1899 0.6038 0.7742
vn -0.1529 0.6422 0.7511
vn -0.5394 0.5354 0.6499
vn -0.5789 0.4535 0.6776
vn -0.9675 -0.0772 0.2410
vn -0.8726 -0.4676 -0.1409
vn -0.9511 0.0226 0.3081
vn -0.9049 -0.4248 -0.0267
vn -0.5963 0.4939 0.6329
vn -0.2129 0.5687 0.7945
vn -0.2563 0.6096 0.7501
vn -0.6458 0.5064 0.5714
vn -0.8308 -0.4883 -0.2670
vn -0.8400 -0.4747 -0.2626
vn -0.7666 -0.5930 -0.2464
vn -0.7540 -0.6073 -0.2503
vn -0.7696 -0.6089 -0.1922
vn -0.7067 -0.6423 -0.2968
vn -0.6896 -0.6413 -0.3365
vn -0.7827 -0.5611 -0.2693
vn -0.8078 -0.5107 -0.2943
vn -0.9364 0.1537 0.3154
vn -0.9403 0.2284 0.2525
vn -0.9878 -0.1532 -0.0283
vn -0.9668 -0.2557 0.0010
vn -0.8705 -0.4644 -0.1630
vn -0.8726 -0.4421 -0.2075
vn -0.6799 -0.6238 -0.3856
vn -0.7234 -0.5918 -0.3558
vn -0.7200 -0.5280 -0.4503
vn -0.7045 -0.5597 -0.4364
vn -0.2928 0.6457 0.7052
vn -0.6918 0.4774 0.5418
vn -0.2612 0.6701 0.6948
vn -0.7122 0.4491 0.5396
vn -0.8821 -0.4104 -0.2313
vn -0.8820 -0.3898 -0.2649
vn -0.9925 -0.1215 -0.0109
vn -0.9934 -0.1143 -0.0020
vn -0.9470 0.2197 0.2342
vn -0.9475 0.1642 0.2743
vn -0.2423 0.7057 0.6658
vn -0.7108 0.4734 0.5203
vn -0.2472 0.7508 0.6126
vn -0.6985 0.5231 0.4884
vn -0.9536 0.1604 0.2548
vn -0.9597 0.1976 0.2000
vn -0.9926 -0.0533 -0.1088
vn -0.9949 -0.0900 -0.0464
vn -0.8705 -0.3315 -0.3637
vn -0.7329 -0.4521 -0.5083
vn -0.8707 -0.2632 -0.4154
vn -0.7967 -0.3893 -0.4623
vn -0.7615 -0.5151 -0.3935
vn -0.8128 -0.4776 -0.3336
vn -0.9784 -0.0320 -0.2041
vn -0.9857 -0.0045 -0.1684
vn -0.9567 0.2549 0.1404
vn -0.9582 0.2489 0.1413
vn -0.6758 0.5670 0.4710
vn -0.6818 0.5442 0.4889
vn -0.2535 0.7651 0.5918
vn -0.2851 0.7171 0.6360
vn -0.9193 -0.1252 -0.3731
vn -0.8752 -0.2153 -0.4332
vn -0.2422 0.6041 0.7592
vn -0.2121 0.6550 0.7252
vn -0.2357 0.5701 0.7870
vn -0.5589 0.5052 0.6576
vn -0.8458 -0.4591 -0.2718
vn -0.8735 -0.4431 -0.2015
vn -0.8689 -0.3680 -0.3309
vn -0.9161 -0.3490 -0.1972
vn -0.3712 0.6422 0.6707
vn -0.7219 0.4561 0.5204
vn -0.9158 -0.2386 -0.3230
vn -0.9481 -0.2649 -0.1758
vn -0.9898 -0.0777 -0.1194
vn -0.9937 -0.1123 -0.0007
vn -0.9578 0.1852 0.2198
vn -0.9282 0.1825 0.3242
vn -0.2463 0.5504 0.7977
vn -0.5796 0.4525 0.6778
vn -0.2571 0.5294 0.8085
vn -0.5901 0.4176 0.6909
vn -0.8965 -0.4249 -0.1254
vn -0.9263 -0.3701 -0.0701
vn -0.9423 -0.3243 -0.0831
vn -0.9656 -0.2595 -0.0136
vn -0.9631 -0.2578 -0.0768
vn -0.9793 -0.1992 -0.0347
vn -0.9924 -0.0971 0.0757
vn -0.9934 -0.0589 0.0980
vn -0.9019 0.1861 0.3898
vn -0.8945 0.1847 0.4072
vn -0.2912 0.5154 0.8059
vn -0.6048 0.4007 0.6882
vn -0.3387 0.4713 0.8144
vn -0.6455 0.3943 0.6541
vn -0.9625 -0.2677 -0.0433
vn -0.9630 -0.2643 -0.0523
vn -0.9854 -0.1608 0.0564
vn -0.9825 -0.1191 0.1434
vn -0.9886 -0.1495 0.0154
vn -0.9865 -0.1044 0.1260
vn -0.9925 -0.0507 0.1113
vn -0.9860 -0.0463 0.1600
vn -0.9017 0.1710 0.3971
vn -0.9216 0.1399 0.3621
vn -0.9465 -0.3182 -0.0538
vn -0.9075 -0.4187 -0.0340
vn -0.9709 -0.1481 0.1880
vn -0.9459 -0.1929 0.2609
vn -0.6481 -0.7579 0.0744
vn -0.8975 -0.4397 -0.0341
vn -0.7225 -0.6298 -0.2853
vn -0.8394 -0.4517 -0.3024
vn -0.8745 -0.4068 -0.2639
vn -0.8798 -0.4654 -0.0968
vn -0.9215 -0.3599 -0.1460
vn -0.8653 -0.3828 -0.3237
vn -0.9502 -0.2955 -0.0987
vn -0.6193 -0.1717 -0.7662
vn -0.6851 -0.2121 -0.6968
vn -0.9679 -0.2505 0.0184
vn -0.9643 0.2406 0.1109
vn -0.3735 0.7461 0.5513
vn -0.5219 0.4672 0.7137
vn -0.9970 -0.0683 -0.0366
vn -0.8793 -0.2940 -0.3748
vn -0.9787 -0.0181 -0.2045
vn -0.8434 0.5028 0.1892
vn -0.2474 0.9176 0.3111
vn -0.7845 0.6099 0.1119
vn -0.3418 0.9397 0.0121
vn -0.9718 0.2228 -0.0776
vn -0.9536 0.3009 -0.0065
vn -0.8487 0.5155 0.1182
vn -0.6708 0.7093 -0.2166
vn -0.5668 -0.5354 -0.6261
vn -0.6045 -0.4031 -0.6870
vn -0.4536 -0.3657 -0.8127
vn -0.3875 -0.5299 -0.7544
vn -0.5262 -0.1050 -0.8439
vn -0.5614 -0.2789 -0.7792
vn -0.6379 -0.2797 -0.7175
vn -0.5364 -0.3534 -0.7664
vn -0.4765 -0.4593 -0.7496
vn -0.4119 -0.7879 -0.4578
vn -0.2811 -0.6617 -0.6951
vn -0.2631 -0.7154 -0.6473
vn -0.3835 -0.8424 -0.3786
vn -0.2839 -0.6433 -0.7110
vn -0.2742 -0.6111 -0.7426
vn -0.2095 -0.7244 -0.6568
vn -0.2474 -0.7836 -0.5699
vn -0.3762 -0.8701 -0.3184
vn -0.2431 -0.8383 -0.4880
vn -0.3986 -0.8798 -0.2591
vn -0.1177 -0.7845 -0.6089
vn -0.0856 -0.7854 -0.6130
vn -0.2463 -0.8372 -0.4883
vn -0.4802 -0.8458 -0.2326
vn -0.6274 -0.7671 0.1334
vn -0.5435 -0.8204 -0.1775
vn -0.5106 -0.8528 -0.1098
vn -0.5733 -0.7817 0.2456
vn -0.4955 -0.8684 -0.0209
vn -0.5530 -0.7014 0.4498
vn -0.4837 -0.5347 0.6929
vn -0.1872 -0.0755 0.9794
vn -0.3350 -0.0678 0.9398
vn -0.6297 -0.5570 0.5415
vn -0.3337 -0.3434 0.8779
vn -0.1086 -0.0690 0.9917
vn -0.5554 -0.8288 0.0680
vn -0.6125 -0.4037 0.6796
vn -0.7050 -0.6973 0.1298
vn -0.8001 -0.1603 0.5781
vn -0.8323 -0.5543 0.0074
vn -0.9050 -0.3054 0.2961
vn -0.6693 -0.7084 -0.2241
vn -0.0187 0.5780 0.8158
vn -0.2161 0.4190 0.8819
vn -0.0631 0.4151 0.9076
vn 0.0044 0.4803 0.8771
vn -0.5246 -0.0694 0.8485
vn -0.6616 -0.0321 0.7492
vn 0.0573 0.3673 0.9283
vn 0.0423 0.3114 0.9493
vn -0.9621 -0.0418 0.2695
vn -0.9114 -0.0315 0.4103
vn -0.9561 0.0313 0.2913
vn -0.9067 0.0002 0.4217
vn -0.8010 0.1646 0.5756
vn -0.4109 0.3230 0.8526
vn -0.4132 0.3153 0.8543
vn -0.8461 -0.0897 0.5254
vn 0.2650 0.5790 0.7711
vn 0.3238 0.5713 0.7542
vn -0.9203 0.1083 0.3758
vn -0.9122 -0.0366 0.4082
vn -0.2826 0.0646 0.9571
vn 0.1638 0.3219 0.9325
vn -0.6680 -0.2970 0.6823
vn -0.8621 0.0052 0.5067
vn -0.4800 0.5202 0.7064
vn -0.9140 0.0646 0.4006
vn -0.7791 0.3327 0.5313
vn -0.3919 0.0678 0.9175
vn 0.0163 0.3276 0.9447
vn 0.1147 0.2877 0.9508
vn -0.0357 0.2916 0.9559
vn -0.9166 -0.3261 -0.2312
vn -0.8950 -0.4435 0.0471
vn -0.7631 -0.6345 0.1230
vn -0.8342 -0.2980 0.4640
vn -0.3832 -0.1562 0.9103
vn -0.8260 -0.3601 0.4336
vn -0.9591 -0.2735 -0.0724
vn -0.9364 -0.3463 -0.0564
vn -0.9797 -0.2004 -0.0029
vn -0.9467 -0.2986 0.1204
vn -0.9308 -0.3573 -0.0768
vn -0.9109 -0.3533 -0.2130
vn -0.8874 -0.3241 0.3280
vn -0.8664 -0.4416 0.2333
vn -0.9264 -0.3609 0.1073
vn -0.9108 -0.1431 0.3873
vn -0.6934 -0.7149 -0.0902
vn -0.3834 -0.9003 -0.2061
vn -0.6673 -0.3280 -0.6687
vn -0.5720 -0.3932 -0.7199
vn 0.0406 0.5793 0.8141
vn 0.1083 0.0939 0.9897
vn 0.3999 0.0884 0.9123
vn 0.3555 0.5481 0.7571
vn -0.1222 0.9892 0.0810
vn 0.0500 0.9954 -0.0814
vn -0.2726 0.8192 -0.5046
vn -0.5495 0.8127 -0.1939
vn -0.5515 0.3228 -0.7692
vn -0.7917 0.3133 -0.5244
vn -0.6386 -0.1331 -0.7579
vn -0.7666 -0.1306 -0.6287
vn 0.1822 0.9197 0.3479
vn -0.0903 0.8880 0.4509
vn -0.7388 0.1867 0.6475
vn -0.4111 0.4409 0.7979
vn -0.5325 0.7679 0.3559
vn -0.9373 0.3301 0.1114
vn -0.9484 -0.3029 -0.0934
vn -0.6798 -0.4282 0.5955
vn -0.3115 -0.1459 0.9390
vn -0.1286 -0.9257 -0.3558
vn -0.6301 -0.5022 -0.5923
vn -0.3701 -0.8379 0.4011
vn -0.0911 -0.5329 0.8413
vn -0.7941 -0.0296 -0.6070
vn -0.4384 -0.0674 -0.8963
vn -0.2774 0.1579 -0.9477
vn -0.4053 0.0669 0.9117
vn -0.6979 -0.5513 0.4571
vn -0.7595 -0.5580 0.3343
vn -0.4687 0.1471 0.8710
vn -0.8172 -0.5749 -0.0411
vn -0.7407 -0.5053 0.4429
vn -0.8580 -0.4926 -0.1453
vn -0.8092 -0.5874 0.0147
vn -0.7270 -0.6865 -0.0127
vn -0.7052 -0.5834 0.4029
vn -0.6403 -0.6685 0.3783
vn -0.6988 -0.7138 0.0455
vn -0.6623 -0.7302 0.1681
vn -0.6905 -0.6411 0.3350
vn -0.6846 -0.7289 0.0107
vn -0.6549 -0.6505 0.3846
vn -0.7627 -0.6247 0.1675
vn -0.9170 -0.3865 -0.0988
vn -0.9346 -0.3541 -0.0348
vn -0.9284 -0.3330 0.1651
vn -0.8991 -0.3443 0.2702
vn -0.9141 -0.3904 -0.1097
vn -0.7122 -0.5087 0.4837
vn -0.8135 -0.5697 0.1168
vn -0.4037 -0.2994 0.8645
vn -0.5844 -0.4442 0.6791
vn -0.5844 -0.4617 0.6673
vn -0.6089 -0.2916 0.7377
vn -0.9575 -0.2855 0.0415
vn -0.5763 -0.2036 0.7915
vn -0.3661 -0.2446 0.8979
vn -0.6292 -0.3979 0.6676
vn -0.5625 -0.5233 -0.6402
vn -0.5248 -0.5946 -0.6091
vn -0.4181 -0.5780 -0.7008
vn -0.5254 -0.5005 -0.6881
vn -0.5248 -0.4475 -0.7241
vn -0.4989 -0.5860 -0.6386
vn -0.4762 -0.6872 -0.5486
vn -0.3517 -0.6834 -0.6397
vn -0.9852 -0.1054 0.1350
vn -0.9447 -0.1548 0.2892
vn -0.5082 0.2486 0.8246
vn -0.4155 0.1617 0.8951
vn -0.8377 -0.2599 0.4802
vn -0.7186 -0.1977 0.6668
vn -0.2883 0.2193 0.9321
vn -0.1391 0.4528 0.8807
vn -0.5596 -0.0294 0.8283
vn -0.0386 0.5671 0.8228
vn -0.1413 0.3915 0.9093
vn -0.1841 0.4566 0.8704
vn -0.1569 0.3048 0.9394
vn -0.5925 0.0224 0.8052
vn -0.6382 0.1027 0.7630
vn -0.6580 0.1162 0.7440
vn -0.6845 0.0510 0.7272
vn -0.2549 0.4433 0.8594
vn -0.4614 -0.6745 -0.5763
vn -0.2895 -0.6705 -0.6831
vn -0.2793 -0.6747 -0.6832
vn -0.4170 -0.7095 -0.5681
vn -0.3045 -0.7160 -0.6282
vn -0.2569 -0.6895 -0.6772
vn -0.2846 -0.7554 -0.5903
vn -0.4121 -0.7177 -0.5613
vn -0.7486 -0.6626 0.0252
vn -0.8067 -0.4087 0.4268
vn -0.8447 -0.3152 0.4327
vn -0.8072 -0.5901 0.0140
vn -0.8746 -0.2307 0.4265
vn -0.8605 -0.5095 -0.0033
vn -0.3284 -0.6265 -0.7069
vn -0.5150 -0.6228 -0.5890
vn -0.8491 -0.3103 0.4275
vn -0.8815 -0.2192 0.4183
vn -0.8800 -0.4749 0.0074
vn -0.8882 -0.4594 0.0043
vn -0.5783 -0.7503 -0.3204
vn -0.5724 -0.7780 -0.2589
vn -0.6903 -0.7213 0.0558
vn -0.4341 -0.7179 -0.5442
vn -0.6232 -0.6991 -0.3506
vn -0.6729 -0.6401 -0.3708
vn -0.7372 -0.5027 0.4515
vn -0.6983 -0.6144 -0.3674
vn -0.7380 -0.5531 -0.3866
vn 0.7823 0.5452 0.3014
vn 0.7535 0.5637 0.3384
vn 0.7696 0.5179 0.3736
vn 0.7665 0.5431 0.3429
vn 0.6003 0.6046 0.5235
vn 0.5769 0.6181 0.5340
vn 0.5809 0.5905 0.5602
vn 0.5927 0.6112 0.5246
vn 0.5719 0.6292 0.5263
vn 0.7840 0.5647 0.2578
vn 0.5693 0.5595 0.6023
vn 0.5434 0.5418 0.6413
vn 0.5583 0.6256 0.5449
vn 0.7939 0.5519 0.2551
vn 0.3967 0.6512 0.6470
vn 0.4174 0.6693 0.6147
vn 0.4526 0.5790 0.6782
vn 0.3555 0.6063 0.7113
vn 0.3990 0.5669 0.7207
vn 0.3914 0.5968 0.7005
vn 0.9125 -0.1203 0.3910
vn 0.6890 0.3486 0.6354
vn 0.9131 -0.3812 0.1444
vn 0.8576 -0.5143 -0.0066
vn 0.9093 -0.0209 0.4157
vn 0.6415 0.4157 0.6447
vn -0.3543 -0.6172 -0.7025
vn -0.4164 -0.6160 -0.6687
vn -0.4119 -0.6518 -0.6368
vn -0.3655 -0.6768 -0.6390
vn -0.4330 -0.6457 -0.6289
vn -0.4166 -0.6004 -0.6826
vn -0.4891 -0.5800 -0.6515
vn -0.4960 -0.6418 -0.5848
vn -0.5227 -0.6380 -0.5655
vn -0.4983 -0.6107 -0.6155
vn -0.5723 -0.6289 -0.5263
vn -0.5680 -0.6140 -0.5480
vn -0.4806 -0.6255 -0.6147
vn -0.5024 -0.5555 -0.6626
vn -0.3620 -0.5663 -0.7404
vn -0.3018 -0.6561 -0.6917
vn -0.5519 -0.6144 -0.5638
vn -0.5808 -0.5998 -0.5504
vn -0.5544 -0.5814 -0.5956
vn -0.5622 -0.5960 -0.5734
vn -0.5789 -0.5985 -0.5538
vn -0.5699 -0.5861 -0.5760
vn -0.4558 -0.6626 -0.5943
vn -0.4738 -0.6046 -0.6403
vn -0.4837 -0.7640 -0.4269
vn -0.1640 -0.7314 -0.6619
vn -0.2723 -0.8191 -0.5049
vn 0.0521 -0.7035 -0.7088
vn -0.2261 -0.6733 -0.7040
vn -0.1228 -0.6618 -0.7395
vn -0.4823 -0.7911 -0.3761
vn -0.4833 -0.7742 -0.4088
vn -0.4654 -0.5644 -0.6818
vn -0.4269 -0.7988 -0.4239
vn -0.5411 -0.4208 -0.7281
vn -0.4199 -0.0860 -0.9035
vn -0.2904 0.0785 -0.9537
vn -0.3312 -0.2668 -0.9051
vn -0.3093 -0.7139 -0.6282
vn -0.5252 -0.7515 -0.3992
vn -0.5548 -0.6850 -0.4721
vn -0.5550 -0.6603 -0.5060
vn -0.5251 -0.7351 -0.4288
vn -0.5780 -0.3992 -0.7117
vn -0.5808 -0.4951 -0.6462
vn -0.4904 -0.5704 -0.6589
vn -0.4225 -0.8357 -0.3508
vn -0.3844 -0.8483 -0.3643
vn -0.4233 -0.6464 -0.6349
vn -0.4303 -0.7641 -0.4806
vn -0.3788 -0.8925 -0.2447
vn -0.3638 -0.8832 -0.2959
vn -0.3908 -0.8899 -0.2353
vn -0.3924 -0.8210 -0.4146
vn 0.3928 0.3549 0.8484
vn 0.4253 0.4154 0.8041
vn 0.5319 0.3445 0.7736
vn 0.4988 0.2603 0.8267
vn 0.5220 0.7227 0.4530
vn 0.3907 0.7837 0.4829
vn 0.5748 0.7254 0.3787
vn 0.6073 0.2805 0.7433
vn 0.5047 0.0104 0.8632
vn 0.5586 0.4216 0.7143
vn 0.7870 0.3329 0.5195
vn 0.5240 0.5361 0.6619
vn 0.4966 0.1634 0.8525
vn 0.4488 -0.0593 0.8917
vn 0.7122 -0.0265 0.7015
vn 0.4196 0.9076 -0.0117
vn 0.5380 0.8129 0.2231
vn 0.5124 0.8300 0.2203
vn 0.5315 0.7777 0.3358
vn 0.4401 0.8913 0.1088
vn 0.5183 0.8184 0.2483
vn 0.4451 0.8953 0.0193
vn 0.4492 0.8746 -0.1826
vn 0.5820 0.8071 0.0994
vn 0.4755 0.0237 0.8794
vn 0.6174 0.0585 0.7845
vn 0.5225 0.1764 0.8342
vn 0.4753 0.8390 0.2649
vn 0.5998 0.3715 0.7087
vn 0.5639 0.6463 0.5141
vn 0.4846 0.8651 0.1297
vn 0.6363 0.6562 0.4056
vn 0.4238 0.9055 0.0203
vn 0.7860 0.5292 0.3196
vn 0.5618 0.4951 0.6628
vn 0.8595 0.4655 0.2111
vn 0.6702 0.4477 0.5920
vn 0.8446 0.4340 0.3136
vn 0.9586 0.2325 0.1644
vn 0.7969 0.4930 0.3490
vn 0.7248 0.3972 0.5629
vn 0.8089 0.5016 0.3066
vn 0.7999 0.4094 0.4387
vn 0.7357 0.4062 0.5420
vn 0.7347 0.5871 0.3401
vn 0.7635 0.5370 0.3588
vn 0.7864 0.5479 0.2852
vn 0.3997 0.1572 0.9031
vn 0.4312 0.2427 0.8690
vn 0.6046 0.3176 0.7305
vn 0.6338 0.2347 0.7371
vn 0.4190 0.4179 0.8061
vn 0.5680 0.3843 0.7278
vn 0.3117 0.9189 0.2416
vn 0.5930 0.7578 0.2722
vn 0.3870 0.9194 -0.0705
vn 0.7177 0.6652 0.2060
vn 0.5851 0.4209 0.6932
vn 0.6378 0.5000 0.5858
vn 0.6704 0.3427 0.6581
vn 0.7213 0.4120 0.5567
vn 0.7589 0.4513 0.4695
vn 0.7360 0.5682 0.3679
vn 0.7465 0.6339 0.2025
vn 0.7518 0.5439 0.3729
vn 0.7434 0.6014 0.2926
vn 0.7459 0.2480 0.6182
vn 0.7868 0.2742 0.5530
vn 0.8883 0.1093 0.4460
vn 0.8902 0.4445 0.0999
vn 0.4826 0.7786 -0.4012
vn 0.7063 0.6157 0.3494
vn 0.7146 0.5921 0.3725
vn 0.7512 0.3465 0.5618
vn 0.7056 0.1036 0.7010
vn 0.7361 0.0487 0.6751
vn 0.7794 0.2962 0.5521
vn 0.7260 -0.2222 0.6508
vn 0.6794 0.0714 0.7302
vn 0.6637 -0.2805 0.6934
vn 0.7299 -0.0473 0.6819
vn 0.8508 0.2280 0.4735
vn 0.6865 -0.4660 0.5582
vn 0.6068 -0.4139 0.6785
vn 0.7932 -0.3011 0.5293
vn 0.7104 -0.5893 0.3848
vn 0.5847 -0.6220 0.5208
vn 0.5394 -0.6119 0.5784
vn 0.7578 -0.3112 0.5735
vn 0.6974 -0.5926 0.4031
vn 0.9118 -0.4101 0.0191
vn 0.9648 -0.0322 0.2609
vn 0.9063 0.3976 0.1433
vn 0.9774 0.1648 -0.1327
vn 0.8023 0.3613 -0.4752
vn 0.8459 0.4937 -0.2017
vn 0.8930 -0.1818 -0.4117
vn 0.6442 0.0921 -0.7593
vn 0.3702 -0.8714 0.3218
vn 0.5395 -0.8339 0.1164
vn 0.2650 -0.9627 -0.0551
vn 0.2616 -0.9519 0.1595
vn 0.2917 -0.9073 -0.3029
vn 0.6683 -0.7081 -0.2279
vn 0.6378 -0.5261 -0.5625
vn 0.3984 -0.2848 -0.8719
vn 0.2627 -0.7886 -0.5559
vn 0.1138 -0.5578 -0.8222
vn 0.0914 -0.7904 -0.6057
vn -0.0055 -0.5123 -0.8588
vn 0.1583 -0.9136 -0.3746
vn -0.0805 -0.7943 -0.6021
vn -0.0630 -0.9673 -0.2457
vn -0.0620 -0.3954 -0.9164
vn -0.5555 -0.2986 -0.7760
vn -0.4759 0.0512 -0.8780
vn -0.5126 -0.0680 -0.8559
vn -0.5262 -0.1806 -0.8310
vn -0.5434 -0.2003 -0.8152
vn -0.5124 -0.1532 -0.8450
vn -0.5731 -0.5847 -0.5741
vn -0.5572 -0.5571 -0.6158
vn -0.5603 -0.6044 -0.5664
vn -0.4671 -0.8237 -0.3215
vn -0.4586 -0.6687 -0.5852
vn -0.2850 -0.9340 -0.2153
vn -0.1170 -0.7898 -0.6020
vn -0.0345 -0.8461 -0.5319
vn -0.4038 -0.0484 -0.9136
vn -0.4095 -0.2986 -0.8621
vn -0.4610 -0.5993 -0.6545
vn -0.4358 -0.8024 -0.4077
vn -0.4484 -0.7022 -0.5531
vn -0.3600 -0.8270 -0.4318
vn -0.3505 -0.6072 -0.7131
vn -0.3144 -0.3029 -0.8997
vn -0.4258 -0.8759 -0.2268
vn -0.2345 -0.8981 -0.3721
vn -0.3516 -0.9129 -0.2074
vn -0.3418 -0.9369 -0.0734
vn -0.4683 -0.8615 -0.1960
vn -0.3686 -0.9282 0.0502
vn -0.2448 -0.9685 0.0465
vn -0.2744 -0.9603 0.0507
vn -0.1835 -0.9796 0.0822
vn -0.1659 -0.9459 -0.2788
vn -0.0007 -0.8150 -0.5794
vn -0.2963 -0.9401 -0.1685
vn -0.0523 -0.7673 -0.6392
vn -0.0584 -0.8160 -0.5751
vn -0.4416 -0.8948 -0.0652
vn -0.3407 -0.7168 -0.6084
vn -0.2192 -0.8125 -0.5402
vn -0.2682 -0.9623 0.0454
vn -0.5170 -0.8073 -0.2844
vn -0.2620 -0.6693 -0.6953
vn -0.2216 -0.7004 -0.6785
vn -0.4233 -0.7630 -0.4885
vn -0.4218 -0.7278 -0.5408
vn -0.3781 -0.8082 -0.4515
vn -0.3217 -0.8360 -0.4445
vn -0.2918 -0.5657 -0.7713
vn -0.1726 -0.4622 -0.8698
vn -0.2064 -0.6684 -0.7146
vn -0.0990 -0.7956 -0.5977
vn -0.1547 -0.3287 -0.9317
vn -0.1143 -0.7234 -0.6810
vn -0.1155 -0.9339 -0.3384
vn -0.2195 -0.8307 -0.5116
vn -0.2833 -0.8604 -0.4236
vn -0.1603 -0.9257 -0.3426
vn -0.2198 -0.8973 -0.3827
vn -0.3277 -0.8514 -0.4095
vn -0.0397 -0.9341 -0.3547
vn -0.0736 -0.8855 -0.4587
vn -0.2535 -0.8459 -0.4692
vn -0.2947 -0.8219 -0.4875
vn -0.3808 -0.7146 -0.5868
vn -0.2102 -0.8753 -0.4356
vn -0.4920 -0.5525 -0.6728
vn -0.3488 -0.7874 -0.5082
vn -0.5150 -0.5968 -0.6153
vn -0.1366 -0.9321 -0.3355
vn -0.0725 -0.9404 -0.3321
vn -0.0266 -0.9453 -0.3251
vn 0.0089 -0.9881 -0.1535
vn -0.0286 -0.9841 -0.1752
vn -0.0284 -0.9481 -0.3167
vn -0.1670 -0.9146 -0.3683
vn -0.0194 -0.9954 -0.0942
vn -0.5130 -0.6734 -0.5324
vn -0.2373 -0.9307 -0.2782
vn -0.2563 -0.9033 -0.3440
vn -0.5498 -0.5862 -0.5951
vn -0.0169 -0.9933 -0.1141
vn -0.4261 -0.8096 -0.4038
vn -0.4936 -0.7601 -0.4227
vn -0.4187 -0.8125 -0.4056
vn -0.4913 -0.7394 -0.4604
vn -0.4123 -0.7978 -0.4399
vn -0.4761 -0.7293 -0.4913
vn -0.3535 -0.8207 -0.4488
vn -0.4188 -0.7809 -0.4635
vn -0.1626 -0.9476 -0.2751
vn -0.1820 -0.9480 -0.2611
vn -0.1389 -0.9648 -0.2235
vn -0.0896 -0.9680 -0.2346
vn -0.3753 -0.8089 -0.4526
vn -0.4504 -0.8269 -0.3367
vn -0.5973 -0.5662 -0.5680
vn -0.7206 -0.5596 -0.4094
vn -0.5271 -0.7308 -0.4337
vn -0.5429 -0.6879 -0.4817
vn -0.5349 -0.7404 -0.4072
vn -0.5758 -0.6595 -0.4832
vn -0.5274 -0.6720 -0.5199
vn -0.5721 -0.6317 -0.5231
vn -0.4318 -0.7727 -0.4652
vn -0.4752 -0.7478 -0.4637
vn -0.1633 -0.9489 -0.2702
vn -0.2287 -0.9276 -0.2955
vn -0.1766 -0.9808 -0.0832
vn -0.2556 -0.9541 -0.1563
vn -0.1566 -0.9823 -0.1026
vn -0.2183 -0.9547 -0.2022
vn -0.3968 -0.8174 -0.4177
vn -0.5074 -0.7546 -0.4161
vn -0.4107 -0.7824 -0.4682
vn -0.1022 -0.9913 -0.0835
vn -0.1580 -0.9568 -0.2440
vn -0.4568 -0.6961 -0.5539
vn -0.4699 -0.7769 -0.4191
vn -0.3666 -0.7375 -0.5671
vn -0.3655 -0.6765 -0.6393
vn -0.5288 -0.5027 -0.6839
vn -0.6332 -0.4576 -0.6243
vn 0.6923 0.3832 0.6115
vn 0.6832 0.4213 0.5965
vn 0.6600 0.3354 0.6722
vn 0.5900 0.2761 0.7588
vn 0.5176 0.4634 0.7193
vn 0.5589 0.6397 0.5276
vn 0.5534 0.7116 0.4329
vn 0.7415 0.2582 0.6192
vn 0.7440 0.2726 0.6100
vn 0.7520 0.3901 0.5314
vn 0.8037 0.1738 0.5691
vn 0.6096 0.6356 0.4737
vn 0.5973 0.6702 0.4406
vn 0.7331 0.4588 0.5020
vn 0.8074 0.2028 0.5540
vn 0.5699 0.7198 0.3963
vn 0.5710 0.7372 0.3613
vn 0.6139 0.6694 0.4184
vn 0.5917 0.6352 0.4964
vn 0.5743 0.6548 0.4913
vn 0.4964 0.7533 0.4315
vn 0.6720 0.4586 0.5814
vn 0.7054 0.4081 0.5795
vn 0.7987 0.1335 0.5867
vn 0.7430 0.3810 0.5503
vn 0.8007 -0.0317 0.5982
vn 0.7853 0.1155 0.6082
vn 0.7018 0.4538 0.5491
vn 0.6644 0.5576 0.4977
vn 0.6254 0.5587 0.5447
vn 0.7559 0.3726 0.5383
vn 0.6774 0.4772 0.5599
vn 0.7190 0.5774 0.3869
vn 0.7489 0.5031 0.4313
vn 0.5735 0.7495 0.3308
vn 0.5796 0.6670 0.4681
vn 0.5519 0.8183 0.1602
vn 0.7086 0.6422 0.2923
vn 0.7883 0.6070 0.1008
vn 0.7332 0.6478 -0.2069
vn 0.7742 0.6325 0.0246
vn 0.6591 0.7478 -0.0798
vn 0.5976 0.7495 -0.2850
vn 0.6276 0.7765 0.0559
vn 0.7401 0.5761 0.3470
vn 0.6903 0.4858 0.5362
vn 0.7514 0.1615 0.6398
vn 0.5541 0.7138 0.4284
vn 0.7604 0.5818 0.2887
vn 0.7718 0.6273 -0.1040
vn 0.7722 0.6274 0.1000
vn 0.7008 0.5494 0.4550
vn 0.7886 0.6072 -0.0969
vn 0.9270 0.3537 0.1251
vn 0.9296 0.1472 0.3379
vn 0.7503 0.6609 -0.0170
vn 0.7224 0.6901 0.0449
vn 0.7131 0.6605 0.2350
vn 0.7316 0.6628 -0.1596
vn 0.6870 0.5000 0.5273
vn 0.8412 0.2971 0.4518
vn 0.7661 0.6171 0.1796
vn 0.6800 0.6119 0.4040
vn 0.7701 -0.0146 0.6378
vn 0.7942 -0.0371 0.6065
vn 0.7964 0.1365 0.5891
vn 0.0836 0.9867 0.1396
vn 0.2432 0.9679 0.0638
vn 0.3807 0.8770 0.2932
vn 0.3026 0.9138 0.2709
vn 0.2278 0.9462 0.2298
vn 0.0598 0.9942 0.0893
vn 0.1476 0.9827 0.1117
vn 0.1984 0.9674 0.1577
vn 0.4274 0.8429 0.3270
vn 0.2027 0.9583 0.2013
vn 0.3160 0.9148 0.2516
vn 0.5071 0.7754 0.3763
vn 0.4274 0.8414 0.3306
vn 0.4954 0.7831 0.3761
vn 0.1510 0.9695 0.1933
vn 0.1357 0.9041 0.4053
vn -0.0208 0.9785 0.2050
vn 0.1391 0.9734 0.1819
vn 0.3943 0.8262 0.4024
vn 0.2917 0.8770 0.3817
vn 0.3765 0.8436 0.3829
vn 0.4436 0.7927 0.4181
vn 0.0160 0.9804 0.1963
vn 0.0373 0.9667 0.2531
vn 0.0850 0.9498 0.3012
vn 0.0747 0.9475 0.3109
vn 0.1120 0.9619 0.2493
vn 0.0876 0.9774 0.1923
vn 0.1692 0.9214 0.3498
vn 0.2152 0.8873 0.4079
vn 0.2082 0.8600 0.4658
vn -0.5822 -0.4941 -0.6457
vn -0.5670 -0.4988 -0.6556
vn -0.5736 -0.4906 -0.6560
vn -0.6040 -0.4008 -0.6889
vn -0.6522 -0.4863 -0.5816
vn -0.6324 -0.5096 -0.5835
vn -0.7043 -0.2689 -0.6570
vn -0.6658 -0.4923 -0.5607
vn -0.6628 -0.4734 -0.5802
vn -0.6671 -0.3350 -0.6654
vn -0.7632 -0.4527 -0.4611
vn -0.6892 -0.5305 -0.4936
vn -0.5532 -0.4290 -0.7141
vn -0.6134 -0.4030 -0.6792
vn -0.5712 -0.3404 -0.7469
vn -0.6553 -0.2487 -0.7132
vn -0.6943 -0.1902 -0.6941
vn -0.6465 -0.3906 -0.6553
vn -0.5282 -0.2915 -0.7975
vn -0.6826 -0.0166 -0.7306
vn -0.4731 -0.4920 -0.7308
vn -0.3401 -0.6069 -0.7184
vn -0.4418 -0.2693 -0.8558
vn -0.6740 -0.0698 -0.7355
vn -0.5784 -0.5055 -0.6402
vn -0.5531 -0.5874 -0.5908
vn -0.7117 -0.1619 -0.6836
vn -0.6621 -0.4092 -0.6278
vn -0.5849 -0.6131 -0.5310
vn -0.6952 -0.3639 -0.6199
vn -0.0268 -0.6782 -0.7344
vn -0.3173 -0.4642 -0.8270
vn -0.2631 -0.7785 -0.5698
vn -0.5319 -0.5234 -0.6656
vn 0.2899 0.9068 0.3060
vn 0.1179 0.9889 0.0904
vn 0.5123 0.7785 0.3626
vn 0.5838 0.6921 0.4244
vn 0.4444 0.8026 0.3978
vn 0.3604 0.9321 0.0353
vn 0.5132 0.8469 0.1393
vn 0.3079 0.9239 -0.2273
vn 0.2674 0.9365 -0.2268
vn 0.5061 0.8592 0.0749
vn 0.2937 0.9313 -0.2153
vn 0.3788 0.9077 -0.1808
vn 0.2737 0.9531 -0.1296
vn 0.5143 0.8576 -0.0016
vn 0.1640 -0.8073 -0.5669
vn 0.3824 -0.6551 -0.6517
vn 0.7481 -0.6488 -0.1391
vn 0.5791 -0.8122 -0.0707
vn 0.0492 -0.3600 -0.9317
vn -0.1957 -0.4732 -0.8590
vn 0.3310 -0.2322 -0.9146
vn 0.6229 -0.3545 -0.6973
vn 0.8693 -0.4234 -0.2550
vn 0.5987 0.8008 -0.0160
vn 0.7861 0.6049 -0.1269
vn 0.4426 0.6842 -0.5797
vn 0.4566 0.8896 -0.0058
vn 0.1565 0.7936 -0.5880
vn 0.0310 0.8222 -0.5684
vn 0.7923 0.4358 0.4269
vn 0.7777 0.4535 0.4354
vn 0.8604 0.4324 0.2698
vn -0.3000 0.1720 -0.9383
vn -0.1485 0.5294 -0.8353
vn -0.0171 0.5472 -0.8368
vn -0.0771 0.2942 -0.9526
vn 0.4047 0.4463 -0.7982
vn 0.3603 0.2431 -0.9006
vn 0.8913 0.3635 -0.2710
vn 0.9081 0.1677 -0.3838
vn 0.9248 0.2027 0.3221
vn 0.9527 0.0800 0.2931
vn -0.0789 -0.0296 -0.9964
vn 0.3338 -0.0029 -0.9426
vn -0.3409 -0.1160 -0.9329
vn 0.8080 -0.0597 -0.5861
vn 0.9888 -0.1331 0.0668
vn 0.9021 -0.2945 0.3156
vn 0.8190 -0.4407 0.3674
vn 0.8622 0.0559 0.5035
vn 0.8572 0.0205 0.5146
vn 0.8022 0.1973 0.5635
vn 0.8216 0.1833 0.5398
vn -0.0846 0.8897 0.4487
vn 0.1579 0.8477 0.5064
vn 0.1717 0.8617 0.4775
vn -0.0520 0.8894 0.4542
vn 0.5484 0.6792 0.4878
vn 0.4928 0.6872 0.5338
vn 0.7404 0.5033 0.4455
vn 0.3751 0.7741 0.5099
vn 0.0773 0.8553 0.5123
vn -0.2843 0.8745 0.3929
vn -0.3145 0.8660 0.3887
vn -0.1989 0.8599 0.4701
vn -0.5852 0.7441 0.3222
vn -0.5966 0.7627 0.2498
vn -0.6182 0.7405 0.2636
vn 0.0161 0.9330 0.3595
vn 0.2262 0.9231 0.3109
vn 0.2116 0.7886 0.5774
vn -0.0774 0.8466 0.5266
vn 0.5299 0.6472 0.5480
vn 0.3174 0.9301 0.1850
vn -0.3177 0.8276 0.4628
vn -0.2124 0.9270 0.3092
vn -0.6504 0.6895 0.3186
vn -0.6359 0.7483 0.1887
vn 0.3065 0.9223 -0.2355
vn 0.4232 0.8945 -0.1440
vn 0.4250 0.8897 0.1667
vn 0.2049 0.9268 -0.3148
vn 0.4943 0.8415 -0.2179
vn -0.3919 0.8790 -0.2715
vn -0.9046 0.4238 -0.0464
vn -0.7729 0.4743 -0.4215
vn -0.7623 0.2713 -0.5877
vn -0.1286 0.6946 -0.7078
vn -0.7816 -0.0182 -0.6235
vn -0.3334 0.5249 -0.7831
vn 0.7296 0.6838 -0.0070
vn 0.6669 0.7401 0.0868
vn 0.6635 0.7316 -0.1568
vn 0.6028 0.7970 0.0377
vn -0.1761 0.7190 -0.6723
vn 0.1025 0.9346 -0.3405
vn 0.2243 0.9494 -0.2198
vn -0.0589 0.7554 -0.6526
vn 0.0277 0.9332 -0.3582
vn -0.0101 0.9727 -0.2319
vn 0.0286 0.6960 -0.7175
vn 0.2296 0.8029 -0.5501
vn 0.3609 0.9231 0.1328
vn 0.2030 0.9747 0.0934
vn 0.3821 0.9241 -0.0092
vn 0.1079 0.9867 0.1213
vn 0.1984 0.8312 -0.5193
vn 0.0875 0.6402 -0.7632
vn 0.0631 0.7264 -0.6844
vn 0.4100 0.8603 -0.3030
vn -0.0745 0.9827 -0.1697
vn -0.9252 0.3567 0.1294
vn -0.8897 0.4219 0.1745
vn -0.9577 0.2876 0.0052
vn -0.9485 0.2882 0.1314
vn -0.3764 -0.7071 -0.5987
vn -0.6108 -0.6067 -0.5088
vn -0.7159 -0.5914 -0.3712
vn -0.4987 -0.6928 -0.5208
vn -0.7509 -0.1688 -0.6385
vn -0.8561 -0.1411 -0.4972
vn -0.9537 -0.3007 -0.0045
vn -0.7932 -0.5180 -0.3201
vn -0.9155 -0.2518 -0.3138
vn -0.6696 -0.5480 -0.5013
vn -0.9996 -0.0161 0.0222
vn -0.6859 0.1707 -0.7074
vn -0.9955 0.0946 0.0011
vn -0.2992 -0.7386 -0.6041
vn -0.1220 -0.8132 -0.5691
vn 0.0548 -0.8439 -0.5337
vn 0.0015 -0.7807 -0.6249
vn -0.8742 0.4617 0.1503
vn -0.9395 0.3426 0.0021
vn -0.8603 0.5047 0.0715
vn -0.9482 0.3042 -0.0920
vn -0.9696 0.1757 -0.1702
vn -0.8813 -0.2167 -0.4200
vn -0.9549 0.0729 -0.2880
vn -0.8163 -0.2730 -0.5091
vn -0.6174 -0.5520 -0.5605
vn -0.5431 -0.5810 -0.6062
vn -0.8560 0.5144 0.0518
vn -0.9614 0.2371 -0.1397
vn -0.8713 0.4791 0.1064
vn -0.9805 0.1552 -0.1202
vn -0.3050 -0.7867 -0.5367
vn -0.2074 -0.7905 -0.5762
vn -0.4735 -0.6672 -0.5750
vn -0.4657 -0.7115 -0.5262
vn -0.7969 -0.3691 -0.4783
vn -0.8014 -0.4136 -0.4321
vn -0.9366 -0.0919 -0.3382
vn -0.9424 -0.1395 -0.3040
vn -0.8502 0.4866 0.2012
vn -0.9859 0.1474 -0.0797
vn -0.5251 0.7340 0.4307
vn -0.4988 0.7302 0.4669
vn -0.8643 0.4450 0.2343
vn -0.9946 0.0881 -0.0548
vn -0.3952 -0.8179 -0.4182
vn -0.3204 -0.8074 -0.4955
vn -0.5253 -0.6969 -0.4882
vn -0.6961 -0.5977 -0.3978
vn -0.8405 -0.3753 -0.3907
vn -0.8964 -0.2896 -0.3355
vn -0.9576 -0.1151 -0.2641
vn -0.9616 -0.1209 -0.2464
vn -0.8222 0.5661 0.0594
vn -0.8085 0.5832 0.0782
vn -0.6235 0.7430 0.2433
vn -0.5584 0.7893 0.2553
vn -0.6361 0.7601 0.1326
vn -0.8533 0.5206 -0.0278
vn -0.3028 0.8932 0.3325
vn -0.3176 0.8486 0.4231
vn -0.2155 0.8891 0.4037
vn -0.9592 0.2141 -0.1845
vn -0.9582 0.2476 -0.1432
vn -0.9098 -0.1839 -0.3721
vn -0.9058 -0.1871 -0.3801
vn -0.9548 0.2243 -0.1953
vn -0.8902 -0.1865 -0.4157
vn -0.3437 -0.7582 -0.5541
vn -0.3606 -0.7704 -0.5258
vn -0.5655 -0.6470 -0.5115
vn -0.5646 -0.6047 -0.5617
vn -0.5898 -0.6378 -0.4954
vn -0.4443 -0.7226 -0.5296
vn 0.0944 0.2152 0.9720
vn 0.1185 0.2228 0.9676
vn 0.1437 0.1973 0.9698
vn 0.0912 0.1274 0.9876
vn 0.3348 0.6413 0.6904
vn 0.2529 0.5468 0.7981
vn 0.4023 0.9141 0.0503
vn 0.3308 0.7781 -0.5340
vn 0.2735 0.8447 -0.4601
vn 0.3603 0.8914 0.2751
vn 0.3064 0.6895 -0.6563
vn 0.2126 0.7990 -0.5625
vn 0.2412 0.9413 -0.2360
vn 0.3639 0.8866 -0.2853
vn 0.4591 0.4936 0.7386
vn 0.4466 0.5930 0.6699
vn 0.4727 0.5525 0.6866
vn 0.4184 0.3424 0.8413
vn 0.3881 0.5276 0.7556
vn 0.4345 0.5534 0.7106
vn 0.3785 0.5759 0.7246
vn 0.4940 0.5290 0.6900
vn 0.7552 -0.1331 -0.6418
vn 0.8344 -0.3724 -0.4064
vn 0.4836 -0.4877 -0.7268
vn 0.3675 -0.6711 -0.6439
vn -0.0318 -0.9180 0.3953
vn -0.1500 -0.9887 -0.0066
vn 0.2447 -0.9302 0.2735
vn -0.0211 -0.9998 0.0021
vn 0.2793 -0.9471 -0.1579
vn 0.7451 -0.6598 0.0978
vn 0.8355 -0.5479 -0.0419
vn 0.4474 -0.8223 -0.3517
vn 0.4718 -0.8180 0.3290
vn 0.2848 -0.9445 0.1635
vn 0.4658 -0.8753 0.1301
vn -0.0020 -0.9998 -0.0219
vn 0.8181 -0.5578 0.1397
vn 0.3623 -0.8961 -0.2565
vn 0.3929 -0.9186 -0.0426
vn 0.7428 -0.5944 0.3081
vn -0.1561 -0.9369 -0.3128
vn -0.2347 -0.8404 -0.4885
vn 0.2119 -0.9761 -0.0484
vn -0.0456 -0.9948 0.0907
vn 0.0151 -0.0706 -0.9974
vn -0.0716 -0.1547 -0.9854
vn 0.3936 -0.2348 -0.8888
vn 0.4095 0.1258 -0.9036
vn 0.3432 0.9315 0.1207
vn 0.3726 0.9275 0.0291
vn 0.0481 0.8460 -0.5310
vn 0.2108 0.8859 -0.4131
vn 0.7346 0.4926 0.4666
vn 0.6534 0.5289 0.5416
vn -0.0672 0.4520 -0.8895
vn 0.2366 0.3598 -0.9025
vn -0.2034 -0.0012 -0.9791
vn 0.0703 -0.2046 -0.9763
vn 0.8253 -0.4984 0.2655
vn 0.9368 -0.3470 0.0452
vn 0.4546 -0.8260 -0.3332
vn 0.4692 -0.8804 -0.0692
vn 0.8728 0.0095 0.4879
vn 0.8453 0.1527 0.5120
vn 0.7736 0.2053 0.5994
vn 0.7197 0.2348 0.6534
vn 0.8337 0.4997 0.2350
vn 0.7480 0.6004 0.2828
vn 0.8486 0.5016 -0.1680
vn 0.7347 0.6776 -0.0316
vn 0.7442 0.2894 -0.6020
vn 0.8356 0.2150 -0.5056
vn -0.4560 -0.8147 -0.3582
vn -0.3389 -0.8295 -0.4440
vn -0.3525 -0.7272 -0.5890
vn -0.5478 -0.6829 -0.4833
vn -0.3917 -0.6954 -0.6025
vn -0.3863 -0.7716 -0.5055
vn -0.6288 -0.5138 -0.5836
vn -0.4383 -0.5965 -0.6724
vn -0.3569 -0.6571 -0.6640
vn 0.6254 0.5499 0.5536
vn 0.6491 0.5808 0.4913
vn 0.6095 0.6075 0.5094
vn 0.5506 0.5850 0.5955
vn 0.6358 0.6306 0.4451
vn 0.6911 0.5816 0.4291
vn 0.5155 0.7288 0.4507
vn 0.4635 0.6985 0.5452
vn 0.3087 0.6639 0.6811
vn -0.2859 -0.6736 -0.6816
vn -0.3232 -0.7604 -0.5633
vn -0.3910 -0.7203 -0.5730
vn -0.3416 -0.6418 -0.6866
vn -0.1810 -0.7268 -0.6626
vn -0.2280 -0.8109 -0.5390
vn 0.4842 -0.8637 -0.1399
vn 0.5790 -0.8073 -0.1137
vn 0.6965 -0.7163 -0.0438
vn 0.6419 -0.7627 -0.0788
vn 0.6911 -0.7224 0.0203
vn 0.6008 -0.7963 -0.0708
vn 0.6550 -0.7555 0.0146
vn 0.8588 -0.3525 0.3718
vn 0.5045 -0.8491 -0.1562
vn 0.4364 -0.8789 -0.1925
vn 0.6364 -0.7711 0.0183
vn 0.8274 -0.3940 0.4002
vn 0.2610 -0.9544 -0.1449
vn 0.5534 -0.8274 0.0955
vn 0.7161 -0.6324 0.2954
vn 0.6908 -0.0739 0.7193
vn 0.6208 0.3255 0.7132
vn 0.3412 0.4436 0.8288
vn 0.4017 0.5949 0.6963
vn 0.7073 0.3614 0.6075
vn 0.4628 0.6901 0.5564
vn 0.1339 0.4647 0.8753
vn 0.1149 0.3467 0.9309
vn 0.1826 0.3034 0.9352
vn 0.2816 0.4173 0.8640
vn 0.3264 0.3534 0.8767
vn 0.4173 0.4318 0.7996
vn 0.5440 0.5026 0.6719
vn 0.4093 0.5148 0.7533
vn 0.1758 0.5766 0.7979
vn 0.3172 -0.8249 -0.4679
vn -0.0521 -0.7653 -0.6415
vn 0.8239 -0.5604 -0.0841
vn 0.5696 -0.7387 -0.3603
vn 0.1896 -0.7710 -0.6079
vn 0.4515 0.5521 0.7010
vn 0.4633 0.5130 0.7226
vn 0.4595 0.6355 0.6204
vn 0.4097 0.6744 0.6143
vn 0.4823 0.5757 0.6602
vn 0.5236 0.4895 0.6973
vn 0.3795 0.5846 0.7171
vn 0.4461 0.5240 0.7256
vn 0.5020 0.4623 0.7310
vn 0.8538 -0.5178 -0.0532
vn 0.5065 -0.7599 -0.4074
vn 0.8957 -0.4433 0.0358
vn 0.4858 -0.8231 -0.2942
vn 0.7329 -0.6606 0.1631
vn 0.1048 -0.9916 -0.0752
vn 0.3518 -0.9358 -0.0242
vn 0.8475 -0.4844 0.2171
vn 0.8163 -0.5682 0.1040
vn 0.3689 -0.9152 -0.1625
vn 0.4103 0.8658 0.2865
vn 0.3837 0.7871 0.4830
vn 0.5453 0.7019 0.4583
vn 0.5694 0.7526 0.3307
vn -0.4689 -0.6614 -0.5854
vn -0.4601 -0.5545 -0.6935
vn -0.4996 -0.4630 -0.7322
vn -0.5038 -0.6912 -0.5182
vn -0.4203 -0.3872 -0.8206
vn -0.4387 -0.6408 -0.6300
vn 0.8545 0.5177 0.0425
vn 0.8288 0.3782 0.4124
vn 0.6615 0.7325 0.1606
vn 0.5395 0.6524 0.5323
vn 0.7078 0.1681 0.6861
vn 0.3673 0.4841 0.7942
vn 0.1556 -0.7221 -0.6740
vn 0.0789 -0.7310 -0.6778
vn 0.0185 -0.8581 -0.5131
vn 0.0926 -0.8657 -0.4920
vn -0.0779 -0.9615 -0.2636
vn -0.0044 -0.9917 -0.1282
vn 0.2326 0.9507 0.2049
vn 0.3283 0.9233 0.1992
vn 0.4697 0.8203 0.3263
vn 0.3986 0.8661 0.3016
vn 0.3723 0.9089 0.1879
vn 0.2605 0.9650 0.0299
vn -0.2526 -0.8824 -0.3969
vn -0.1970 -0.9004 -0.3878
vn -0.3464 -0.8678 -0.3564
vn -0.2495 -0.8445 -0.4739
vn -0.2194 -0.8443 -0.4890
vn -0.2990 -0.8466 -0.4403
vn -0.3027 -0.8120 -0.4989
vn -0.2168 -0.7612 -0.6112
vn -0.2008 -0.7640 -0.6132
vn 0.0270 -0.8818 -0.4709
vn -0.2804 -0.5514 -0.7857
vn -0.0083 -0.8680 -0.4965
vn -0.1607 -0.6179 -0.7696
vn -0.3095 -0.2080 -0.9279
vn -0.1110 -0.3571 -0.9274
vn 0.5706 0.4535 0.6847
vn 0.6609 0.2410 0.7108
vn 0.5420 0.3107 0.7809
vn 0.5127 0.3500 0.7840
vn 0.4851 0.4147 0.7699
vn 0.6400 0.2796 0.7157
vn 0.4706 0.5404 0.6975
vn 0.5524 0.2449 0.7968
vn 0.5175 0.3458 0.7827
vn 0.2609 0.8437 0.4692
vn 0.2612 0.8022 0.5369
vn 0.2714 0.8423 0.4656
vn 0.2641 0.9641 -0.0279
vn 0.2503 0.9680 0.0176
vn 0.2950 0.9395 0.1739
vn 0.2566 0.9653 0.0484
vn 0.2513 0.9457 0.2063
vn 0.1872 0.9777 0.0947
vn 0.3475 0.9000 0.2631
vn 0.2841 0.9156 0.2844
vn 0.2838 0.9389 0.1949
vn 0.4034 0.8539 0.3288
vn 0.3164 0.8482 0.4249
vn 0.2441 0.9120 0.3296
vn 0.4033 0.8709 0.2810
vn 0.3294 0.8954 0.2996
vn 0.4371 0.7946 0.4214
vn 0.8223 -0.2080 0.5296
vn 0.8853 -0.1417 0.4428
vn 0.6369 0.3027 0.7091
vn 0.6395 0.3532 0.6828
vn 0.9295 -0.0427 0.3662
vn 0.6575 0.4039 0.6360
vn -0.4360 -0.6166 -0.6556
vn -0.3920 -0.6212 -0.6785
vn -0.3858 -0.5733 -0.7228
vn -0.4436 -0.6183 -0.6488
vn -0.4377 -0.6014 -0.6684
vn -0.4092 -0.6513 -0.6390
vn -0.3143 -0.9350 -0.1642
vn -0.3510 -0.9094 -0.2230
vn -0.4171 -0.6899 -0.5916
vn -0.4257 -0.7914 -0.4386
vn -0.3550 -0.9163 -0.1854
vn -0.4282 -0.7387 -0.5205
vn 0.8941 0.2208 -0.3896
vn 0.7858 0.2295 -0.5743
vn 0.3483 -0.5896 -0.7287
vn 0.5697 -0.6040 -0.5573
vn 0.5558 -0.5274 -0.6426
vn 0.9341 0.3494 -0.0728
vn 0.6543 0.6817 0.3274
vn 0.5661 0.8212 0.0718
vn 0.5290 0.8481 -0.0292
vn 0.6243 0.7811 -0.0111
vn 0.8734 0.2932 -0.3888
vn 0.4827 -0.3741 -0.7918
vn 0.2990 0.9411 0.1579
vn 0.2702 0.9325 0.2395
vn 0.3048 0.9452 0.1172
vn 0.3955 0.5980 0.6971
vn 0.4109 0.6203 0.6681
vn 0.4097 0.3202 0.8542
vn 0.3820 0.2207 0.8974
vn -0.2965 -0.9549 0.0138
vn -0.4059 -0.8758 -0.2612
vn -0.4112 -0.9070 -0.0907
vn -0.1918 -0.9165 0.3510
vn -0.3089 -0.9483 -0.0724
vn -0.1015 -0.8960 0.4324
vn -0.1477 -0.9273 0.3440
vn -0.1867 -0.9429 0.2758
vn -0.2447 -0.9689 0.0358
vn 0.8060 0.5205 0.2818
vn 0.2371 -0.4751 -0.8474
vn 0.9117 0.1030 -0.3977
vn 0.3550 -0.5964 -0.7199
vn 0.9602 -0.0109 -0.2792
vn 0.7850 0.4447 0.4313
vn 0.5300 -0.6152 -0.5837
vn 0.9836 -0.1306 -0.1248
vn 0.8729 0.2258 0.4325
vn 0.4543 0.6921 0.5609
vn 0.5430 0.6430 0.5401
vn 0.4244 0.6409 0.6397
vn 0.4988 0.4805 0.7214
vn 0.4155 0.3792 0.8268
vn 0.5959 0.5129 0.6179
vn 0.4207 0.5214 0.7424
vn 0.4764 0.3874 0.7893
vn 0.6152 0.4089 0.6740
vn 0.3035 0.3552 -0.8841
vn 0.4184 0.6370 -0.6475
vn 0.2103 0.9755 -0.0642
vn 0.2019 0.8684 -0.4529
vn 0.2280 -0.2287 -0.9464
vn 0.0546 -0.2235 -0.9732
vn -0.4241 -0.7645 -0.4854
vn -0.5191 -0.6276 -0.5802
vn -0.5303 -0.6099 -0.5889
vn -0.4382 -0.7547 -0.4883
vn -0.5114 -0.7102 -0.4838
vn -0.3952 -0.8069 -0.4389
vn 0.7552 0.4174 0.5054
vn 0.8831 0.2019 0.4235
vn 0.8415 0.1606 0.5159
vn 0.7269 0.3470 0.5926
vn 0.7812 0.2962 0.5495
vn 0.8802 0.2114 0.4250
vn 0.7735 0.3304 0.5409
vn 0.8421 0.1647 0.5136
vn 0.7212 0.3783 0.5803
vn 0.2565 0.7919 0.5542
vn 0.2078 0.7704 0.6027
vn 0.2463 0.8163 0.5225
vn 0.0924 0.4435 0.8915
vn 0.1591 0.4580 0.8746
vn 0.0771 0.3089 0.9480
vn 0.0627 0.3465 0.9359
vn 0.2013 0.4949 0.8453
vn 0.3416 0.6158 0.7100
vn 0.3138 0.8594 -0.4036
vn 0.5688 0.8090 -0.1485
vn 0.4842 0.8747 -0.0230
vn 0.2442 0.9544 -0.1719
vn 0.4648 0.8811 -0.0875
vn 0.6097 0.7901 0.0642
vn 0.3552 0.7353 0.5772
vn 0.2950 0.6803 0.6710
vn 0.4321 0.6325 0.6429
vn 0.4311 0.6956 0.5747
vn 0.3880 0.5577 0.7337
vn 0.2997 0.6026 0.7396
vn 0.3992 0.2938 0.8685
vn 0.4168 0.2183 0.8824
vn 0.3806 0.2252 0.8969
vn 0.4187 0.3305 0.8459
vn 0.3847 0.5374 0.7504
vn 0.4710 0.5726 0.6711
vn -0.3091 -0.8462 -0.4342
vn -0.1929 -0.9164 -0.3506
vn -0.0291 -0.8476 -0.5299
vn -0.1964 -0.7636 -0.6151
vn -0.0000 -0.7279 -0.6857
vn -0.0793 -0.6018 -0.7947
vn -0.3602 -0.9328 -0.0108
vn -0.3940 -0.9144 -0.0933
vn -0.3541 -0.9323 0.0734
vn -0.3691 -0.9289 -0.0285
vn -0.3326 -0.9300 -0.1563
vn -0.3897 -0.8692 -0.3043
vn -0.3025 -0.6445 -0.7022
vn -0.0742 -0.7169 -0.6932
vn -0.0510 -0.7820 -0.6212
vn -0.3365 -0.6984 -0.6317
vn -0.1810 -0.8460 -0.5015
vn -0.3944 -0.7554 -0.5233
vn 0.1616 0.9286 0.3342
vn 0.2562 0.9288 0.2678
vn 0.0876 0.9961 -0.0033
vn -0.0399 0.9911 0.1267
vn 0.5571 0.5478 0.6241
vn 0.4788 0.5303 0.6997
vn 0.5880 0.7284 0.3517
vn 0.5236 0.8393 0.1462
vn 0.4107 0.8632 0.2937
vn 0.6149 0.4812 0.6248
vn 0.4202 0.7665 0.4857
vn 0.3451 0.7634 0.5460
vn 0.4777 0.5771 0.6624
vn 0.4383 0.5271 0.7280
vn 0.4165 0.7830 0.4621
vn 0.5213 0.5281 0.6703
vn 0.6212 0.5224 0.5841
vn 0.0464 0.8792 0.4742
vn 0.0203 0.8217 0.5696
vn 0.1884 0.7879 0.5862
vn 0.3169 0.8269 0.4645
vn 0.0767 0.7154 0.6944
vn 0.1406 0.7100 0.6900
vn 0.1851 0.4059 0.8950
vn 0.1604 0.4607 0.8729
vn 0.1651 0.4159 0.8943
vn 0.0774 0.4843 0.8715
vn 0.1254 0.5425 0.8306
vn 0.2454 0.5207 0.8177
vn 0.4129 0.6596 0.6281
vn 0.0949 0.4558 0.8850
vn 0.1152 0.5593 0.8209
vn 0.5737 0.7716 0.2747
vn 0.6543 0.7560 -0.0192
vn 0.5314 0.7587 0.3768
vn 0.6795 0.7214 -0.1336
vn 0.6769 0.7358 -0.0177
vn 0.4040 0.7546 0.5171
vn 0.6829 0.6873 0.2474
vn 0.7267 0.6254 0.2842
vn 0.4681 0.8471 0.2517
vn 0.4399 0.8590 0.2618
vn 0.1845 0.9730 0.1390
vn 0.1670 0.9621 0.2155
vn 0.3938 0.8126 0.4297
vn 0.2794 0.9255 0.2557
vn 0.3678 0.7126 0.5975
vn 0.4001 0.8086 0.4315
vn 0.3020 0.9207 0.2472
vn 0.3766 0.6226 0.6859
vn 0.4739 0.5341 0.7001
vn 0.3707 0.8060 0.4615
vn 0.3083 0.9174 0.2515
vn 0.4517 0.5143 0.7290
vn 0.4439 0.5341 0.7195
vn 0.4750 0.2829 0.8333
vn 0.4299 0.5171 0.7401
vn 0.4348 0.5530 0.7108
vn 0.5565 0.1930 0.8081
vn 0.4330 0.5037 0.7475
vn 0.4239 0.5090 0.7492
vn 0.0129 -0.8368 -0.5474
vn -0.0463 -0.7728 -0.6329
vn -0.1692 -0.8578 -0.4853
vn -0.1018 -0.8942 -0.4359
vn -0.2656 -0.9385 -0.2208
vn -0.2408 -0.9594 -0.1466
vn -0.3257 -0.9107 -0.2539
vn -0.2154 -0.9532 -0.2124
vn -0.1899 -0.7323 -0.6539
vn -0.0604 -0.7787 -0.6245
vn -0.0144 -0.9923 -0.1230
vn -0.0922 -0.9896 -0.1108
vn 0.0917 -0.8332 -0.5454
vn 0.1989 -0.8931 -0.4035
vn 0.0337 -0.9432 -0.3305
vn -0.0466 -0.4568 -0.8883
vn 0.0307 -0.5523 -0.8331
vn -0.1014 -0.5038 -0.8579
vn -0.2254 -0.7430 -0.6302
vn -0.2725 -0.8424 -0.4648
vn 0.0580 -0.6761 -0.7346
vn -0.2632 -0.7163 -0.6462
vn -0.4032 -0.6940 -0.5965
vn -0.3799 -0.7587 -0.5293
vn -0.3289 -0.8070 -0.4906
vn -0.3585 -0.8275 -0.4322
vn -0.2576 -0.9655 0.0374
vn -0.1414 -0.9634 0.2278
vn -0.3086 -0.7696 -0.5591
vn -0.3918 -0.8424 -0.3699
vn -0.4314 -0.8737 -0.2247
vn -0.4721 -0.8536 -0.2202
vn -0.4126 -0.8286 -0.3784
vn -0.3742 -0.8395 -0.3939
vn -0.3856 -0.7508 -0.5363
vn -0.4067 -0.6633 -0.6283
vn -0.4123 -0.5948 -0.6901
vn -0.2624 -0.9423 -0.2077
vn -0.1715 -0.9186 -0.3560
vn -0.4304 -0.5901 -0.6830
vn -0.3188 -0.6329 -0.7056
vn -0.3434 -0.5699 -0.7465
vn -0.2687 -0.4137 -0.8699
vn -0.2832 -0.8108 -0.5123
vn -0.0869 -0.5468 -0.8327
vn -0.2084 -0.8446 -0.4931
vn -0.2355 -0.8331 -0.5005
vn 0.0551 -0.8139 -0.5784
vn 0.0057 -0.6639 -0.7478
vn 0.1328 -0.5769 -0.8060
vn 0.0518 -0.4214 -0.9054
vn 0.1781 -0.7472 -0.6403
vn -0.3037 -0.3960 -0.8666
vn -0.1138 -0.2235 -0.9680
vn -0.4047 -0.6611 -0.6318
vn -0.4616 -0.6340 -0.6205
vn -0.3660 -0.8135 -0.4520
vn -0.3708 -0.7196 -0.5871
vn -0.1360 -0.9803 -0.1430
vn -0.2401 -0.8419 -0.4833
vn 0.0010 -0.9965 -0.0837
vn -0.2414 -0.8624 -0.4449
vn -0.1526 -0.8105 -0.5655
vn -0.1156 -0.9266 -0.3579
vn -0.0652 -0.8683 -0.4918
vn 0.0133 -0.8426 -0.5384
vn -0.1207 -0.7019 -0.7020
vn -0.1053 -0.7026 -0.7038
vn -0.0324 -0.7183 -0.6950
vn -0.3978 -0.6762 -0.6201
vn -0.4736 -0.5972 -0.6473
vn -0.3079 -0.6235 -0.7187
vn -0.2432 -0.6576 -0.7130
vn -0.5316 -0.5393 -0.6531
vn -0.4503 -0.6669 -0.5937
vn -0.4362 -0.6389 -0.6337
vn -0.3886 -0.5865 -0.7107
vn -0.0939 -0.5825 -0.8074
vn -0.0439 -0.5089 -0.8597
vn -0.4056 -0.6686 -0.6233
vn -0.1190 -0.5218 -0.8447
vn -0.5581 -0.5533 -0.6184
vn -0.4083 -0.7040 -0.5811
vn -0.8264 -0.1662 -0.5380
vn -0.8636 -0.0432 -0.5024
vn -0.6783 -0.4613 -0.5719
vn -0.4106 -0.7090 -0.5734
vn -0.9000 0.2710 -0.3414
vn -0.8732 0.3670 -0.3206
vn -0.7381 0.6676 -0.0974
vn -0.7124 0.6971 -0.0813
vn -0.4122 0.9018 0.1298
vn -0.4279 0.8898 0.1584
vn -0.0882 0.9489 0.3030
vn -0.1606 0.9332 0.3216
vn 0.3305 0.8325 0.4446
vn 0.7302 0.5028 0.4626
vn 0.7425 0.4314 0.5124
vn 0.3079 0.8176 0.4866
vn 0.9131 0.1253 0.3881
vn 0.9098 0.1553 0.3848
vn 0.9084 0.0799 0.4103
vn 0.9069 0.0737 0.4148
vn 0.2228 0.9596 0.1716
vn 0.2846 0.9330 0.2203
vn 0.1861 0.9702 0.1551
vn 0.0023 0.9898 0.1423
vn 0.0843 0.9847 0.1524
vn 0.2152 0.9115 0.3505
vn 0.5120 0.4781 0.7136
vn 0.1231 0.9683 0.2173
vn 0.0242 0.9986 0.0471
vn 0.5714 0.1818 0.8003
vn 0.5330 0.4468 0.7185
vn 0.5530 0.3361 0.7624
vn 0.5670 0.2173 0.7946
vn 0.5078 0.6280 0.5898
vn 0.5798 0.4408 0.6853
vn 0.5937 0.5147 0.6186
vn 0.6248 0.3635 0.6910
vn 0.6248 0.2988 0.7213
vn 0.6331 0.2358 0.7373
vn 0.1606 0.9830 0.0894
vn 0.1177 0.9851 0.1258
vn 0.0879 0.9878 0.1285
vn 0.3038 0.9431 0.1352
vn 0.2212 0.9313 0.2893
vn 0.3445 0.7875 0.5110
vn 0.3241 0.9425 0.0818
vn 0.4659 0.8781 0.1086
vn 0.2968 0.9178 0.2637
vn 0.4005 0.7593 0.5129
vn 0.2246 0.9362 0.2705
vn 0.5263 0.6134 0.5888
vn 0.3138 0.9198 0.2355
vn -0.2089 -0.6251 -0.7521
vn -0.1329 -0.7803 -0.6111
vn -0.2931 -0.7552 -0.5863
vn -0.3505 -0.6308 -0.6923
vn 0.1939 -0.8527 -0.4850
vn -0.0384 -0.8708 -0.4901
vn -0.3246 -0.8080 -0.4917
vn -0.4477 -0.7036 -0.5518
vn -0.4988 -0.5856 -0.6390
vn -0.0060 0.9313 0.3642
vn 0.0864 0.9605 0.2645
vn -0.0841 0.8846 0.4587
vn 0.1658 0.9234 0.3462
vn 0.2066 0.9476 0.2435
vn 0.2032 0.8146 0.5432
vn 0.3472 0.6333 0.6917
vn 0.5273 0.7822 0.3319
vn 0.3566 0.8727 0.3336
vn 0.3556 0.9001 0.2519
vn 0.5169 0.8129 0.2684
vn 0.3357 -0.8799 -0.3362
vn 0.1773 -0.8437 -0.5066
vn 0.4764 -0.8549 -0.2054
vn 0.2408 -0.8963 -0.3723
vn 0.0116 -0.7858 -0.6183
vn -0.0387 -0.8721 -0.4877
vn 0.0862 0.6425 0.7615
vn 0.2009 0.6121 0.7648
vn 0.2870 0.5231 0.8025
vn 0.5094 0.5404 0.6697
vn 0.4080 0.5856 0.7004
vn 0.3912 0.5179 0.7607
vn -0.4143 -0.6214 -0.6650
vn -0.2658 -0.6597 -0.7030
vn -0.0866 -0.7152 -0.6936
vn -0.3818 -0.8747 -0.2985
vn -0.4059 -0.8749 -0.2643
vn -0.3732 -0.8992 -0.2286
vn 0.5201 0.8212 0.2348
vn 0.3886 0.9099 0.1455
vn 0.2560 0.9619 0.0960
vn -0.4106 -0.7811 -0.4704
vn -0.3958 -0.8732 -0.2844
vn -0.2292 -0.9525 -0.2005
vn -0.5258 0.0250 -0.8503
vn -0.3964 -0.0405 -0.9172
vn -0.4349 -0.2746 -0.8576
vn -0.3051 -0.2723 -0.9125
vn -0.1636 0.2923 0.9422
vn -0.5718 0.0159 0.8202
vn -0.1958 0.5110 0.8370
vn -0.6529 0.2363 0.7196
vn -0.8473 -0.4538 -0.2761
vn -0.8412 -0.5352 -0.0769
vn -0.8382 -0.3592 0.4103
vn -0.9469 -0.1716 0.2720
vn -0.1708 0.7778 0.6048
vn -0.6725 0.5771 0.4634
vn -0.1542 0.9389 0.3078
vn -0.5528 0.8052 0.2148
vn -0.9730 0.2270 -0.0417
vn -0.7246 0.6170 -0.3071
vn -0.6253 0.1843 -0.7583
vn -0.8155 -0.1847 -0.5485
vn -0.2890 0.5946 -0.7503
vn -0.1945 0.9492 -0.2473
vn -0.4287 -0.1701 -0.8873
vn -0.2745 -0.0045 -0.9616
vn -0.5448 -0.3633 -0.7558
vn -0.6298 -0.4610 -0.6251
vn -0.7163 -0.5125 -0.4736
vn 0.5433 0.7175 0.4360
vn 0.6356 0.6196 0.4606
vn 0.7523 0.4690 0.4627
vn 0.6725 0.5936 0.4421
vn 0.7131 0.5305 0.4582
vn 0.7348 0.4682 0.4908
vn 0.9075 0.2531 0.3353
vn 0.7740 0.4544 0.4409
vn 0.7748 0.4657 0.4275
vn 0.8805 0.3451 0.3250
vn 0.5685 0.7191 0.3996
vn 0.6372 0.6546 0.4069
vn 0.5453 0.7380 0.3976
vn 0.5850 0.7027 0.4050
vn 0.6973 0.5830 0.4169
vn 0.6401 0.6552 0.4013
vn 0.7067 0.5937 0.3848
vn 0.7405 0.5237 0.4213
vn 0.7708 0.5220 0.3652
vn 0.7581 0.5294 0.3808
vn 0.5247 0.7377 0.4248
vn 0.4520 0.6858 0.5704
vn 0.3703 0.7748 0.5124
vn 0.3395 0.8447 0.4139
vn 0.3560 0.7392 0.5717
vn 0.4549 0.6612 0.5965
vn 0.6954 0.4549 0.5564
vn 0.7152 0.4179 0.5602
vn 0.7047 0.4059 0.5820
vn 0.6465 0.4577 0.6104
vn 0.8367 0.2869 0.4665
vn 0.7534 0.3836 0.5341
vn 0.5318 0.5876 0.6098
vn 0.5353 0.5811 0.6130
vn 0.6165 0.6175 0.4885
vn 0.6703 0.5183 0.5311
vn 0.5769 0.5164 0.6328
vn 0.5936 0.5145 0.6187
vn 0.6104 0.4744 0.6343
vn 0.6782 0.4901 0.5476
vn 0.6649 0.4532 0.5937
vn 0.3181 0.8913 0.3230
vn 0.3940 0.9007 0.1830
vn 0.5316 0.7747 0.3424
vn 0.5085 0.7700 0.3855
vn 0.7511 0.4150 0.5135
vn 0.8242 0.2847 0.4894
vn 0.8303 0.3725 0.4146
vn 0.7821 0.4566 0.4241
vn 0.6725 0.5381 0.5082
vn 0.6827 0.5167 0.5166
vn 0.7367 0.5149 0.4384
vn 0.7075 0.5330 0.4642
vn 0.6514 0.6118 0.4487
vn 0.6604 0.5864 0.4691
vn 0.5592 0.7719 0.3025
vn 0.4008 0.9053 0.1409
vn 0.4133 0.9105 0.0127
vn 0.6619 0.7309 0.1661
vn 0.7075 0.5606 0.4303
vn 0.7148 0.5267 0.4601
vn 0.8692 0.4933 -0.0347
vn 0.8873 0.4596 -0.0371
vn 0.4025 0.6472 -0.6474
vn 0.6674 0.3121 -0.6762
vn -0.1389 -0.4416 -0.8864
vn 0.0989 -0.3778 -0.9206
vn 0.5830 0.0138 -0.8123
vn 0.5531 0.1095 -0.8259
vn 0.0148 -0.3589 -0.9333
vn -0.1728 -0.2862 -0.9425
vn -0.3596 -0.7577 -0.5446
vn -0.1203 -0.6016 -0.7897
vn -0.2807 -0.7626 -0.5828
vn -0.2613 -0.7029 -0.6615
vn -0.6424 -0.4165 -0.6433
vn -0.5418 -0.4296 -0.7225
vn -0.3152 -0.4749 -0.8217
vn -0.5088 -0.5126 -0.6917
vn -0.4482 -0.7019 -0.5536
vn -0.4101 -0.7056 -0.5779
vn -0.5037 -0.6255 -0.5958
vn -0.5459 -0.6252 -0.5577
vn -0.3493 -0.7220 -0.5973
vn -0.4840 -0.6217 -0.6158
vn -0.2883 -0.8079 -0.5140
vn -0.4284 -0.7534 -0.4989
vn -0.3870 -0.8271 -0.4076
vn -0.5380 -0.7349 -0.4129
vn -0.6528 -0.5268 -0.5443
vn -0.6995 -0.5316 -0.4776
vn -0.7135 -0.4769 -0.5132
vn -0.7164 -0.4226 -0.5551
vn -0.6487 -0.4655 -0.6021
vn -0.6373 -0.5492 -0.5405
vn -0.6190 -0.4828 -0.6195
vn -0.5459 -0.6330 -0.5489
vn -0.5853 -0.6050 -0.5398
vn -0.6234 -0.5429 -0.5627
vn -0.6611 -0.5302 -0.5309
vn -0.3767 -0.8073 -0.4542
vn -0.5055 -0.6956 -0.5104
vn -0.4016 -0.8041 -0.4383
vn -0.5507 -0.6688 -0.4994
vn -0.6284 -0.5534 -0.5467
vn -0.6445 -0.5476 -0.5337
vn -0.6702 -0.5099 -0.5393
vn -0.6545 -0.4851 -0.5800
vn -0.6340 -0.5091 -0.5821
vn -0.6734 -0.5079 -0.5372
vn -0.5779 -0.6974 -0.4239
vn -0.5562 -0.6911 -0.4615
vn -0.4481 -0.7961 -0.4068
vn -0.4622 -0.7973 -0.3882
vn -0.3825 -0.8445 -0.3748
vn -0.3791 -0.8564 -0.3505
vn -0.6542 -0.5637 -0.5042
vn -0.6735 -0.5898 -0.4456
vn -0.6971 -0.5436 -0.4676
vn -0.6779 -0.5202 -0.5195
vn -0.4805 -0.7295 -0.4868
vn -0.3892 -0.7540 -0.5291
vn -0.4264 -0.7782 -0.4610
vn -0.6197 -0.6302 -0.4678
vn -0.6218 -0.6398 -0.4516
vn -0.4556 -0.7320 -0.5065
vn -0.5281 -0.7032 -0.4759
vn -0.4897 -0.7187 -0.4936
vn -0.4114 -0.7600 -0.5032
vn -0.5477 -0.7091 -0.4440
vn -0.5870 -0.6837 -0.4336
vn -0.4985 -0.7482 -0.4379
vn -0.5009 -0.7002 -0.5088
vn -0.5538 -0.6341 -0.5396
vn -0.4943 -0.7393 -0.4572
vn -0.2348 -0.8103 -0.5369
vn 0.6779 0.7147 0.1722
vn 0.7216 0.6635 0.1976
vn 0.7220 0.6781 0.1377
vn 0.7119 0.6711 0.2067
vn 0.6839 0.7249 0.0829
vn 0.7332 0.6647 0.1438
vn 0.3834 0.7902 0.4781
vn 0.2391 0.7900 0.5646
vn 0.2308 0.7955 0.5602
vn 0.3389 0.8022 0.4917
vn 0.1496 0.8052 0.5739
vn 0.0161 0.8661 0.4996
vn -0.2512 0.8967 0.3645
vn -0.2129 0.9491 0.2323
vn -0.1026 0.9729 0.2074
vn -0.3363 0.8555 0.3936
vn -0.2915 0.9030 0.3157
vn -0.2669 0.8188 0.5082
vn -0.2644 0.8611 0.4342
vn -0.3555 0.8269 0.4358
vn -0.5779 0.7367 0.3510
vn -0.9029 -0.3687 -0.2210
vn -0.8157 -0.4666 -0.3420
vn -0.8941 -0.3022 -0.3306
vn -0.9610 -0.2430 -0.1324
vn -0.7681 -0.5376 -0.3478
vn -0.6826 -0.5303 -0.5029
vn -0.9385 -0.2657 -0.2203
vn -0.8500 -0.3947 -0.3489
vn -0.9977 -0.0171 -0.0654
vn -0.9883 -0.0464 -0.1451
vn -0.8848 -0.3024 -0.3546
vn -0.8498 -0.3576 -0.3873
vn -0.1108 -0.9799 -0.1661
vn -0.0602 -0.9980 0.0209
vn 0.1917 -0.8006 -0.5677
vn 0.1127 -0.6803 -0.7242
vn -0.2864 -0.9580 -0.0147
vn -0.2443 -0.9649 0.0966
vn 0.1917 -0.1993 -0.9610
vn 0.3905 -0.2405 -0.8886
vn 0.2372 -0.3448 -0.9082
vn -0.0170 -0.4066 -0.9134
vn 0.2900 0.5826 0.7593
vn 0.3206 0.4245 0.8468
vn 0.3411 0.6776 0.6515
vn 0.3374 0.6532 0.6779
vn -0.2086 -0.9630 -0.1708
vn -0.1708 -0.9836 -0.0588
vn 0.0082 -0.9981 -0.0613
vn -0.0168 -0.9725 -0.2324
vn -0.2569 -0.9359 -0.2411
vn -0.1371 -0.8963 -0.4218
vn -0.3538 -0.7101 -0.6087
vn -0.2455 -0.6196 -0.7455
vn -0.3339 -0.5624 -0.7565
vn -0.3083 -0.5723 -0.7599
vn 0.5412 0.5105 0.6682
vn 0.4500 0.5311 0.7179
vn 0.3527 0.2031 0.9134
vn 0.5026 0.2445 0.8292
vn 0.5425 0.5355 0.6473
vn 0.4836 0.5511 0.6800
vn 0.4558 0.8506 -0.2620
vn 0.4960 0.8679 0.0264
vn 0.4204 0.8235 -0.3809
vn 0.2964 0.8817 -0.3672
vn 0.3788 0.8925 -0.2448
vn 0.4906 0.8667 0.0904
vn -0.4976 -0.6078 -0.6189
vn -0.3693 -0.8316 -0.4149
vn -0.4374 -0.8195 -0.3704
vn -0.5790 -0.6527 -0.4886
vn -0.8410 0.4983 -0.2106
vn -0.6522 0.7580 0.0059
vn -0.5413 0.8062 -0.2389
vn -0.7663 0.4617 -0.4468
vn -0.2189 0.9754 0.0274
vn -0.3274 0.9166 0.2294
vn 0.3740 0.8870 0.2709
vn 0.2916 0.8480 0.4425
vn 0.7824 0.4521 0.4283
vn 0.8164 0.5210 0.2492
vn 0.9177 0.2372 0.3188
vn 0.9385 0.1546 0.3087
vn 0.9611 0.1790 0.2104
vn 0.9724 0.0358 0.2305
vn 0.9251 0.1670 0.3409
vn 0.8894 0.2408 0.3885
vn 0.8072 0.3823 0.4497
vn 0.8141 0.3958 0.4250
vn 0.7933 0.1139 0.5981
vn 0.7271 0.3532 0.5887
vn 0.7186 0.3849 0.5792
vn 0.7775 0.1948 0.5980
vn 0.6825 0.4811 0.5502
vn 0.6795 0.4509 0.5787
vn 0.4191 0.8907 -0.1758
vn 0.3470 0.9308 -0.1146
vn 0.3839 0.9217 0.0564
vn 0.4830 0.8751 0.0313
vn 0.4277 0.8928 0.1410
vn 0.5196 0.8396 0.1587
vn 0.4232 0.9060 0.0074
vn 0.4189 0.9013 -0.1103
vn 0.6225 0.6505 0.4351
vn 0.6340 0.6497 0.4194
vn 0.5892 0.6869 0.4255
vn 0.5940 0.6940 0.4068
vn 0.5527 0.7184 0.4223
vn 0.5464 0.7501 0.3725
vn 0.5087 0.7514 0.4202
vn 0.4307 0.8305 0.3531
vn 0.6121 0.7143 0.3393
vn 0.5858 0.7264 0.3594
vn 0.6285 0.6117 0.4805
vn 0.6272 0.6108 0.4832
vn 0.5064 0.8267 0.2451
vn 0.5809 0.7775 0.2409
vn 0.4679 0.7387 0.4851
vn 0.3633 0.7885 0.4962
vn 0.5029 0.7143 0.4867
vn 0.4137 0.7358 0.5362
vn -0.3596 -0.8455 -0.3948
vn -0.3977 -0.8535 -0.3368
vn -0.3338 -0.6738 -0.6592
vn -0.3454 -0.6782 -0.6486
vn -0.4935 -0.6267 -0.6030
vn -0.4274 -0.6458 -0.6326
vn -0.5195 -0.6780 -0.5200
vn -0.5654 -0.6542 -0.5024
vn -0.4103 -0.6507 -0.6389
vn -0.3697 -0.6651 -0.6488
vn -0.3707 -0.6602 -0.6532
vn -0.4606 -0.6975 -0.5490
vn -0.4015 -0.8952 0.1934
vn -0.2886 -0.9416 0.1736
vn -0.4304 -0.8442 -0.3194
vn -0.4458 -0.8254 -0.3464
vn -0.4456 -0.6622 -0.6025
vn -0.4309 -0.8237 -0.3686
vn -0.4537 -0.8779 0.1530
vn -0.3627 -0.6447 -0.6729
vn -0.4327 -0.6977 -0.5710
vn -0.5282 -0.6208 -0.5793
vn -0.5761 -0.6469 -0.4996
vn -0.5722 -0.6999 -0.4275
vn -0.5732 -0.7023 -0.4222
vn -0.5728 -0.7160 -0.3991
vn -0.5573 -0.7236 -0.4073
vn -0.4764 -0.7588 -0.4442
vn -0.4245 -0.7790 -0.4615
vn -0.4387 -0.7770 -0.4514
vn -0.5038 -0.7503 -0.4281
vn -0.3928 -0.7879 -0.4743
vn -0.3814 -0.7926 -0.4757
vn 0.5903 0.6618 0.4622
vn 0.6615 0.6108 0.4351
vn 0.6548 0.5817 0.4826
vn 0.6457 0.5735 0.5042
vn 0.6323 0.5481 0.5475
vn 0.6157 0.5823 0.5309
vn 0.4319 0.7051 0.5624
vn 0.5062 0.6913 0.5156
vn 0.6038 0.5954 0.5300
vn 0.4725 0.6988 0.5370
vn 0.5604 0.6600 0.5003
vn 0.4502 0.7539 0.4786
vn 0.3733 0.7930 0.4814
vn 0.3547 0.7822 0.5122
vn 0.4062 0.7151 0.5689
vn 0.4787 0.6857 0.5483
vn 0.4230 0.7290 0.5381
vn 0.5256 0.6116 0.5913
vn 0.3896 0.6107 0.6894
vn 0.4134 0.6657 0.6212
vn 0.4085 0.6613 0.6291
vn 0.3323 0.6623 0.6716
vn 0.3703 0.7516 0.5459
vn 0.3236 0.4167 0.8495
vn 0.1847 0.3981 0.8986
vn 0.4348 0.4785 0.7629
vn 0.1646 0.4577 0.8737
vn -0.1309 0.2199 0.9667
vn 0.0701 0.3734 0.9250
vn 0.3800 0.5904 0.7121
vn 0.5645 0.5386 0.6255
vn -0.3249 -0.5769 -0.7494
vn -0.3383 -0.5745 -0.7453
vn -0.3211 -0.6297 -0.7074
vn -0.3235 -0.6348 -0.7017
vn 0.3641 0.6322 0.6839
vn 0.2453 0.5599 0.7914
vn -0.3462 -0.6909 -0.6347
vn -0.3820 -0.7546 -0.5335
vn -0.4159 -0.7562 -0.5052
vn -0.3497 -0.7044 -0.6177
vn -0.4467 -0.6825 -0.5785
vn -0.4580 -0.6027 -0.6534
vn -0.4544 -0.7567 -0.4701
vn -0.4048 -0.7706 -0.4922
vn -0.4456 -0.6750 -0.5881
vn -0.4723 -0.5921 -0.6530
vn 0.5506 0.5582 0.6206
vn 0.5098 0.5411 0.6688
vn 0.5700 0.5988 0.5625
vn 0.5567 0.5597 0.6138
vn -0.4417 -0.6669 -0.6001
vn -0.4043 -0.7630 -0.5044
vn -0.4629 -0.5873 -0.6639
vn 0.5880 0.5995 0.5431
vn 0.5865 0.5841 0.5610
vn 0.6040 0.6246 0.4951
vn 0.5854 0.6295 0.5109
vn 0.5710 0.5931 0.5676
vn 0.5578 0.5303 0.6385
vn 0.5491 0.6564 0.5173
vn 0.5133 0.6853 0.5167
vn 0.5559 0.6076 0.5673
vn 0.5501 0.5315 0.6442
vn 0.5137 0.6329 0.5792
vn 0.4873 0.7101 0.5082
vn 0.4927 0.5580 0.6677
vn -0.4165 -0.8126 -0.4078
vn -0.4970 -0.7735 -0.3932
vn -0.3696 -0.8537 -0.3669
vn -0.4611 -0.8060 -0.3711
vn -0.4521 -0.7883 -0.4173
vn -0.3580 -0.8183 -0.4497
vn -0.3607 -0.8385 -0.4085
vn -0.3070 -0.8481 -0.4319
vn -0.3740 -0.8186 -0.4359
vn -0.3892 -0.8058 -0.4464
vn 0.5895 0.6546 0.4733
vn 0.5603 0.6451 0.5195
vn 0.5448 0.6796 0.4912
vn 0.5897 0.6637 0.4602
vn 0.5146 0.7340 0.4432
vn 0.4920 0.7253 0.4816
vn 0.5391 0.6994 0.4693
vn 0.5229 0.7197 0.4566
vn -0.2753 -0.8424 -0.4633
vn -0.2935 -0.5911 -0.7513
vn -0.0769 -0.8095 -0.5820
vn -0.0960 -0.5347 -0.8396
vn 0.4607 0.7456 0.4816
vn 0.4592 0.7600 0.4599
vn -0.3044 -0.6097 -0.7318
vn -0.3619 -0.8089 -0.4635
vn -0.2028 -0.5027 -0.8403
vn -0.4182 -0.6431 -0.6415
vn -0.6140 -0.2890 -0.7345
vn -0.6014 -0.1300 -0.7883
vn -0.4337 -0.2034 -0.8778
vn -0.3556 -0.4276 -0.8311
vn -0.5622 -0.3768 -0.7362
vn -0.5665 -0.4115 -0.7139
vn 0.4803 0.8762 -0.0395
vn 0.4787 0.7780 0.4068
vn 0.3958 0.7793 0.4859
vn 0.3825 0.9236 -0.0256
vn -0.6055 -0.1935 -0.7720
vn -0.6113 -0.2414 -0.7537
vn -0.5731 -0.5570 -0.6010
vn -0.4687 -0.8454 0.2562
vn -0.3300 -0.9127 0.2408
vn -0.5414 -0.8164 0.2009
vn -0.5066 -0.8266 -0.2451
vn -0.6008 -0.7421 -0.2972
vn -0.2418 -0.9210 -0.3056
vn 0.3714 0.4162 0.8300
vn 0.2826 0.4936 0.8225
vn 0.0506 -0.9083 -0.4153
vn -0.1519 -0.9750 0.1619
vn -0.3146 -0.2540 -0.9146
vn -0.4745 -0.6913 -0.5450
vn -0.4441 -0.2647 -0.8560
vn -0.2584 -0.3642 -0.8947
vn 0.0077 -0.0193 -0.9998
vn 0.1491 -0.4320 -0.8895
vn 0.3366 -0.0682 -0.9392
vn -0.4919 -0.8699 0.0370
vn -0.1901 -0.7932 -0.5786
vn -0.3068 -0.8676 -0.3913
vn -0.3009 -0.8765 -0.3758
vn -0.2186 -0.8307 -0.5119
vn -0.3513 -0.8677 -0.3516
vn -0.3518 -0.8201 -0.4514
vn 0.4091 -0.2159 -0.8866
vn 0.4156 -0.3455 -0.8414
vn -0.3431 -0.8543 -0.3904
vn -0.2829 -0.7520 -0.5954
vn -0.2855 -0.7706 -0.5698
vn -0.3925 -0.8203 -0.4160
vn -0.0986 -0.7241 -0.6826
vn 0.1008 -0.5934 -0.7986
vn 0.1317 -0.4267 -0.8948
vn -0.2859 -0.8912 -0.3522
vn -0.0845 -0.3543 -0.9313
vn 0.5077 0.8493 0.1446
vn 0.4806 0.8671 0.1309
vn 0.4972 0.8219 0.2779
vn 0.5206 0.7801 0.3469
vn 0.5410 0.7064 0.4564
vn 0.5169 0.7414 0.4280
vn -0.5955 -0.5340 -0.6002
vn -0.7467 -0.2475 -0.6175
vn -0.5666 -0.2501 -0.7851
vn -0.4309 -0.4911 -0.7570
vn -0.5961 -0.3822 -0.7061
vn -0.7840 -0.2494 -0.5684
vn -0.5733 -0.3570 -0.7375
vn -0.5013 -0.5135 -0.6964
vn 0.0286 -0.9936 -0.1092
vn -0.0678 -0.9948 -0.0766
vn -0.3884 -0.9037 -0.1800
vn -0.2489 -0.8915 -0.3786
vn -0.7505 -0.5497 -0.3670
vn -0.3474 -0.8937 -0.2839
vn -0.5974 -0.6132 -0.5167
vn -0.1139 -0.9912 -0.0673
vn -0.0883 -0.9729 -0.2136
vn -0.3007 -0.8309 -0.4681
vn 0.0399 -0.9688 -0.2447
vn -0.1538 -0.8263 -0.5419
vn -0.6668 -0.4613 -0.5853
vn -0.8728 -0.2549 -0.4163
vn -0.8433 -0.2723 -0.4634
vn 0.2372 0.9426 0.2350
vn 0.6312 0.6119 0.4765
vn 0.0564 0.9911 0.1202
vn 0.1693 0.9853 0.0228
vn 0.3021 0.9530 0.0231
vn 0.6772 0.6631 0.3188
vn 0.7960 0.2085 0.5682
vn 0.8408 0.1820 0.5098
vn 0.4549 0.8063 0.3782
vn 0.5053 0.7613 0.4063
vn 0.4887 0.7316 0.4752
vn 0.4699 0.7950 0.3837
vn 0.5248 0.6814 0.5102
vn 0.5667 0.7308 0.3806
vn 0.4303 0.8720 0.2332
vn 0.4643 0.8230 0.3274
vn 0.4625 0.7833 0.4154
vn 0.3909 0.8767 0.2804
vn 0.1749 0.9844 -0.0212
vn 0.3294 0.9302 -0.1619
vn 0.3851 0.9229 0.0008
vn 0.3692 0.9176 0.1470
vn 0.5085 0.8345 0.2122
vn 0.4764 0.8380 0.2659
vn 0.5228 0.7992 0.2965
vn 0.5513 0.7753 0.3082
vn 0.4840 0.8228 0.2978
vn 0.6012 0.7316 0.3214
vn 0.5649 0.7505 0.3430
vn 0.4364 0.8519 0.2894
vn 0.2881 0.9456 0.1511
vn 0.4322 0.3945 0.8109
vn 0.3928 0.5021 0.7705
vn 0.3714 0.5734 0.7303
vn 0.4181 0.5183 0.7460
vn 0.5537 0.7878 0.2697
vn 0.5849 0.7384 0.3356
vn 0.5414 0.4896 0.6835
vn 0.4585 0.4511 0.7657
vn 0.5430 0.4551 0.7057
vn 0.4625 0.3586 0.8109
vn 0.4596 0.4354 0.7741
vn 0.4806 0.2251 0.8476
vn 0.4448 0.1250 0.8868
vn 0.4556 0.3338 0.8252
vn 0.4376 -0.0663 0.8967
vn 0.3066 -0.0412 0.9510
vn 0.3782 0.1805 0.9080
vn 0.4821 0.4632 0.7437
vn -0.4388 -0.5534 -0.7080
vn -0.4570 -0.5453 -0.7027
vn -0.4604 -0.5929 -0.6607
vn -0.4347 -0.5862 -0.6837
vn 0.3708 0.3790 0.8479
vn 0.2376 0.0877 0.9674
vn -0.4561 -0.5587 -0.6927
vn -0.4388 -0.6037 -0.6656
vn -0.4860 -0.5490 -0.6799
vn -0.5154 -0.6029 -0.6090
vn -0.4328 -0.6283 -0.6465
vn -0.4577 -0.7809 -0.4252
vn -0.4136 -0.8833 -0.2207
vn -0.4579 -0.6442 -0.6127
vn -0.5268 -0.8325 -0.1717
vn -0.5383 -0.6922 -0.4807
vn -0.5148 -0.7434 -0.4271
vn -0.4419 -0.8859 -0.1413
vn -0.5080 -0.5631 -0.6518
vn -0.4784 -0.5354 -0.6961
vn -0.4738 -0.7687 -0.4296
vn -0.5176 -0.7403 -0.4290
vn -0.5867 -0.7295 -0.3516
vn -0.5310 -0.7791 -0.3333
vn -0.5752 -0.6582 -0.4857
vn -0.6428 -0.6488 -0.4072
vn -0.6434 -0.6378 -0.4234
vn -0.6125 -0.7259 -0.3129
vn -0.5584 -0.7863 -0.2644
vn -0.1855 -0.9395 -0.2879
vn -0.3572 -0.7275 -0.5858
vn -0.5262 -0.7382 -0.4221
vn -0.5233 -0.7398 -0.4230
vn -0.5654 -0.6541 -0.5025
vn -0.4300 -0.8596 -0.2761
vn -0.4910 -0.8348 -0.2491
vn -0.5246 -0.7660 -0.3714
vn -0.5531 -0.6853 -0.4737
vn -0.4909 -0.6851 -0.5382
vn -0.5715 -0.7568 -0.3173
vn -0.6430 -0.6312 -0.4337
vn 0.3430 0.9391 0.0222
vn 0.2767 0.9581 0.0736
vn 0.4784 0.7938 0.3755
vn 0.3443 0.8277 0.4432
vn -0.5312 -0.6951 -0.4844
vn 0.5265 0.3246 0.7858
vn 0.4695 0.7907 0.3928
vn 0.3721 0.8397 0.3955
vn 0.4184 0.3388 0.8427
vn 0.4848 0.1809 0.8557
vn 0.3015 0.2237 0.9269
vn 0.2914 0.2827 0.9139
vn 0.3267 0.8630 0.3853
vn 0.1913 0.9782 0.0813
vn 0.1955 0.9728 0.1241
vn -0.5333 -0.7219 -0.4409
vn -0.5423 -0.5930 -0.5952
vn -0.4107 -0.9118 0.0020
vn -0.3977 -0.9149 -0.0694
vn 0.3790 0.9250 0.0287
vn -0.2978 -0.7938 -0.5303
vn -0.1897 -0.9688 -0.1594
vn -0.4768 -0.8772 -0.0561
vn -0.5742 -0.7027 -0.4200
vn -0.2844 -0.9473 0.1476
vn -0.4273 -0.9014 -0.0697
vn -0.4205 -0.9066 0.0364
vn -0.4472 -0.8926 0.0573
vn -0.4279 -0.9022 -0.0543
vn -0.5656 -0.6505 -0.5069
vn -0.2170 -0.8853 -0.4112
vn -0.2433 -0.9131 -0.3272
vn -0.2634 -0.8768 -0.4022
vn -0.5280 -0.5917 -0.6092
vn -0.5167 -0.6260 -0.5840
vn -0.5544 -0.6915 -0.4631
vn -0.1057 -0.9944 -0.0074
vn -0.2604 -0.9279 -0.2667
vn -0.5269 -0.7384 -0.4210
vn -0.6635 -0.5211 -0.5368
vn -0.6132 -0.5118 -0.6017
vn -0.6130 -0.5702 -0.5469
vn -0.6408 -0.6114 -0.4643
vn -0.6284 -0.6290 -0.4576
vn -0.3662 -0.8535 -0.3708
vn 0.6863 0.4985 0.5295
vn 0.7014 0.4111 0.5822
vn 0.6701 0.4416 0.5966
vn 0.6432 0.5169 0.5649
vn 0.5808 0.6270 0.5191
vn 0.6261 0.6612 0.4133
vn -0.5919 -0.6242 -0.5099
vn 0.6149 0.6275 0.4776
vn 0.6640 0.4521 0.5955
vn 0.6524 0.4496 0.6101
vn 0.6074 0.6456 0.4629
vn 0.6802 0.2633 0.6841
vn 0.6911 0.3011 0.6571
vn 0.6889 0.4575 0.5623
vn 0.6693 0.0296 0.7424
vn 0.6870 -0.0057 0.7266
vn 0.6451 0.6407 0.4163
vn 0.5477 0.7248 0.4179
vn 0.5824 0.7484 0.3174
vn 0.4688 0.8518 0.2338
vn 0.4527 0.8203 0.3494
vn 0.4704 0.8699 0.1482
vn 0.5880 0.7651 0.2623
vn 0.3362 0.9412 0.0339
vn 0.3712 0.9208 0.1197
vn 0.3718 0.8978 0.2361
vn 0.7064 0.2993 0.6414
vn 0.7453 0.0366 0.6657
vn 0.5753 0.7667 0.2850
vn 0.4296 0.8773 0.2141
vn 0.3157 0.9337 0.1688
vn 0.1482 0.9546 0.2584
vn 0.2648 0.9536 0.1431
vn 0.3003 0.8747 0.3804
vn 0.5075 0.6912 0.5146
vn 0.4306 0.7732 0.4656
vn -0.6258 -0.5821 -0.5192
vn -0.5843 -0.6598 -0.4724
vn -0.5259 -0.7244 -0.4458
vn -0.4511 -0.7833 -0.4277
vn -0.5729 -0.7171 -0.3970
vn -0.5782 -0.6983 -0.4219
vn -0.4737 -0.8054 -0.3562
vn -0.4773 -0.8126 -0.3345
vn -0.4398 -0.8363 -0.3275
vn -0.4645 -0.8123 -0.3527
vn -0.6833 -0.5518 -0.4782
vn -0.6745 -0.5572 -0.4843
vn -0.4688 -0.7944 -0.3862
vn -0.5372 -0.7390 -0.4066
vn -0.4851 -0.7771 -0.4009
vn -0.4592 -0.7906 -0.4050
vn -0.5477 -0.7280 -0.4123
vn -0.5703 -0.7298 -0.3769
vn -0.4722 -0.8084 -0.3514
vn -0.5365 -0.6790 -0.5011
vn -0.3897 -0.5039 -0.7708
vn -0.4360 -0.6633 -0.6082
vn -0.5177 -0.5965 -0.6133
vn -0.3313 -0.6103 -0.7195
vn -0.6422 -0.5111 -0.5713
vn -0.5427 -0.5946 -0.5933
vn -0.4858 -0.7371 -0.4698
vn -0.4439 -0.5503 -0.7072
vn -0.2220 -0.7609 -0.6097
vn -0.2160 -0.8848 -0.4129
vn -0.4604 -0.7411 -0.4888
vn -0.4621 -0.7697 -0.4404
vn -0.6765 -0.5052 -0.5358
vn -0.6669 -0.5568 -0.4953
vn 0.7996 0.4370 0.4118
vn 0.9179 0.2114 0.3358
vn 0.9529 0.1094 0.2827
vn 0.8634 0.3557 0.3578
vn 0.9122 0.2222 0.3444
vn 0.9408 0.1119 0.3200
vn -0.5330 -0.7065 -0.4655
vn -0.2626 -0.8950 -0.3607
vn -0.4522 -0.8237 -0.3420
vn 0.7950 0.4363 0.4215
vn 0.8994 0.2051 0.3860
vn 0.8805 0.2508 0.4022
vn 0.7746 0.4441 0.4503
vn 0.9239 0.0913 0.3717
vn 0.9278 0.0164 0.3727
vn 0.7111 0.5732 0.4071
vn 0.6790 0.5872 0.4407
vn 0.5335 0.6129 0.5829
vn 0.0201 0.7972 0.6033
vn -0.1020 0.8243 0.5569
vn 0.2712 0.7835 0.5591
vn 0.6558 0.5826 0.4801
vn 0.8394 0.3101 0.4463
vn 0.8079 0.4358 0.3966
vn 0.9342 0.1114 0.3388
vn 0.9542 -0.0775 0.2889
vn -0.9198 0.1857 -0.3458
vn -0.7752 0.3308 -0.5381
vn -0.8214 0.0249 -0.5699
vn -0.9013 -0.1373 -0.4109
vn -0.8475 0.1581 -0.5067
vn -0.8501 -0.0411 -0.5250
vn -0.8374 -0.1011 -0.5372
vn -0.8989 -0.2229 -0.3773
vn -0.9209 -0.2602 -0.2902
vn -0.9478 -0.2092 -0.2408
vn -0.9936 0.0640 -0.0928
vn -0.6444 -0.5543 -0.5267
vn -0.6857 -0.3136 -0.6569
vn -0.9120 -0.1259 -0.3903
vn -0.7558 -0.2482 -0.6060
vn -0.8367 -0.3604 -0.4123
vn -0.9309 0.2206 -0.2910
vn 0.7758 0.4617 0.4302
vn 0.7863 0.4876 0.3794
vn 0.7442 0.5656 0.3554
vn 0.7059 0.5498 0.4466
vn 0.7476 0.5346 0.3941
vn 0.7416 0.5798 0.3374
vn -0.8243 -0.4627 -0.3262
vn 0.6969 0.5623 0.4452
vn 0.6813 0.6116 0.4022
vn 0.5869 0.6095 0.5329
vn 0.6359 0.6350 0.4387
vn 0.6558 0.5355 0.5322
vn 0.6671 0.6553 0.3543
vn 0.6891 0.6546 0.3109
vn 0.7372 0.4620 0.4931
vn -0.6824 -0.5431 -0.4892
vn -0.6597 -0.6076 -0.4423
vn -0.6615 -0.5513 -0.5085
vn -0.6593 -0.5473 -0.5155
vn -0.6653 -0.5948 -0.4511
vn -0.6523 -0.6259 -0.4276
vn 0.6628 0.6654 0.3434
vn -0.6634 -0.5905 -0.4596
vn -0.6928 -0.5500 -0.4664
vn -0.5909 -0.6928 -0.4133
vn -0.6141 -0.6685 -0.4196
vn -0.6177 -0.6662 -0.4179
vn -0.6318 -0.6560 -0.4128
vn -0.6303 -0.6194 -0.4681
vn -0.6248 -0.6508 -0.4314
vn -0.6589 -0.5963 -0.4585
vn 0.4720 0.8645 0.1728
vn 0.3544 0.9317 -0.0802
vn 0.3959 0.9171 0.0458
vn 0.5120 0.8196 0.2569
vn 0.5547 0.7501 -0.3601
vn 0.5048 0.7568 -0.4152
vn 0.4501 0.8924 -0.0325
vn 0.5017 0.8458 0.1816
vn 0.5321 0.6867 -0.4953
vn 0.6641 0.6761 -0.3190
vn 0.6503 0.7510 0.1148
vn 0.4342 0.8924 0.1231
vn 0.0422 0.7884 0.6137
vn 0.0639 0.7707 0.6340
vn 0.2030 0.9691 0.1402
vn 0.1266 0.9801 0.1529
vn 0.2851 0.8981 -0.3349
vn 0.1724 0.9459 -0.2747
vn 0.1417 0.9377 -0.3172
vn 0.1894 0.9754 0.1130
vn 0.1687 0.7893 0.5903
vn -0.0724 0.4546 0.8878
vn -0.0406 0.4697 0.8819
vn 0.1131 0.5597 0.8210
vn 0.1361 0.8294 -0.5418
vn 0.1254 0.8084 -0.5751
vn 0.2266 0.8897 -0.3963
vn 0.3556 0.9220 -0.1531
vn 0.3965 0.8395 0.3716
vn 0.4729 0.7930 0.3841
vn 0.4382 0.7878 0.4329
vn 0.4416 0.8379 0.3208
vn 0.4635 0.8859 0.0204
vn 0.3551 0.7929 -0.4952
vn 0.4602 0.8174 0.3465
vn 0.4201 0.9052 0.0637
vn 0.3036 0.7532 -0.5835
vn 0.4774 0.8662 0.1474
vn 0.4917 0.7909 0.3642
vn 0.2900 0.9567 0.0250
vn 0.2010 0.9757 -0.0867
vn 0.1742 0.9755 -0.1343
vn 0.1000 0.9755 -0.1960
vn 0.7879 0.1262 0.6028
vn 0.6810 0.1030 0.7250
vn 0.6940 0.6344 0.3405
vn 0.6510 0.5752 0.4954
vn 0.2372 0.9202 0.3115
vn -0.0567 0.9984 0.0070
vn 0.5359 0.5023 0.6786
vn 0.3627 0.9307 0.0467
vn 0.0970 0.9927 0.0718
vn 0.3641 0.9289 -0.0679
vn 0.6017 0.1125 0.7908
vn -0.5205 0.7913 -0.3209
vn -0.6984 0.7124 -0.0686
vn -0.1916 0.9394 0.2842
vn -0.1210 0.9926 -0.0081
vn -0.8204 0.5247 0.2270
vn -0.3478 0.7917 0.5023
vn 0.1498 0.7774 0.6109
vn 0.6090 0.5057 0.6110
vn 0.6740 0.4733 0.5672
vn 0.2735 0.8238 0.4965
vn 0.3771 0.8876 0.2644
vn 0.7849 0.5226 0.3329
vn 0.9338 0.1306 0.3331
vn 0.8612 0.1731 0.4779
vn 0.8552 0.2391 0.4599
vn -0.4584 -0.4101 -0.7885
vn -0.1779 -0.2539 -0.9507
vn -0.4105 -0.6047 -0.6825
vn -0.0291 -0.5597 -0.8282
vn -0.3992 -0.7196 -0.5682
vn -0.2060 -0.7774 -0.5944
vn -0.2827 -0.7559 -0.5905
vn -0.3841 -0.7210 -0.5767
vn -0.9210 -0.0814 -0.3809
vn -0.7277 -0.4348 -0.5305
vn -0.7200 -0.4340 -0.5416
vn -0.9018 -0.0530 -0.4288
vn -0.9266 0.2942 -0.2344
vn -0.9431 0.2635 -0.2026
vn -0.7552 0.6538 0.0477
vn -0.7685 0.6376 0.0539
vn -0.4735 0.8329 0.2866
vn -0.4529 0.8525 0.2611
vn -0.1709 0.8952 0.4115
vn -0.1013 0.9348 0.3405
vn 0.7402 0.4598 0.4906
vn 0.3124 0.8409 0.4419
vn 0.2827 0.7958 0.5355
vn 0.7108 0.4178 0.5658
vn 0.8842 0.0566 0.4637
vn 0.9135 0.0849 0.3979
vn 0.8719 0.0793 0.4833
vn 0.8891 0.1270 0.4397
vn 0.6674 0.4858 0.5644
vn 0.7097 0.4050 0.5764
vn 0.8403 0.5216 -0.1477
vn 0.9115 0.4111 -0.0108
vn 0.7681 0.3049 0.5631
vn 0.8587 0.3412 0.3824
vn 0.2664 0.0832 -0.9603
vn 0.5767 -0.0476 -0.8156
vn -0.4028 -0.6634 -0.6306
vn -0.0002 -0.7880 -0.6157
vn -0.0707 -0.7836 -0.6172
vn -0.4055 -0.6853 -0.6049
vn 0.4147 -0.7235 -0.5518
vn 0.2786 -0.6709 -0.6872
vn -0.7357 -0.4082 -0.5405
vn -0.7190 -0.4014 -0.5673
vn -0.9136 -0.0704 -0.4006
vn -0.8899 -0.0669 -0.4512
vn -0.9240 0.3082 -0.2265
vn -0.8975 0.3383 -0.2830
vn -0.7358 0.6771 -0.0087
vn -0.7038 0.7040 -0.0953
vn -0.3864 0.9029 0.1884
vn -0.3610 0.9304 0.0634
vn -0.0254 0.9633 0.2673
vn 0.0721 0.9802 0.1845
vn 0.7730 0.6051 0.1903
vn 0.4653 0.8566 0.2230
vn 0.3425 0.8962 0.2820
vn 0.7531 0.5827 0.3053
vn -0.6060 -0.4052 -0.6845
vn -0.2787 -0.6248 -0.7293
vn -0.8109 -0.0710 -0.5809
vn -0.6141 -0.0224 -0.7889
vn -0.3841 -0.2194 -0.8968
vn -0.0406 -0.3812 -0.9236
vn -0.8253 0.3292 -0.4589
vn -0.5746 0.2687 -0.7730
vn -0.6362 0.7086 -0.3051
vn -0.5042 0.6118 -0.6095
vn 0.9891 -0.1469 0.0094
vn 0.9738 0.1932 0.1198
vn 0.9544 0.1739 0.2426
vn 0.9850 0.0959 0.1435
vn -0.2707 0.9340 -0.2333
vn -0.1329 0.7290 -0.6715
vn 0.1814 0.9711 -0.1549
vn 0.2686 0.7159 -0.6444
vn -0.2176 0.2201 -0.9509
vn 0.2081 0.1598 -0.9650
vn 0.6939 -0.4598 -0.5541
vn 0.3560 -0.4492 -0.8194
vn 0.5607 0.0527 -0.8263
vn 0.7791 -0.0767 -0.6222
vn 0.6197 0.5738 -0.5355
vn 0.8716 0.3242 -0.3677
vn 0.5877 0.8088 -0.0189
vn 0.8457 0.5318 0.0449
vn 0.9210 -0.2431 -0.3044
vn 0.9429 0.0678 -0.3261
vn 0.7066 -0.2666 -0.6555
vn 0.7869 -0.4652 -0.4054
vn 0.1510 -0.7289 -0.6678
vn 0.5220 -0.6784 -0.5170
vn 0.9690 -0.1931 -0.1539
vn 0.9568 -0.2445 -0.1574
vn 0.9804 -0.1958 -0.0217
vn 0.9137 -0.3862 -0.1268
vn 0.8805 -0.3623 -0.3057
vn 0.8539 -0.4558 -0.2512
vn 0.7614 -0.5102 -0.4000
vn 0.9813 0.0137 -0.1918
vn 0.8569 -0.2393 -0.4566
vn 0.9854 0.1655 0.0412
vn 0.0140 -0.8508 -0.5253
vn -0.0834 -0.8479 -0.5236
vn 0.1911 -0.8554 -0.4814
vn 0.1978 -0.8499 -0.4885
vn -0.6556 -0.6537 -0.3780
vn -0.4601 -0.7131 -0.5290
vn -0.2143 -0.8214 -0.5286
vn -0.2578 -0.8145 -0.5197
vn -0.4269 -0.8216 -0.3779
vn -0.4233 -0.8348 -0.3521
vn -0.3425 -0.8664 -0.3634
vn -0.3330 -0.8651 -0.3750
vn -0.5223 -0.7734 -0.3593
vn -0.5133 -0.7646 -0.3897
vn -0.3971 -0.8170 -0.4181
vn -0.4891 -0.7617 -0.4249
vn -0.3189 -0.8546 -0.4097
vn -0.3719 -0.8175 -0.4398
vn -0.3080 -0.8387 -0.4491
vn -0.4769 -0.7655 -0.4320
vn -0.3068 -0.8143 -0.4928
vn -0.3682 -0.8071 -0.4615
vn -0.4780 -0.7645 -0.4324
vn -0.3737 -0.8282 -0.4176
vn -0.4495 -0.7819 -0.4320
vn -0.2874 -0.8748 -0.3901
vn -0.3245 -0.8935 -0.3104
vn -0.3934 -0.8581 -0.3301
vn -0.4512 -0.8191 -0.3542
vn -0.3469 -0.8014 -0.4872
vn -0.3599 -0.7878 -0.4999
vn -0.3066 -0.7865 -0.5362
vn -0.3077 -0.8102 -0.4989
vn -0.3504 -0.8288 -0.4362
vn -0.3104 -0.8415 -0.4422
vn -0.3853 -0.8145 -0.4337
vn -0.3677 -0.8572 -0.3604
vn -0.4077 -0.8359 -0.3674
vn -0.3198 -0.8754 -0.3624
vn -0.1568 -0.9220 -0.3540
vn -0.2346 -0.9272 -0.2919
vn 0.0787 -0.9529 -0.2930
vn -0.0814 -0.9595 -0.2697
vn -0.4308 -0.8385 -0.3336
vn -0.3873 -0.8648 -0.3195
vn -0.3302 -0.8922 -0.3081
vn 0.3753 -0.9049 -0.2006
vn 0.1956 -0.9555 -0.2210
vn 0.4065 -0.8957 -0.1800
vn 0.6031 -0.7935 -0.0817
vn 0.5914 -0.8053 -0.0403
vn 0.3730 -0.9053 -0.2031
vn 0.8165 -0.5681 0.1027
vn 0.7838 -0.6000 0.1599
vn 0.6483 -0.7612 -0.0152
vn 0.6169 -0.7869 -0.0142
vn 0.7775 -0.6028 0.1795
vn 0.7868 -0.5990 0.1486
vn 0.4031 -0.8835 -0.2388
vn 0.3730 -0.8755 -0.3072
vn 0.8918 0.2117 0.3997
vn 0.9034 0.0602 0.4246
vn 0.3769 0.8565 0.3527
vn 0.5313 0.7494 0.3951
vn 0.9432 -0.0563 0.3274
vn 0.9200 -0.0868 0.3823
vn 0.6665 0.6137 0.4231
vn 0.6297 0.6385 0.4424
vn 0.1609 0.9567 0.2425
vn 0.2234 0.9318 0.2860
vn 0.2169 0.9483 0.2316
vn 0.2112 0.9350 0.2850
vn 0.2459 0.8627 0.4419
vn 0.2747 0.8850 0.3758
vn 0.2003 0.8969 0.3943
vn 0.1974 0.8598 0.4710
vn 0.3444 0.8998 0.2679
vn 0.3308 0.8743 0.3552
vn 0.5053 0.8068 0.3062
vn 0.4901 0.7755 0.3980
vn 0.6461 0.6792 0.3482
vn 0.6299 0.7213 0.2880
vn 0.6887 0.6187 0.3780
vn 0.6625 0.6703 0.3343
vn 0.3390 0.7958 0.5017
vn 0.3198 0.8206 0.4737
vn 0.5062 0.7384 0.4456
vn 0.5403 0.7227 0.4309
vn 0.7471 0.6221 0.2344
vn 0.7108 0.6469 0.2762
vn 0.6336 0.6881 0.3535
vn 0.6018 0.7047 0.3758
vn 0.6064 0.7244 0.3279
vn 0.6369 0.6844 0.3549
vn 0.6537 0.7147 0.2488
vn 0.6450 0.6795 0.3497
vn 0.6484 0.6327 0.4233
vn 0.6135 0.6903 0.3835
vn 0.5417 0.7014 0.4632
vn 0.5230 0.7477 0.4091
vn 0.6254 0.7328 0.2681
vn 0.6482 0.6822 0.3383
vn 0.6154 0.7027 0.3571
vn 0.5687 0.7536 0.3298
vn 0.7032 0.6882 0.1788
vn 0.6957 0.6635 0.2752
vn 0.6718 0.6166 0.4105
vn 0.5600 0.6742 0.4815
vn 0.4748 0.7019 0.5309
vn 0.6759 0.6032 0.4235
vn 0.1154 0.8004 0.5882
vn 0.0228 0.8062 0.5911
vn -0.0340 0.7842 0.6196
vn 0.3532 0.7386 0.5742
vn 0.4196 0.7155 0.5586
vn -0.0162 0.8255 0.5642
vn 0.6368 0.6457 0.4214
vn 0.5682 0.7062 0.4224
vn -0.0468 0.8030 0.5942
vn 0.2776 0.7838 0.5556
vn 0.4794 0.7600 0.4389
vn -0.4510 0.7331 0.5091
vn -0.4469 0.7360 0.5085
vn -0.4429 0.7276 0.5238
vn -0.3772 0.8561 0.3532
vn -0.3516 0.8366 0.4201
vn -0.3658 0.7827 0.5036
vn -0.3805 0.7613 0.5250
vn -0.3700 0.8731 0.3174
vn -0.7459 0.5739 0.3381
vn -0.6677 0.6150 0.4195
vn -0.9923 -0.0619 -0.1068
vn -0.9910 -0.0203 -0.1326
vn -0.3509 0.8212 0.4499
vn -0.3356 0.7928 0.5087
vn -0.1944 0.8307 0.5216
vn -0.1581 0.8008 0.5777
vn -0.6772 0.6763 0.2899
vn -0.2942 0.8269 0.4793
vn -0.2568 0.8523 0.4556
vn -0.7248 0.6181 0.3043
vn -0.6292 0.7117 0.3125
vn -0.2909 0.8159 0.4997
vn -0.8397 0.5195 0.1581
vn -0.9321 0.3619 0.0136
vn -0.9725 0.2293 -0.0410
vn -0.9277 -0.1804 -0.3270
vn -0.9347 -0.1362 -0.3282
vn -0.9888 0.1084 -0.1022
vn -0.8794 -0.2761 -0.3879
vn -0.5396 -0.7411 -0.3995
vn -0.5505 -0.7454 -0.3759
vn -0.5794 -0.7109 -0.3987
vn -0.5431 -0.7316 -0.4120
vn -0.5216 -0.7395 -0.4255
vn -0.5240 -0.7372 -0.4265
vn -0.5280 -0.7387 -0.4190
vn -0.5351 -0.7390 -0.4093
vn -0.5246 -0.7360 -0.4279
vn -0.5241 -0.7485 -0.4063
vn -0.5515 -0.7185 -0.4239
vn -0.5240 -0.7355 -0.4295
vn -0.5262 -0.7566 -0.3882
vn -0.5553 -0.7320 -0.3947
vn -0.5431 -0.7314 -0.4123
vn -0.5529 -0.7316 -0.3988
vn -0.4941 -0.7536 -0.4336
vn -0.4896 -0.7867 -0.3761
vn -0.4679 -0.8098 -0.3540
vn -0.5034 -0.7790 -0.3738
vn -0.4460 -0.8107 -0.3793
vn -0.4812 -0.7837 -0.3928
vn -0.5157 -0.7564 -0.4024
vn -0.5345 -0.7511 -0.3875
vn 0.3691 0.8267 0.4245
vn 0.4147 0.8114 0.4120
vn 0.4166 0.7652 0.4908
vn 0.3737 0.7667 0.5220
vn -0.4210 -0.7945 -0.4377
vn -0.4614 -0.7709 -0.4391
vn -0.5048 -0.7469 -0.4329
vn 0.4164 0.8871 0.1991
vn 0.5405 0.8121 0.2197
vn 0.4802 0.8245 0.2994
vn 0.3932 0.8744 0.2842
vn 0.4439 0.8670 0.2264
vn 0.2587 0.9524 0.1614
vn 0.3220 0.9164 0.2377
vn 0.4846 0.8150 0.3178
vn 0.4488 0.8239 0.3460
vn 0.4956 0.8393 0.2236
vn 0.4935 0.7226 0.4841
vn 0.4202 0.7807 0.4626
vn 0.4206 0.7264 0.5435
vn 0.4602 0.7057 0.5387
vn 0.3827 0.8652 0.3239
vn 0.5065 0.7704 0.3872
vn 0.5688 0.6628 0.4871
vn 0.6225 0.6450 0.4433
vn 0.6371 0.6838 0.3557
vn 0.6266 0.7177 0.3037
vn 0.5933 0.7550 0.2790
vn -0.0530 -0.3998 -0.9151
vn -0.2456 -0.6641 -0.7061
vn -0.2096 -0.8627 -0.4602
vn -0.1081 -0.9165 -0.3852
vn -0.2973 -0.8142 -0.4986
vn 0.1819 -0.8531 -0.4890
vn -0.3160 -0.8267 -0.4655
vn 0.1582 -0.8456 -0.5099
vn -0.3119 -0.8480 -0.4284
vn -0.0328 -0.8741 -0.4846
vn 0.4405 -0.7495 -0.4942
vn 0.3092 -0.7821 -0.5410
vn -0.2737 -0.5050 -0.8186
vn -0.7038 -0.3229 -0.6327
vn -0.3990 -0.5122 -0.7606
vn -0.1514 -0.5969 -0.7879
vn -0.6111 -0.5288 -0.5890
vn -0.4320 -0.5970 -0.6760
vn -0.0756 -0.7179 -0.6921
vn -0.2492 -0.7255 -0.6415
vn 0.1524 -0.8309 -0.5351
vn -0.6775 -0.5617 -0.4748
vn -0.4708 -0.6294 -0.6182
vn 0.0186 -0.5514 -0.8340
vn 0.1650 -0.5098 -0.8443
vn -0.0339 -0.5263 -0.8496
vn -0.1873 -0.5503 -0.8137
vn -0.1427 -0.5662 -0.8118
vn -0.0390 -0.5781 -0.8151
vn -0.2849 -0.5965 -0.7504
vn -0.2504 -0.5769 -0.7774
vn -0.3318 -0.6353 -0.6974
vn -0.2786 -0.6009 -0.7492
vn 0.0941 -0.9591 -0.2669
vn -0.1420 -0.9440 -0.2977
vn 0.0572 -0.9395 -0.3378
vn -0.1605 -0.9150 -0.3702
vn -0.2665 -0.8223 -0.5028
vn -0.2895 -0.8019 -0.5226
vn -0.1888 -0.8326 -0.5207
vn -0.2535 -0.8555 -0.4515
vn -0.1777 -0.8662 -0.4670
vn -0.2569 -0.8937 -0.3677
vn 0.0446 -0.9015 -0.4305
vn -0.0174 -0.8667 -0.4985
vn -0.2583 -0.9173 -0.3029
vn -0.8611 -0.3027 -0.4086
vn -0.8563 -0.2907 -0.4268
vn -0.9622 -0.0937 -0.2559
vn -0.9466 -0.0956 -0.3079
vn -0.6483 -0.4284 -0.6294
vn -0.7056 -0.4162 -0.5735
vn -0.9076 -0.2190 -0.3583
vn -0.9574 -0.1361 -0.2546
vn -0.9859 -0.0121 -0.1669
vn -0.9905 0.1264 -0.0540
vn -0.8581 -0.1429 -0.4931
vn -0.7281 -0.3894 -0.5642
vn -0.9943 -0.0084 -0.1067
vn -0.9985 0.0540 0.0014
vn -0.8303 -0.2823 -0.4805
vn -0.9439 -0.0817 -0.3199
vn -0.9898 0.0673 -0.1253
vn -0.9851 0.0109 -0.1715
vn -0.9807 0.0668 -0.1838
vn -0.9831 0.1122 -0.1448
vn -0.9748 0.0120 -0.2227
vn -0.9753 0.0218 -0.2199
vn -0.9754 0.0826 -0.2043
vn -0.9792 0.0780 -0.1875
vn -0.9897 0.1279 -0.0637
vn -0.9892 0.1145 -0.0920
vn -0.9884 0.0694 -0.1351
vn 0.5289 0.6427 -0.5543
vn 0.9974 0.0657 -0.0283
s 1
usemtl _17174_Tiamat_v1default
f 1//1 2//2 3//3 4//4
f 5//5 3//3 2//2 6//6
f 7//7 8//8 3//3 5//5
f 4//4 3//3 8//8 9//9
f 10//10 11//11 12//12 13//13
f 14//14 10//10 13//13 15//15
f 9//9 8//8 10//10 14//14
f 11//11 10//10 8//8 7//7
f 16//16 17//17 18//18 19//19
f 14//14 18//18 17//17 9//9
f 15//15 20//20 18//18 14//14
f 18//18 20//20 21//21
f 22//22 23//23 24//24 25//25
f 4//4 23//23 22//22 1//1
f 9//9 17//17 23//23 4//4
f 16//16 24//24 23//23 17//17
f 26//26 27//27 28//28 29//29
f 30//30 28//28 27//27 31//31
f 32//32 33//33 28//28 30//30
f 29//29 28//28 33//33 34//34
f 35//35 36//36 37//37 38//38
f 29//29 37//37 36//36 26//26
f 34//34 39//39 37//37 29//29
f 38//38 37//37 39//39 40//40
f 25//25 24//24 41//41 42//42
f 43//43 41//41 24//24 16//16
f 40//40 39//39 41//41 43//43
f 42//42 41//41 39//39 34//34
f 44//44 45//45 46//46 47//47
f 48//48 46//46 45//45 49//49
f 46//46 48//48 50//50
f 47//47 46//46 51//51 52//52
f 53//53 54//54 55//55 56//56
f 57//57 55//55 54//54 58//58
f 59//59 60//60 55//55 57//57
f 56//56 55//55 60//60 61//61
f 62//62 63//63 64//64 65//65
f 64//64 63//63 66//66 67//67
f 64//64 67//67 58//58 68//68
f 65//65 64//64 68//68 69//69
f 70//70 71//71 72//72 73//73
f 57//57 72//72 71//71 59//59
f 58//58 67//67 72//72 57//57
f 73//73 72//72 67//67 66//66
f 74//74 75//75 76//76 77//77
f 78//78 76//76 75//75 79//79
f 61//61 60//60 76//76 78//78
f 77//77 76//76 60//60 59//59
f 80//80 81//81 82//82 83//83
f 84//84 82//82 81//81 85//85
f 86//86 87//87 82//82 84//84
f 83//83 82//82 87//87 88//88
f 21//21 20//20 89//89 90//90
f 91//91 89//89 20//20 15//15
f 92//92 93//93 89//89 91//91
f 90//90 89//89 93//93 94//94
f 95//95 96//96 97//97 98//98
f 93//93 97//97 96//96 94//94
f 92//92 99//99 97//97 93//93
f 99//99 100//100 98//98
f 92//92 91//91 101//101 102//102
f 13//13 101//101 91//91 15//15
f 12//12 103//103 101//101 13//13
f 102//102 101//101 103//103 104//104
f 105//105 106//106 100//100
f 105//105 99//99 92//92 102//102
f 104//104 107//107 105//105 102//102
f 106//106 105//105 107//107 108//108
f 16//16 19//19 109//109 43//43
f 19//19 21//21 110//110
f 111//111 112//112 109//109 110//110
f 43//43 109//109 112//112 40//40
f 21//21 90//90 113//113 110//110
f 114//114 113//113 90//90 94//94
f 115//115 116//116 113//113 114//114
f 110//110 113//113 116//116 111//111
f 117//117 114//114 94//94
f 96//96 95//95 118//118
f 119//119 120//120 117//117 118//118
f 114//114 117//117 120//120 115//115
f 40//40 112//112 121//121 38//38
f 122//122 121//121 112//112 111//111
f 123//123 124//124 121//121 122//122
f 38//38 121//121 124//124 35//35
f 125//125 126//126 127//127 128//128
f 127//127 126//126 129//129 130//130
f 131//131 132//132 127//127 130//130
f 128//128 127//127 132//132 133//133
f 134//134 135//135 136//136
f 137//137 138//138 139//139 136//136
f 139//139 138//138 133//133 132//132
f 134//134 139//139 132//132 131//131
f 140//140 141//141 142//142
f 143//143 140//140 144//144 125//125
f 145//145 146//146 140//140 143//143
f 141//141 140//140 146//146 147//147
f 73//73 148//148 149//149 70//70
f 150//150 148//148 73//73 66//66
f 148//148 150//150 151//151
f 152//152 153//153 149//149
f 154//154 155//155 156//156 157//157
f 158//158 159//159 156//156 155//155
f 160//160 156//156 159//159 161//161
f 157//157 156//156 160//160 162//162
f 162//162 160//160 163//163 164//164
f 165//165 163//163 160//160 161//161
f 166//166 167//167 163//163 165//165
f 164//164 163//163 167//167 168//168
f 169//169 170//170 171//171 172//172
f 173//173 171//171 170//170 174//174
f 175//175 176//176 171//171 173//173
f 172//172 171//171 176//176 177//177
f 178//178 179//179 180//180 181//181
f 182//182 180//180 179//179 183//183
f 174//174 170//170 180//180 182//182
f 181//181 180//180 170//170 169//169
f 184//184 185//185 186//186 187//187
f 184//184 187//187 183//183 179//179
f 188//188 184//184 179//179 178//178
f 189//189 185//185 184//184 188//188
f 153//153 152//152 190//190 191//191
f 192//192 190//190 152//152 151//151
f 193//193 194//194 190//190 192//192
f 191//191 190//190 194//194 195//195
f 196//196 197//197 198//198 199//199
f 200//200 198//198 197//197 201//201
f 195//195 194//194 198//198 200//200
f 199//199 198//198 194//194 193//193
f 202//202 203//203 204//204 205//205
f 83//83 204//204 203//203 80//80
f 88//88 206//206 204//204 83//83
f 205//205 204//204 206//206 207//207
f 207//207 206//206 208//208 209//209
f 210//210 208//208 206//206 88//88
f 211//211 212//212 208//208 210//210
f 209//209 208//208 212//212 213//213
f 213//213 212//212 214//214 215//215
f 216//216 214//214 212//212 211//211
f 217//217 218//218 214//214 216//216
f 215//215 214//214 218//218 219//219
f 219//219 218//218 220//220 221//221
f 222//222 220//220 218//218 217//217
f 223//223 224//224 220//220 222//222
f 221//221 220//220 224//224 225//225
f 226//226 227//227 228//228
f 229//229 230//230 231//231
f 232//232 226//226 231//231 233//233
f 234//234 227//227 226//226
f 235//235 236//236 237//237 238//238
f 239//239 237//237 236//236 240//240
f 241//241 242//242 237//237 239//239
f 238//238 237//237 242//242 243//243
f 244//244 245//245 246//246 247//247
f 248//248 246//246 245//245 249//249
f 250//250 251//251 246//246 248//248
f 247//247 246//246 251//251 252//252
f 253//253 254//254 255//255 256//256
f 257//257 255//255 254//254 258//258
f 259//259 260//260 255//255 257//257
f 256//256 255//255 260//260 261//261
f 262//262 263//263 264//264 265//265
f 247//247 264//264 263//263 244//244
f 252//252 266//266 264//264 247//247
f 265//265 264//264 266//266 267//267
f 268//268 269//269 270//270 271//271
f 272//272 270//270 269//269 137//137
f 273//273 270//270 272//272 274//274
f 271//271 270//270 273//273 275//275
f 168//168 167//167 276//276 277//277
f 278//278 276//276 167//167 166//166
f 279//279 276//276 278//278 280//280
f 277//277 276//276 279//279 281//281
f 282//282 283//283 284//284 285//285
f 283//283 201//201 197//197
f 284//284 197//197 196//196
f 285//285 284//284 286//286 287//287
f 288//288 289//289 290//290 291//291
f 292//292 290//290 289//289 293//293
f 249//249 245//245 290//290 292//292
f 291//291 290//290 245//245 244//244
f 294//294 295//295 296//296 297//297
f 106//106 296//296 295//295 100//100
f 108//108 298//298 296//296 106//106
f 297//297 296//296 298//298 299//299
f 207//207 300//300 301//301 205//205
f 297//297 301//301 300//300 294//294
f 299//299 302//302 301//301 297//297
f 205//205 301//301 302//302 202//202
f 303//303 304//304 305//305 306//306
f 98//98 305//305 304//304 95//95
f 100//100 295//295 305//305 98//98
f 306//306 305//305 295//295 294//294
f 213//213 307//307 308//308 209//209
f 306//306 308//308 307//307 303//303
f 294//294 300//300 308//308 306//306
f 209//209 308//308 300//300 207//207
f 309//309 310//310 311//311
f 118//118 309//309 312//312 119//119
f 95//95 304//304 309//309 118//118
f 310//310 309//309 304//304 303//303
f 219//219 313//313 314//314 215//215
f 310//310 314//314 313//313 311//311
f 303//303 307//307 314//314 310//310
f 215//215 314//314 307//307 213//213
f 315//315 316//316 317//317 318//318
f 319//319 317//317 316//316 320//320
f 119//119 312//312 317//317 319//319
f 318//318 317//317 312//312 311//311
f 225//225 321//321 322//322 221//221
f 318//318 322//322 321//321 315//315
f 311//311 313//313 322//322 318//318
f 221//221 322//322 313//313 219//219
f 323//323 324//324 325//325 326//326
f 273//273 325//325 324//324 275//275
f 274//274 327//327 325//325 273//273
f 326//326 325//325 327//327 328//328
f 233//233 329//329 330//330 232//232
f 326//326 330//330 329//329 323//323
f 328//328 331//331 330//330 326//326
f 331//331 234//234 232//232
f 186//186 185//185 332//332 333//333
f 334//334 332//332 185//185 189//189
f 335//335 336//336 332//332 334//334
f 333//333 332//332 336//336 337//337
f 238//238 338//338 339//339 235//235
f 340//340 338//338 238//238 243//243
f 337//337 336//336 338//338 340//340
f 339//339 338//338 336//336 335//335
f 341//341 342//342 282//282
f 343//343 341//341 285//285 287//287
f 293//293 289//289 341//341 343//343
f 342//342 341//341 289//289 288//288
f 244//244 263//263 344//344 291//291
f 345//345 344//344 263//263 262//262
f 346//346 347//347 344//344 345//345
f 291//291 344//344 347//347 288//288
f 348//348 349//349 350//350 351//351
f 352//352 350//350 349//349 353//353
f 354//354 355//355 350//350 352//352
f 351//351 350//350 355//355 356//356
f 357//357 358//358 359//359 360//360
f 361//361 359//359 358//358 362//362
f 363//363 364//364 359//359 361//361
f 360//360 359//359 364//364 365//365
f 366//366 367//367 368//368 369//369
f 360//360 368//368 367//367 357//357
f 365//365 370//370 368//368 360//360
f 369//369 368//368 370//370 371//371
f 353//353 349//349 372//372 373//373
f 374//374 372//372 349//349 348//348
f 375//375 376//376 372//372 374//374
f 373//373 372//372 376//376 377//377
f 353//353 378//378 379//379 352//352
f 380//380 379//379 378//378 381//381
f 382//382 383//383 379//379 380//380
f 352//352 379//379 383//383 354//354
f 384//384 385//385 363//363
f 383//383 384//384 386//386 354//354
f 382//382 387//387 384//384 383//383
f 385//385 384//384 387//387 388//388
f 365//365 364//364 389//389 390//390
f 385//385 389//389 364//364 363//363
f 389//389 385//385 388//388
f 390//390 389//389 391//391 392//392
f 371//371 370//370 393//393 394//394
f 390//390 393//393 370//370 365//365
f 392//392 395//395 393//393 390//390
f 394//394 393//393 395//395 396//396
f 371//371 394//394 397//397 398//398
f 399//399 397//397 394//394 396//396
f 400//400 401//401 397//397 399//399
f 398//398 397//397 401//401 377//377
f 381//381 378//378 402//402 403//403
f 373//373 402//402 378//378 353//353
f 377//377 401//401 402//402 373//373
f 401//401 400//400 403//403
f 381//381 404//404 405//405 380//380
f 406//406 405//405 404//404 407//407
f 408//408 409//409 405//405 406//406
f 380//380 405//405 409//409 382//382
f 382//382 409//409 410//410 387//387
f 411//411 410//410 409//409 408//408
f 412//412 413//413 410//410 411//411
f 410//410 413//413 388//388 387//387
f 392//392 391//391 414//414 415//415
f 413//413 414//414 391//391 388//388
f 412//412 416//416 414//414 413//413
f 415//415 414//414 416//416 417//417
f 396//396 395//395 418//418 419//419
f 415//415 418//418 395//395 392//392
f 417//417 420//420 418//418 415//415
f 419//419 418//418 420//420 421//421
f 399//399 422//422 423//423 400//400
f 419//419 422//422 399//399 396//396
f 421//421 424//424 422//422 419//419
f 422//422 424//424 425//425 423//423
f 407//407 404//404 426//426 427//427
f 403//403 426//426 404//404 381//381
f 426//426 403//403 400//400
f 427//427 426//426 423//423 425//425
f 428//428 429//429 430//430 431//431
f 432//432 430//430 429//429 433//433
f 434//434 435//435 430//430 432//432
f 431//431 430//430 435//435 436//436
f 437//437 438//438 439//439
f 440//440 437//437 441//441 442//442
f 428//428 443//443 437//437 440//440
f 438//438 437//437 443//443 444//444
f 445//445 446//446 447//447 448//448
f 438//438 447//447 446//446 439//439
f 444//444 449//449 447//447 438//438
f 450//450 448//448 447//447
f 445//445 448//448 451//451 452//452
f 453//453 451//451 448//448 450//450
f 454//454 455//455 451//451 453//453
f 452//452 451//451 455//455 456//456
f 456//456 455//455 457//457 458//458
f 459//459 457//457 455//455 454//454
f 460//460 461//461 457//457 459//459
f 458//458 457//457 461//461 462//462
f 463//463 464//464 465//465
f 463//463 466//466 462//462 461//461
f 467//467 463//463 461//461 460//460
f 464//464 463//463 467//467 433//433
f 433//433 429//429 468//468 464//464
f 440//440 468//468 429//429 428//428
f 442//442 469//469 468//468
f 465//465 464//464 468//468 469//469
f 408//408 470//470 471//471 411//411
f 472//472 471//471 470//470 473//473
f 474//474 471//471 472//472 475//475
f 411//411 471//471 474//474 412//412
f 475//475 476//476 477//477 474//474
f 478//478 477//477 476//476 479//479
f 417//417 416//416 477//477 478//478
f 474//474 477//477 416//416 412//412
f 421//421 420//420 480//480 481//481
f 478//478 480//480 420//420 417//417
f 479//479 482//482 480//480 478//478
f 481//481 480//480 482//482 483//483
f 425//425 424//424 484//484 485//485
f 481//481 484//484 424//424 421//421
f 483//483 486//486 484//484 481//481
f 485//485 484//484 486//486 487//487
f 425//425 485//485 488//488 427//427
f 488//488 485//485 487//487 489//489
f 490//490 491//491 488//488 489//489
f 427//427 488//488 491//491 407//407
f 473//473 470//470 492//492 493//493
f 406//406 492//492 470//470 408//408
f 407//407 491//491 492//492 406//406
f 493//493 492//492 491//491 490//490
f 475//475 472//472 494//494 495//495
f 496//496 494//494 472//472 473//473
f 494//494 496//496 497//497
f 495//495 494//494 498//498 499//499
f 439//439 446//446 500//500 501//501
f 502//502 500//500 446//446 445//445
f 503//503 504//504 500//500 502//502
f 501//501 500//500 504//504 505//505
f 506//506 507//507 508//508 509//509
f 507//507 499//499 510//510
f 508//508 510//510 503//503
f 511//511 512//512 509//509
f 479//479 476//476 513//513 514//514
f 495//495 513//513 476//476 475//475
f 499//499 507//507 513//513 495//495
f 514//514 513//513 507//507 506//506
f 502//502 515//515 511//511 503//503
f 445//445 452//452 515//515 502//502
f 516//516 515//515 452//452 456//456
f 511//511 515//515 516//516 512//512
f 483//483 482//482 517//517 518//518
f 514//514 517//517 482//482 479//479
f 506//506 519//519 517//517 514//514
f 518//518 517//517 519//519 520//520
f 487//487 486//486 521//521 522//522
f 518//518 521//521 486//486 483//483
f 520//520 523//523 521//521 518//518
f 522//522 521//521 523//523 524//524
f 525//525 505//505 504//504
f 503//503 510//510 526//526 504//504
f 526//526 510//510 499//499
f 498//498 497//497 525//525
f 527//527 528//528 529//529 530//530
f 516//516 529//529 528//528 512//512
f 456//456 458//458 529//529 516//516
f 530//530 529//529 458//458 462//462
f 531//531 532//532 533//533
f 534//534 531//531 535//535 536//536
f 527//527 537//537 531//531 534//534
f 537//537 538//538 532//532
f 539//539 540//540 538//538
f 530//530 539//539 537//537 527//527
f 539//539 530//530 462//462 466//466
f 466//466 465//465 540//540
f 540//540 541//541 542//542 538//538
f 540//540 465//465 469//469
f 442//442 543//543 541//541 469//469
f 543//543 544//544 542//542
f 442//442 441//441 545//545 543//543
f 441//441 439//439 501//501
f 505//505 546//546 545//545 501//501
f 543//543 545//545 546//546 544//544
f 547//547 548//548 544//544
f 549//549 547//547 546//546 505//505
f 550//550 551//551 547//547 549//549
f 548//548 547//547 551//551 552//552
f 552//552 551//551 553//553 554//554
f 555//555 553//553 551//551 550//550
f 556//556 557//557 553//553 555//555
f 554//554 553//553 557//557 558//558
f 559//559 560//560 561//561
f 559//559 562//562 563//563
f 564//564 560//560 559//559 565//565
f 564//564 566//566 567//567 560//560
f 554//554 567//567 566//566 552//552
f 558//558 568//568 567//567 554//554
f 560//560 567//567 568//568 561//561
f 569//569 570//570 571//571 572//572
f 570//570 573//573 574//574
f 571//571 574//574 575//575
f 572//572 571//571 576//576 577//577
f 578//578 579//579 580//580 581//581
f 578//578 563//563 582//582
f 572//572 579//579 582//582 569//569
f 577//577 580//580 579//579 572//572
f 581//581 580//580 583//583 584//584
f 585//585 583//583 580//580 577//577
f 586//586 587//587 583//583 585//585
f 584//584 583//583 587//587 588//588
f 589//589 590//590 591//591 592//592
f 593//593 591//591 590//590 594//594
f 591//591 593//593 533//533 532//532
f 532//532 538//538 592//592
f 595//595 596//596 597//597
f 592//592 595//595 598//598 589//589
f 538//538 542//542 595//595 592//592
f 596//596 595//595 542//542 544//544
f 599//599 600//600 598//598 597//597
f 600//600 599//599 601//601 602//602
f 589//589 598//598 600//600 602//602
f 603//603 604//604 597//597
f 548//548 603//603 596//596 544//544
f 552//552 566//566 603//603 548//548
f 604//604 603//603 566//566 564//564
f 605//605 604//604 564//564
f 565//565 563//563 606//606
f 606//606 607//607 608//608
f 604//604 605//605 608//608 597//597
f 609//609 610//610 608//608 607//607
f 611//611 610//610 609//609 612//612
f 601//601 599//599 610//610 611//611
f 608//608 610//610 599//599 597//597
f 607//607 606//606 613//613 614//614
f 578//578 613//613 606//606 563//563
f 581//581 615//615 613//613 578//578
f 614//614 613//613 615//615 616//616
f 617//617 618//618 619//619 620//620
f 614//614 619//619 618//618 607//607
f 616//616 621//621 619//619 614//614
f 620//620 619//619 621//621 622//622
f 623//623 624//624 625//625 626//626
f 624//624 588//588 627//627
f 628//628 625//625 627//627 629//629
f 630//630 626//626 625//625 628//628
f 631//631 632//632 616//616
f 584//584 631//631 615//615 581//581
f 631//631 584//584 588//588
f 623//623 632//632 631//631 624//624
f 630//630 628//628 633//633 634//634
f 629//629 635//635 633//633 628//628
f 636//636 633//633 635//635 612//612
f 637//637 634//634 633//633 636//636
f 638//638 639//639 640//640 641//641
f 622//622 621//621 640//640 639//639
f 621//621 616//616 632//632
f 641//641 640//640 632//632 623//623
f 612//612 609//609 642//642 636//636
f 618//618 642//642 609//609 607//607
f 617//617 643//643 642//642 618//618
f 636//636 642//642 643//643 637//637
f 644//644 645//645 637//637
f 643//643 617//617 620//620
f 622//622 639//639 644//644 620//620
f 645//645 644//644 639//639 638//638
f 646//646 645//645 638//638
f 641//641 623//623 626//626
f 646//646 626//626 630//630
f 634//634 637//637 645//645
f 647//647 648//648 649//649 650//650
f 77//77 649//649 648//648 74//74
f 59//59 71//71 649//649 77//77
f 650//650 649//649 71//71 70//70
f 70//70 149//149 651//651 650//650
f 652//652 651//651 149//149 153//153
f 653//653 654//654 651//651 652//652
f 650//650 651//651 654//654 647//647
f 647//647 654//654 655//655 656//656
f 657//657 655//655 654//654 653//653
f 658//658 659//659 655//655 657//657
f 656//656 655//655 659//659 660//660
f 652//652 661//661 662//662 653//653
f 191//191 661//661 652//652 153//153
f 195//195 663//663 661//661 191//191
f 664//664 662//662 661//661 663//663
f 658//658 657//657 665//665 666//666
f 653//653 662//662 665//665 657//657
f 664//664 667//667 665//665 662//662
f 666//666 665//665 667//667 668//668
f 663//663 669//669 670//670 664//664
f 200//200 669//669 663//663 195//195
f 200//200 201//201 671//671
f 669//669 671//671 672//672
f 673//673 667//667 664//664 670//670
f 674//674 673//673 670//670 672//672
f 675//675 673//673 674//674 676//676
f 668//668 667//667 673//673 675//675
f 677//677 678//678 679//679 680//680
f 679//679 678//678 282//282
f 288//288 347//347 679//679 342//342
f 680//680 679//679 347//347 346//346
f 681//681 678//678 677//677
f 682//682 672//672 671//671
f 681//681 671//671 201//201
f 283//283 282//282 678//678
f 672//672 682//682 683//683 674//674
f 677//677 684//684 683//683 682//682
f 685//685 683//683 684//684 686//686
f 676//676 674//674 683//683 685//685
f 74//74 648//648 687//687 688//688
f 656//656 687//687 648//648 647//647
f 660//660 689//689 687//687 656//656
f 688//688 687//687 689//689 690//690
f 691//691 688//688 690//690 692//692
f 693//693 691//691 692//692 694//694
f 79//79 75//75 691//691 693//693
f 688//688 691//691 75//75 74//74
f 695//695 696//696 697//697 698//698
f 699//699 696//696 695//695 700//700
f 694//694 692//692 696//696 699//699
f 697//697 696//696 692//692 690//690
f 701//701 702//702 689//689 660//660
f 703//703 704//704 702//702 701//701
f 689//689 702//702 704//704 690//690
f 698//698 697//697 705//705 706//706
f 705//705 697//697 690//690
f 707//707 705//705 704//704 703//703
f 706//706 705//705 707//707 708//708
f 709//709 710//710 711//711 712//712
f 701//701 710//710 709//709 703//703
f 660//660 659//659 710//710 701//701
f 711//711 710//710 659//659 658//658
f 713//713 714//714 715//715 716//716
f 706//706 715//715 714//714 698//698
f 708//708 717//717 715//715 706//706
f 716//716 715//715 717//717 718//718
f 718//718 719//719 720//720 716//716
f 11//11 720//720 719//719 12//12
f 7//7 721//721 720//720 11//11
f 716//716 720//720 721//721 713//713
f 722//722 723//723 724//724 725//725
f 708//708 707//707 722//722 725//725
f 703//703 709//709 722//722 707//707
f 722//722 709//709 712//712 723//723
f 725//725 726//726 717//717 708//708
f 724//724 727//727 726//726 725//725
f 718//718 717//717 726//726 727//727
f 12//12 719//719 728//728 103//103
f 729//729 728//728 719//719 718//718
f 730//730 731//731 728//728 729//729
f 104//104 103//103 728//728 731//731
f 712//712 711//711 732//732 733//733
f 666//666 732//732 711//711 658//658
f 668//668 734//734 732//732 666//666
f 733//733 732//732 734//734 735//735
f 736//736 737//737 730//730 729//729
f 727//727 736//736 729//729 718//718
f 724//724 738//738 736//736 727//727
f 737//737 736//736 738//738 739//739
f 739//739 738//738 740//740 741//741
f 723//723 740//740 738//738 724//724
f 733//733 740//740 723//723 712//712
f 741//741 740//740 733//733 735//735
f 735//735 734//734 742//742 743//743
f 675//675 742//742 734//734 668//668
f 676//676 744//744 742//742 675//675
f 743//743 742//742 744//744 745//745
f 735//735 743//743 746//746 741//741
f 747//747 746//746 743//743 745//745
f 748//748 749//749 746//746 747//747
f 741//741 746//746 749//749 739//739
f 730//730 737//737 750//750 751//751
f 749//749 750//750 737//737 739//739
f 752//752 750//750 749//749 748//748
f 750//750 752//752 753//753 751//751
f 108//108 107//107 754//754 755//755
f 731//731 754//754 107//107 104//104
f 730//730 751//751 754//754 731//731
f 755//755 754//754 751//751 753//753
f 756//756 757//757 758//758 759//759
f 747//747 758//758 757//757 748//748
f 745//745 760//760 758//758 747//747
f 759//759 758//758 760//760 761//761
f 745//745 744//744 762//762 760//760
f 685//685 762//762 744//744 676//676
f 686//686 763//763 762//762 685//685
f 760//760 762//762 763//763 761//761
f 748//748 757//757 764//764 752//752
f 765//765 764//764 757//757 756//756
f 752//752 764//764 765//765 753//753
f 686//686 684//684 766//766 767//767
f 680//680 766//766 684//684 677//677
f 346//346 768//768 766//766 680//680
f 767//767 766//766 768//768 769//769
f 299//299 298//298 770//770 771//771
f 755//755 770//770 298//298 108//108
f 753//753 772//772 770//770 755//755
f 771//771 770//770 772//772 773//773
f 767//767 774//774 763//763 686//686
f 774//774 767//767 769//769
f 761//761 763//763 774//774 775//775
f 773//773 772//772 776//776 777//777
f 765//765 776//776 772//772 753//753
f 756//756 778//778 776//776 765//765
f 777//777 776//776 778//778 779//779
f 779//779 778//778 780//780 781//781
f 759//759 780//780 778//778 756//756
f 761//761 775//775 780//780 759//759
f 781//781 780//780 775//775 769//769
f 769//769 768//768 782//782 783//783
f 345//345 782//782 768//768 346//346
f 262//262 784//784 782//782 345//345
f 783//783 782//782 784//784 785//785
f 202//202 302//302 786//786 787//787
f 771//771 786//786 302//302 299//299
f 773//773 788//788 786//786 771//771
f 787//787 786//786 788//788 789//789
f 789//789 788//788 790//790 791//791
f 777//777 790//790 788//788 773//773
f 779//779 792//792 790//790 777//777
f 791//791 790//790 792//792 793//793
f 793//793 792//792 794//794 795//795
f 781//781 794//794 792//792 779//779
f 769//769 783//783 794//794 781//781
f 795//795 794//794 783//783 785//785
f 796//796 797//797 785//785 784//784
f 265//265 796//796 784//784 262//262
f 267//267 798//798 796//796 265//265
f 799//799 797//797 796//796 798//798
f 80//80 203//203 800//800 801//801
f 787//787 800//800 203//203 202//202
f 789//789 802//802 800//800 787//787
f 801//801 800//800 802//802 803//803
f 803//803 802//802 804//804 805//805
f 791//791 804//804 802//802 789//789
f 793//793 806//806 804//804 791//791
f 805//805 804//804 806//806 807//807
f 807//807 806//806 808//808 809//809
f 795//795 808//808 806//806 793//793
f 785//785 797//797 808//808 795//795
f 809//809 808//808 797//797 799//799
f 81//81 810//810 811//811 85//85
f 801//801 810//810 81//81 80//80
f 803//803 812//812 810//810 801//801
f 811//811 810//810 812//812 813//813
f 496//496 814//814 815//815 497//497
f 496//496 473//473 493//493
f 814//814 493//493 490//490
f 815//815 814//814 816//816 817//817
f 818//818 819//819 820//820 821//821
f 555//555 820//820 819//819 556//556
f 550//550 822//822 820//820 555//555
f 821//821 820//820 822//822 817//817
f 823//823 816//816 490//490
f 522//522 823//823 489//489 487//487
f 524//524 824//824 823//823 522//522
f 816//816 823//823 824//824 817//817
f 549//549 825//825 822//822 550//550
f 525//525 825//825 549//549 505//505
f 497//497 815//815 825//825 525//525
f 822//822 825//825 815//815 817//817
f 826//826 827//827 828//828
f 829//829 817//817 830//830
f 826//826 830//830 831//831
f 832//832 833//833 827//827
f 833//833 832//832 834//834 835//835
f 836//836 834//834 832//832 831//831
f 837//837 838//838 834//834 836//836
f 838//838 839//839 835//835
f 840//840 841//841 842//842 843//843
f 844//844 842//842 841//841 845//845
f 846//846 847//847 842//842 844//844
f 848//848 843//843 842//842 847//847
f 849//849 850//850 851//851 852//852
f 853//853 851//851 850//850 854//854
f 855//855 856//856 851//851 853//853
f 852//852 851//851 856//856 857//857
f 857//857 856//856 858//858 859//859
f 860//860 858//858 856//856 855//855
f 861//861 862//862 858//858 860//860
f 859//859 858//858 862//862 863//863
f 864//864 865//865 866//866 867//867
f 852//852 866//866 865//865 849//849
f 857//857 868//868 866//866 852//852
f 867//867 866//866 868//868 869//869
f 870//870 871//871 872//872
f 867//867 870//870 873//873 864//864
f 870//870 867//867 869//869
f 871//871 870//870 874//874 875//875
f 869//869 868//868 876//876 877//877
f 859//859 876//876 868//868 857//857
f 863//863 878//878 876//876 859//859
f 877//877 876//876 878//878 879//879
f 879//879 878//878 880//880 881//881
f 882//882 880//880 878//878 863//863
f 85//85 811//811 880//880 882//882
f 881//881 880//880 811//811 813//813
f 883//883 884//884 885//885 886//886
f 887//887 885//885 884//884 888//888
f 872//872 889//889 885//885 887//887
f 886//886 885//885 889//889 890//890
f 813//813 812//812 891//891 892//892
f 805//805 891//891 812//812 803//803
f 807//807 893//893 891//891 805//805
f 892//892 891//891 893//893 894//894
f 895//895 896//896 897//897 898//898
f 895//895 799//799 798//798
f 899//899 896//896 798//798 267//267
f 897//897 896//896 899//899 900//900
f 894//894 893//893 901//901 902//902
f 809//809 901//901 893//893 807//807
f 799//799 895//895 901//901 809//809
f 902//902 901//901 895//895 898//898
f 903//903 897//897 900//900
f 574//574 903//903 904//904 575//575
f 905//905 903//903 574//574 573//573
f 903//903 905//905 898//898
f 906//906 907//907 879//879
f 892//892 906//906 881//881 813//813
f 894//894 908//908 906//906 892//892
f 908//908 909//909 907//907
f 910//910 911//911 875//875
f 874//874 869//869 877//877
f 879//879 907//907 910//910 877//877
f 907//907 909//909 911//911
f 890//890 889//889 912//912 913//913
f 871//871 912//912 889//889 872//872
f 875//875 911//911 912//912 871//871
f 911//911 909//909 913//913
f 914//914 915//915 916//916
f 916//916 917//917 918//918
f 913//913 919//919 918//918 890//890
f 919//919 913//913 909//909
f 915//915 914//914 920//920 921//921
f 922//922 920//920 914//914 909//909
f 920//920 922//922 923//923
f 921//921 920//920 924//924 925//925
f 923//923 926//926 927//927 924//924
f 905//905 927//927 926//926 898//898
f 573//573 928//928 927//927 905//905
f 924//924 927//927 928//928 925//925
f 902//902 929//929 908//908 894//894
f 898//898 926//926 929//929 902//902
f 923//923 922//922 929//929 926//926
f 922//922 909//909 908//908
f 436//436 930//930 931//931 431//431
f 932//932 933//933 931//931 930//930
f 444//444 443//443 931//931 933//933
f 431//431 931//931 443//443 428//428
f 934//934 935//935 936//936 937//937
f 434//434 432//432 936//936 935//935
f 433//433 467//467 936//936 432//432
f 460//460 937//937 936//936 467//467
f 938//938 939//939 940//940 941//941
f 453//453 940//940 939//939 454//454
f 450//450 942//942 940//940 453//453
f 941//941 940//940 942//942 943//943
f 449//449 944//944 942//942 450//450
f 933//933 944//944 449//449 444//444
f 932//932 945//945 944//944 933//933
f 942//942 944//944 945//945 943//943
f 934//934 937//937 946//946 947//947
f 459//459 946//946 937//937 460//460
f 454//454 939//939 946//946 459//459
f 947//947 946//946 939//939 938//938
f 948//948 949//949 950//950 951//951
f 947//947 950//950 949//949 934//934
f 938//938 941//941 950//950 947//947
f 950//950 941//941 943//943
f 932//932 930//930 952//952 945//945
f 952//952 930//930 436//436
f 952//952 953//953 948//948
f 945//945 952//952 951//951 943//943
f 948//948 953//953 954//954 949//949
f 436//436 435//435 954//954
f 434//434 935//935 954//954 435//435
f 949//949 954//954 935//935 934//934
f 374//374 955//955 956//956 375//375
f 351//351 955//955 374//374 348//348
f 356//356 957//957 955//955 351//351
f 956//956 955//955 957//957 362//362
f 362//362 957//957 958//958 361//361
f 356//356 355//355 958//958 957//957
f 354//354 386//386 958//958 355//355
f 361//361 958//958 386//386 363//363
f 357//357 367//367 959//959 358//358
f 960//960 959//959 367//367 366//366
f 959//959 960//960 375//375
f 362//362 358//358 959//959 956//956
f 366//366 369//369 961//961 960//960
f 398//398 961//961 369//369 371//371
f 377//377 376//376 961//961 398//398
f 960//960 961//961 376//376 375//375
f 890//890 918//918 962//962 886//886
f 963//963 962//962 918//918 917//917
f 964//964 965//965 962//962 963//963
f 886//886 962//962 965//965 883//883
f 556//556 819//819 966//966 967//967
f 968//968 966//966 819//819 818//818
f 969//969 970//970 966//966 968//968
f 967//967 966//966 970//970 971//971
f 972//972 973//973 974//974 975//975
f 963//963 974//974 973//973 964//964
f 917//917 916//916 974//974 963//963
f 916//916 915//915 975//975
f 971//971 970//970 976//976 977//977
f 978//978 976//976 970//970 969//969
f 964//964 973//973 976//976 978//978
f 977//977 976//976 973//973 972//972
f 569//569 582//582 979//979 980//980
f 562//562 979//979 582//582 563//563
f 561//561 981//981 979//979 562//562
f 980//980 979//979 981//981 982//982
f 983//983 982//982 984//984
f 975//975 985//985 984//984 972//972
f 985//985 975//975 915//915
f 983//983 985//985 921//921 925//925
f 986//986 987//987 988//988 989//989
f 977//977 988//988 987//987 971//971
f 972//972 984//984 988//988 977//977
f 982//982 989//989 988//988 984//984
f 925//925 928//928 990//990 983//983
f 570//570 990//990 928//928 573//573
f 570//570 569//569 980//980
f 983//983 990//990 980//980 982//982
f 991//991 981//981 561//561
f 992//992 991//991 568//568 558//558
f 986//986 989//989 991//991 992//992
f 989//989 982//982 981//981
f 558//558 557//557 993//993 992//992
f 967//967 993//993 557//557 556//556
f 971//971 987//987 993//993 967//967
f 992//992 993//993 987//987 986//986
f 848//848 994//994 995//995 996//996
f 997//997 995//995 994//994 998//998
f 999//999 1000//1000 995//995 997//997
f 996//996 995//995 1000//1000 1001//1001
f 818//818 821//821 1002//1002 1003//1003
f 829//829 1002//1002 821//821 817//817
f 828//828 1004//1004 1002//1002 829//829
f 1003//1003 1002//1002 1004//1004 1005//1005
f 969//969 968//968 1006//1006 1007//1007
f 1003//1003 1006//1006 968//968 818//818
f 1005//1005 1008//1008 1006//1006 1003//1003
f 1008//1008 1009//1009 1007//1007
f 1010//1010 1007//1007 1009//1009
f 1011//1011 883//883 965//965
f 1010//1010 965//965 964//964
f 978//978 969//969 1007//1007
f 1009//1009 1008//1008 1012//1012 1013//1013
f 1008//1008 1005//1005 1014//1014
f 1015//1015 1016//1016 1012//1012 1014//1014
f 1013//1013 1012//1012 1016//1016 1017//1017
f 1018//1018 1019//1019 1013//1013 1017//1017
f 888//888 884//884 1019//1019 1018//1018
f 1011//1011 1019//1019 884//884 883//883
f 1013//1013 1019//1019 1011//1011 1009//1009
f 1020//1020 1021//1021 1022//1022 1023//1023
f 1024//1024 1022//1022 1021//1021 1001//1001
f 1025//1025 1022//1022 1024//1024 1026//1026
f 1023//1023 1022//1022 1025//1025 1027//1027
f 1028//1028 1029//1029 1030//1030 1031//1031
f 1018//1018 1030//1030 1029//1029 888//888
f 1017//1017 1032//1032 1030//1030 1018//1018
f 1031//1031 1030//1030 1032//1032 1033//1033
f 843//843 1034//1034 1035//1035 840//840
f 996//996 1034//1034 843//843 848//848
f 1001//1001 1021//1021 1034//1034 996//996
f 1034//1034 1021//1021 1020//1020 1035//1035
f 1015//1015 1036//1036 1037//1037 1016//1016
f 1038//1038 1039//1039 1037//1037 1036//1036
f 1033//1033 1032//1032 1037//1037 1039//1039
f 1016//1016 1037//1037 1032//1032 1017//1017
f 1028//1028 1040//1040 1041//1041 1042//1042
f 1043//1043 1041//1041 1040//1040 1027//1027
f 849//849 865//865 1041//1041 1043//1043
f 1042//1042 1041//1041 865//865 864//864
f 1044//1044 1045//1045 1020//1020 1023//1023
f 1027//1027 1040//1040 1044//1044 1023//1023
f 1031//1031 1044//1044 1040//1040 1028//1028
f 1033//1033 1045//1045 1044//1044 1031//1031
f 864//864 873//873 1046//1046 1042//1042
f 887//887 1046//1046 873//873 872//872
f 888//888 1029//1029 1046//1046 887//887
f 1042//1042 1046//1046 1029//1029 1028//1028
f 1047//1047 1045//1045 1033//1033 1039//1039
f 1048//1048 1047//1047 1039//1039 1038//1038
f 840//840 1035//1035 1047//1047 1048//1048
f 1045//1045 1047//1047 1035//1035 1020//1020
f 1049//1049 1050//1050 1051//1051 1052//1052
f 899//899 1051//1051 1050//1050 900//900
f 267//267 266//266 1051//1051 899//899
f 1052//1052 1051//1051 266//266 252//252
f 252//252 251//251 1053//1053 1052//1052
f 1054//1054 1053//1053 251//251 250//250
f 1055//1055 1056//1056 1053//1053 1054//1054
f 1052//1052 1053//1053 1056//1056 1049//1049
f 1049//1049 1056//1056 1057//1057 1058//1058
f 1059//1059 1057//1057 1056//1056 1055//1055
f 1060//1060 1061//1061 1057//1057 1059//1059
f 1058//1058 1057//1057 1061//1061 1062//1062
f 239//239 1063//1063 1064//1064 241//241
f 240//240 1065//1065 1063//1063 239//239
f 1066//1066 1063//1063 1065//1065 1067//1067
f 1068//1068 1064//1064 1063//1063 1066//1066
f 1069//1069 1070//1070 230//230
f 229//229 228//228 1071//1071
f 1072//1072 1073//1073 1069//1069 1071//1071
f 1073//1073 1074//1074 1070//1070
f 1075//1075 1076//1076 1077//1077 1078//1078
f 1079//1079 1077//1077 1076//1076 1080//1080
f 258//258 254//254 1077//1077 1079//1079
f 1078//1078 1077//1077 254//254 253//253
f 1081//1081 1082//1082 1083//1083 1084//1084
f 222//222 1083//1083 1082//1082 223//223
f 217//217 1085//1085 1083//1083 222//222
f 1084//1084 1083//1083 1085//1085 1086//1086
f 1087//1087 1088//1088 1089//1089 1090//1090
f 210//210 1089//1089 1088//1088 211//211
f 88//88 87//87 1089//1089 210//210
f 1090//1090 1089//1089 87//87 86//86
f 1086//1086 1085//1085 1091//1091 1092//1092
f 216//216 1091//1091 1085//1085 217//217
f 211//211 1088//1088 1091//1091 216//216
f 1092//1092 1091//1091 1088//1088 1087//1087
f 1093//1093 1094//1094 1095//1095 1096//1096
f 1092//1092 1095//1095 1094//1094 1086//1086
f 1087//1087 1097//1097 1095//1095 1092//1092
f 1096//1096 1095//1095 1097//1097 1098//1098
f 84//84 1099//1099 1100//1100 86//86
f 882//882 1099//1099 84//84 85//85
f 1101//1101 1099//1099 882//882 863//863
f 1101//1101 1102//1102 1100//1100
f 1098//1098 1097//1097 1103//1103 1104//1104
f 1090//1090 1103//1103 1097//1097 1087//1087
f 86//86 1100//1100 1103//1103 1090//1090
f 1104//1104 1103//1103 1100//1100 1102//1102
f 1105//1105 1106//1106 1107//1107 1108//1108
f 1106//1106 1109//1109 1110//1110
f 1107//1107 1110//1110 1111//1111
f 1112//1112 1113//1113 1108//1108
f 1114//1114 1115//1115 1116//1116 1117//1117
f 1118//1118 1116//1116 1115//1115 1119//1119
f 1109//1109 1106//1106 1116//1116 1118//1118
f 1117//1117 1116//1116 1106//1106 1105//1105
f 1120//1120 1121//1121 1122//1122 1123//1123
f 1124//1124 1125//1125 1121//1121 1120//1120
f 1126//1126 1121//1121 1125//1125 1127//1127
f 1128//1128 1122//1122 1121//1121 1126//1126
f 1129//1129 1130//1130 1131//1131 1132//1132
f 1133//1133 1131//1131 1130//1130 1134//1134
f 1135//1135 1136//1136 1131//1131 1133//1133
f 1132//1132 1131//1131 1136//1136 1137//1137
f 1062//1062 1061//1061 1138//1138 1139//1139
f 1140//1140 1138//1138 1061//1061 1060//1060
f 1138//1138 1140//1140 1141//1141
f 1139//1139 1138//1138 1142//1142 1143//1143
f 1144//1144 1145//1145 1146//1146
f 1147//1147 1148//1148 1146//1146 1149//1149
f 1148//1148 1147//1147 1150//1150
f 1144//1144 1148//1148 1151//1151 1152//1152
f 1153//1153 1154//1154 1143//1143
f 1153//1153 1142//1142 1141//1141 1155//1155
f 1153//1153 1155//1155 1156//1156
f 1157//1157 1154//1154 1153//1153 1158//1158
f 1159//1159 1160//1160 1157//1157
f 1158//1158 1156//1156 1161//1161
f 1145//1145 1144//1144 1159//1159 1161//1161
f 1159//1159 1144//1144 1152//1152
f 900//900 1050//1050 1162//1162 1163//1163
f 1058//1058 1162//1162 1050//1050 1049//1049
f 1062//1062 1164//1164 1162//1162 1058//1058
f 1163//1163 1162//1162 1164//1164 1165//1165
f 1166//1166 1165//1165 1164//1164
f 1062//1062 1139//1139 1167//1167 1164//1164
f 1143//1143 1166//1166 1167//1167 1139//1139
f 1168//1168 1169//1169 1170//1170 1171//1171
f 1170//1170 1169//1169 1165//1165
f 1166//1166 1143//1143 1154//1154
f 1154//1154 1157//1157 1171//1171
f 1172//1172 1171//1171 1157//1157
f 1160//1160 1152//1152 1173//1173
f 1174//1174 1175//1175 1172//1172 1173//1173
f 1175//1175 1168//1168 1171//1171
f 577//577 576//576 1176//1176 585//585
f 1177//1177 1176//1176 576//576 575//575
f 1178//1178 1179//1179 1176//1176 1177//1177
f 585//585 1176//1176 1179//1179 586//586
f 575//575 904//904 1180//1180 1177//1177
f 1163//1163 1180//1180 904//904 900//900
f 1165//1165 1181//1181 1180//1180 1163//1163
f 1177//1177 1180//1180 1181//1181 1178//1178
f 594//594 590//590 1182//1182 1183//1183
f 590//590 589//589 602//602
f 601//601 1184//1184 1182//1182 602//602
f 1183//1183 1182//1182 1184//1184 1185//1185
f 1169//1169 1186//1186 1181//1181 1165//1165
f 1187//1187 1186//1186 1169//1169 1168//1168
f 1188//1188 1186//1186 1187//1187 1189//1189
f 1178//1178 1181//1181 1186//1186 1188//1188
f 1190//1190 1191//1191 1192//1192 1185//1185
f 1193//1193 1191//1191 1190//1190 1189//1189
f 1194//1194 1192//1192 1191//1191 1193//1193
f 586//586 1179//1179 1195//1195 1196//1196
f 1188//1188 1195//1195 1179//1179 1178//1178
f 1189//1189 1190//1190 1195//1195 1188//1188
f 1196//1196 1195//1195 1190//1190 1185//1185
f 629//629 627//627 1197//1197 1198//1198
f 587//587 1197//1197 627//627 588//588
f 1196//1196 1197//1197 587//587 586//586
f 1196//1196 1185//1185 1198//1198
f 611//611 1199//1199 1184//1184 601//601
f 612//612 635//635 1199//1199 611//611
f 635//635 629//629 1198//1198
f 1198//1198 1185//1185 1184//1184
f 1200//1200 1187//1187 1168//1168
f 1201//1201 1200//1200 1175//1175 1174//1174
f 1194//1194 1193//1193 1200//1200 1201//1201
f 1189//1189 1187//1187 1200//1200 1193//1193
f 1202//1202 1203//1203 1204//1204 1205//1205
f 1206//1206 1204//1204 1203//1203 1207//1207
f 1208//1208 1209//1209 1204//1204 1206//1206
f 1205//1205 1204//1204 1209//1209 1210//1210
f 1208//1208 1206//1206 1211//1211 1212//1212
f 1206//1206 1207//1207 1213//1213
f 1214//1214 1215//1215 1211//1211 1213//1213
f 1212//1212 1211//1211 1215//1215 1216//1216
f 1212//1212 1217//1217 1209//1209 1208//1208
f 1218//1218 1217//1217 1212//1212 1216//1216
f 1219//1219 1220//1220 1217//1217 1218//1218
f 1209//1209 1217//1217 1220//1220 1210//1210
f 1221//1221 1222//1222 1223//1223 1224//1224
f 1210//1210 1220//1220 1222//1222 1221//1221
f 1225//1225 1222//1222 1220//1220 1219//1219
f 1226//1226 1223//1223 1222//1222 1225//1225
f 1216//1216 1227//1227 1228//1228 1218//1218
f 1229//1229 1228//1228 1227//1227 1230//1230
f 1231//1231 1232//1232 1228//1228 1229//1229
f 1218//1218 1228//1228 1232//1232 1219//1219
f 1226//1226 1225//1225 1233//1233 1234//1234
f 1219//1219 1232//1232 1233//1233 1225//1225
f 1233//1233 1232//1232 1231//1231 1235//1235
f 1234//1234 1233//1233 1235//1235 1236//1236
f 1235//1235 1237//1237 1238//1238 1236//1236
f 1231//1231 1239//1239 1237//1237 1235//1235
f 1240//1240 1237//1237 1239//1239 1241//1241
f 1242//1242 1238//1238 1237//1237 1240//1240
f 1243//1243 1244//1244 1245//1245 1246//1246
f 1118//1118 1245//1245 1244//1244 1109//1109
f 1247//1247 1245//1245 1118//1118 1119//1119
f 1248//1248 1246//1246 1245//1245 1247//1247
f 1249//1249 1250//1250 1251//1251 1252//1252
f 1096//1096 1251//1251 1250//1250 1093//1093
f 1098//1098 1253//1253 1251//1251 1096//1096
f 1252//1252 1251//1251 1253//1253 1254//1254
f 1255//1255 1256//1256 1254//1254
f 1104//1104 1255//1255 1253//1253 1098//1098
f 1256//1256 1255//1255 1104//1104 1102//1102
f 1111//1111 1110//1110 1257//1257 1258//1258
f 1109//1109 1244//1244 1257//1257 1110//1110
f 1243//1243 1259//1259 1257//1257
f 1259//1259 1260//1260 1258//1258
f 1261//1261 1262//1262 1263//1263
f 1264//1264 1111//1111 1258//1258
f 1261//1261 1258//1258 1260//1260
f 1262//1262 1261//1261 1265//1265 1266//1266
f 1260//1260 1259//1259 1267//1267 1268//1268
f 1269//1269 1267//1267 1259//1259 1243//1243
f 1270//1270 1271//1271 1267//1267 1269//1269
f 1268//1268 1267//1267 1271//1271 1272//1272
f 1272//1272 1273//1273 1274//1274
f 1273//1273 1254//1254 1256//1256
f 1256//1256 1102//1102 1275//1275
f 1275//1275 1266//1266 1276//1276
f 1102//1102 1101//1101 1277//1277 1275//1275
f 1101//1101 863//863 862//862
f 861//861 1278//1278 1277//1277 862//862
f 1278//1278 1266//1266 1275//1275
f 1272//1272 1276//1276 1279//1279 1268//1268
f 1265//1265 1279//1279 1276//1276 1266//1266
f 1260//1260 1268//1268 1279//1279 1265//1265
f 855//855 1280//1280 1281//1281 860//860
f 1262//1262 1281//1281 1280//1280 1263//1263
f 1266//1266 1278//1278 1281//1281 1262//1262
f 860//860 1281//1281 1278//1278 861//861
f 1282//1282 1271//1271 1270//1270
f 1283//1283 1249//1249 1252//1252
f 1254//1254 1273//1273 1282//1282 1252//1252
f 1282//1282 1273//1273 1272//1272 1271//1271
f 854//854 850//850 1284//1284 1285//1285
f 1043//1043 1284//1284 850//850 849//849
f 1027//1027 1025//1025 1284//1284 1043//1043
f 1285//1285 1284//1284 1025//1025 1026//1026
f 1001//1001 1000//1000 1286//1286 1024//1024
f 1287//1287 1286//1286 1000//1000 999//999
f 1288//1288 1286//1286 1287//1287 1289//1289
f 1026//1026 1024//1024 1286//1286 1288//1288
f 1290//1290 1291//1291 1263//1263
f 853//853 1290//1290 1280//1280 855//855
f 854//854 1292//1292 1290//1290 853//853
f 1291//1291 1290//1290 1292//1292 1293//1293
f 1111//1111 1264//1264 1294//1294 1112//1112
f 1264//1264 1263//1263 1291//1291
f 1293//1293 1295//1295 1294//1294 1291//1291
f 1112//1112 1294//1294 1295//1295 1113//1113
f 1296//1296 1297//1297 1298//1298 1299//1299
f 1293//1293 1292//1292 1297//1297
f 1285//1285 1297//1297 1292//1292 854//854
f 1026//1026 1298//1298 1297//1297 1285//1285
f 1289//1289 1300//1300 1301//1301 1288//1288
f 1299//1299 1298//1298 1301//1301 1300//1300
f 1288//1288 1301//1301 1298//1298 1026//1026
f 1302//1302 1303//1303 1295//1295 1293//1293
f 1304//1304 1305//1305 1303//1303 1302//1302
f 1113//1113 1295//1295 1303//1303 1305//1305
f 1289//1289 1287//1287 1306//1306 1307//1307
f 999//999 1308//1308 1306//1306 1287//1287
f 1309//1309 1306//1306 1308//1308 1310//1310
f 1311//1311 1307//1307 1306//1306 1309//1309
f 1300//1300 1312//1312 1313//1313 1299//1299
f 1307//1307 1312//1312 1300//1300 1289//1289
f 1314//1314 1312//1312 1307//1307 1311//1311
f 1312//1312 1314//1314 1315//1315
f 1304//1304 1302//1302 1316//1316 1317//1317
f 1296//1296 1316//1316 1302//1302 1293//1293
f 1299//1299 1313//1313 1316//1316 1296//1296
f 1317//1317 1316//1316 1313//1313 1315//1315
f 1318//1318 1311//1311 1309//1309
f 1310//1310 1319//1319 1320//1320 1309//1309
f 1321//1321 1320//1320 1319//1319 1322//1322
f 1323//1323 1318//1318 1320//1320 1321//1321
f 1108//1108 1324//1324 1325//1325 1105//1105
f 1305//1305 1324//1324 1108//1108 1113//1113
f 1304//1304 1326//1326 1324//1324 1305//1305
f 1324//1324 1326//1326 1327//1327 1325//1325
f 1327//1327 1326//1326 1328//1328 1329//1329
f 1317//1317 1328//1328 1326//1326 1304//1304
f 1328//1328 1317//1317 1315//1315
f 1329//1329 1328//1328 1330//1330 1331//1331
f 1331//1331 1330//1330 1332//1332 1333//1333
f 1330//1330 1315//1315 1314//1314
f 1311//1311 1318//1318 1332//1332 1314//1314
f 1333//1333 1332//1332 1318//1318 1323//1323
f 1334//1334 1335//1335 1336//1336 1337//1337
f 1321//1321 1336//1336 1335//1335 1323//1323
f 1322//1322 1338//1338 1336//1336 1321//1321
f 1337//1337 1336//1336 1338//1338 1339//1339
f 1105//1105 1325//1325 1340//1340 1117//1117
f 1341//1341 1340//1340 1325//1325 1327//1327
f 1342//1342 1340//1340 1341//1341 1343//1343
f 1117//1117 1340//1340 1342//1342 1114//1114
f 1343//1343 1341//1341 1344//1344 1345//1345
f 1329//1329 1344//1344 1341//1341 1327//1327
f 1331//1331 1346//1346 1344//1344 1329//1329
f 1345//1345 1344//1344 1346//1346 1347//1347
f 1347//1347 1346//1346 1348//1348 1349//1349
f 1333//1333 1348//1348 1346//1346 1331//1331
f 1323//1323 1335//1335 1348//1348 1333//1333
f 1349//1349 1348//1348 1335//1335 1334//1334
f 1350//1350 1351//1351 1352//1352 1353//1353
f 1354//1354 1352//1352 1351//1351 1355//1355
f 1356//1356 1357//1357 1352//1352 1354//1354
f 1353//1353 1352//1352 1357//1357 1358//1358
f 1359//1359 1360//1360 1350//1350
f 1361//1361 1359//1359 1353//1353 1358//1358
f 1362//1362 1363//1363 1359//1359 1361//1361
f 1360//1360 1359//1359 1363//1363 1364//1364
f 1365//1365 1366//1366 1367//1367 1368//1368
f 1365//1365 1368//1368 1369//1369 1370//1370
f 1371//1371 1372//1372 1365//1365 1370//1370
f 1372//1372 1373//1373 1366//1366
f 1373//1373 1372//1372 1374//1374 1375//1375
f 1376//1376 1374//1374 1372//1372 1371//1371
f 1377//1377 1378//1378 1374//1374 1376//1376
f 1375//1375 1374//1374 1378//1378 1379//1379
f 1149//1149 1380//1380 1381//1381 1147//1147
f 1382//1382 1381//1381 1380//1380 1383//1383
f 1384//1384 1385//1385 1381//1381 1382//1382
f 1147//1147 1381//1381 1385//1385 1150//1150
f 1386//1386 1387//1387 1388//1388 1389//1389
f 1387//1387 1373//1373 1375//1375
f 1379//1379 1390//1390 1388//1388 1375//1375
f 1390//1390 1391//1391 1389//1389
f 1391//1391 1392//1392 1393//1393 1389//1389
f 1382//1382 1393//1393 1392//1392 1384//1384
f 1383//1383 1394//1394 1393//1393 1382//1382
f 1389//1389 1393//1393 1394//1394 1386//1386
f 1395//1395 1396//1396 1397//1397 1398//1398
f 1399//1399 1397//1397 1396//1396 1400//1400
f 1401//1401 1402//1402 1397//1397 1399//1399
f 1398//1398 1397//1397 1402//1402 1403//1403
f 1404//1404 1405//1405 1406//1406 1407//1407
f 1173//1173 1406//1406 1405//1405 1174//1174
f 1406//1406 1173//1173 1152//1152
f 1407//1407 1406//1406 1151//1151 1150//1150
f 1407//1407 1408//1408 1409//1409 1404//1404
f 1408//1408 1407//1407 1150//1150
f 1409//1409 1408//1408 1385//1385 1384//1384
f 1379//1379 1378//1378 1410//1410 1411//1411
f 1412//1412 1410//1410 1378//1378 1377//1377
f 1400//1400 1396//1396 1410//1410 1412//1412
f 1411//1411 1410//1410 1396//1396 1395//1395
f 1413//1413 1201//1201 1174//1174
f 1414//1414 1413//1413 1405//1405 1404//1404
f 1413//1413 1414//1414 1415//1415
f 1201//1201 1413//1413 1416//1416 1194//1194
f 1417//1417 1418//1418 1419//1419
f 1414//1414 1417//1417 1420//1420 1415//1415
f 1404//1404 1418//1418 1417//1417 1414//1414
f 1421//1421 1422//1422 1423//1423 1403//1403
f 1421//1421 533//533 593//593
f 593//593 594//594 1424//1424
f 1422//1422 1424//1424 1415//1415
f 1420//1420 1419//1419 1425//1425
f 1398//1398 1426//1426 1425//1425 1395//1395
f 1426//1426 1398//1398 1403//1403
f 1420//1420 1426//1426 1423//1423 1415//1415
f 1427//1427 1424//1424 594//594
f 1192//1192 1427//1427 1183//1183 1185//1185
f 1427//1427 1192//1192 1194//1194
f 1424//1424 1427//1427 1416//1416 1415//1415
f 1391//1391 1390//1390 1428//1428 1429//1429
f 1411//1411 1428//1428 1390//1390 1379//1379
f 1428//1428 1411//1411 1395//1395
f 1429//1429 1428//1428 1425//1425 1419//1419
f 1418//1418 1404//1404 1409//1409
f 1430//1430 1409//1409 1384//1384
f 1392//1392 1391//1391 1429//1429
f 1418//1418 1430//1430 1429//1429 1419//1419
f 1431//1431 1432//1432 1433//1433 1434//1434
f 1432//1432 1401//1401 1399//1399
f 1400//1400 1412//1412 1433//1433 1399//1399
f 1434//1434 1433//1433 1412//1412 1377//1377
f 1434//1434 1435//1435 1436//1436 1431//1431
f 1376//1376 1435//1435 1434//1434 1377//1377
f 1435//1435 1376//1376 1371//1371
f 1436//1436 1435//1435 1437//1437 1438//1438
f 1439//1439 1440//1440 1441//1441 1442//1442
f 1436//1436 1441//1441 1440//1440 1431//1431
f 1441//1441 1436//1436 1438//1438
f 1442//1442 1441//1441 1443//1443 1444//1444
f 1370//1370 1445//1445 1437//1437 1371//1371
f 1369//1369 1446//1446 1445//1445
f 1447//1447 1448//1448 1445//1445 1446//1446
f 1438//1438 1437//1437 1445//1445 1448//1448
f 1448//1448 1449//1449 1443//1443 1438//1438
f 1450//1450 1449//1449 1448//1448 1447//1447
f 1451//1451 1452//1452 1449//1449 1450//1450
f 1449//1449 1452//1452 1444//1444 1443//1443
f 1453//1453 1454//1454 1455//1455 1456//1456
f 1457//1457 1455//1455 1454//1454 1458//1458
f 1459//1459 1460//1460 1455//1455 1457//1457
f 1456//1456 1455//1455 1460//1460 1461//1461
f 1462//1462 1463//1463 1464//1464 1465//1465
f 1354//1354 1464//1464 1463//1463 1356//1356
f 1355//1355 1466//1466 1464//1464 1354//1354
f 1465//1465 1464//1464 1466//1466 1467//1467
f 1468//1468 1469//1469 1470//1470 1471//1471
f 1472//1472 1470//1470 1469//1469 1473//1473
f 1339//1339 1338//1338 1470//1470 1472//1472
f 1471//1471 1470//1470 1338//1338 1322//1322
f 1310//1310 1308//1308 1474//1474 1475//1475
f 997//997 1474//1474 1308//1308 999//999
f 998//998 1476//1476 1474//1474 997//997
f 1475//1475 1474//1474 1476//1476 1477//1477
f 1477//1477 1478//1478 1479//1479 1475//1475
f 1471//1471 1479//1479 1478//1478 1468//1468
f 1322//1322 1319//1319 1479//1479 1471//1471
f 1475//1475 1479//1479 1319//1319 1310//1310
f 1477//1477 1476//1476 1480//1480 1481//1481
f 1482//1482 1480//1480 1476//1476 998//998
f 1480//1480 1482//1482 1483//1483
f 1484//1484 1485//1485 1481//1481
f 998//998 994//994 1486//1486 1482//1482
f 847//847 1486//1486 994//994 848//848
f 846//846 1487//1487 1486//1486 847//847
f 1482//1482 1486//1486 1487//1487 1483//1483
f 1488//1488 1481//1481 1485//1485
f 1489//1489 1490//1490 1491//1491
f 1468//1468 1478//1478 1488//1488 1491//1491
f 1481//1481 1488//1488 1478//1478 1477//1477
f 1492//1492 1493//1493 1484//1484 1483//1483
f 1494//1494 1495//1495 1493//1493 1492//1492
f 1485//1485 1484//1484 1493//1493 1495//1495
f 1431//1431 1440//1440 1496//1496 1497//1497
f 1498//1498 1496//1496 1440//1440 1439//1439
f 1499//1499 1500//1500 1496//1496 1498//1498
f 1497//1497 1496//1496 1500//1500 1501//1501
f 1502//1502 1503//1503 1504//1504 1505//1505
f 1506//1506 1504//1504 1503//1503 1507//1507
f 1506//1506 1501//1501 1505//1505
f 1508//1508 1509//1509 1401//1401
f 1432//1432 1431//1431 1497//1497
f 1501//1501 1506//1506 1508//1508 1497//1497
f 1509//1509 1508//1508 1506//1506 1507//1507
f 1510//1510 1511//1511 1512//1512 1513//1513
f 1514//1514 1511//1511 1510//1510 1515//1515
f 1516//1516 1517//1517 1511//1511 1514//1514
f 1518//1518 1512//1512 1511//1511 1517//1517
f 1519//1519 1520//1520 1521//1521
f 1522//1522 1519//1519 1523//1523 1524//1524
f 1525//1525 1519//1519 1522//1522 1526//1526
f 1527//1527 1520//1520 1519//1519 1525//1525
f 1528//1528 1529//1529 1530//1530 1531//1531
f 1524//1524 1523//1523 1530//1530 1529//1529
f 1521//1521 1532//1532 1530//1530 1523//1523
f 1533//1533 1531//1531 1530//1530 1532//1532
f 1532//1532 1534//1534 1535//1535 1533//1533
f 1534//1534 1532//1532 1521//1521 1520//1520
f 1527//1527 1536//1536 1534//1534 1520//1520
f 1535//1535 1534//1534 1536//1536 1537//1537
f 1514//1514 1538//1538 1539//1539 1516//1516
f 1515//1515 1540//1540 1538//1538 1514//1514
f 1531//1531 1538//1538 1540//1540 1528//1528
f 1538//1538 1531//1531 1533//1533 1539//1539
f 1541//1541 1542//1542 1518//1518
f 1539//1539 1541//1541 1517//1517 1516//1516
f 1533//1533 1535//1535 1541//1541 1539//1539
f 1535//1535 1537//1537 1542//1542
f 1513//1513 1512//1512 1543//1543 1544//1544
f 1542//1542 1543//1543 1512//1512 1518//1518
f 1537//1537 1545//1545 1543//1543 1542//1542
f 1544//1544 1543//1543 1545//1545 1546//1546
f 1526//1526 1547//1547 1548//1548 1525//1525
f 1545//1545 1548//1548 1547//1547 1546//1546
f 1537//1537 1536//1536 1548//1548 1545//1545
f 1525//1525 1548//1548 1536//1536 1527//1527
f 1549//1549 1550//1550 1551//1551 1552//1552
f 1553//1553 1551//1551 1550//1550 1554//1554
f 1555//1555 1556//1556 1551//1551 1553//1553
f 1552//1552 1551//1551 1556//1556 1557//1557
f 1549//1549 1552//1552 1558//1558 1559//1559
f 1560//1560 1558//1558 1552//1552 1557//1557
f 1561//1561 1562//1562 1558//1558 1560//1560
f 1559//1559 1558//1558 1562//1562 1563//1563
f 1564//1564 1565//1565 1566//1566 1567//1567
f 1568//1568 1566//1566 1565//1565 1569//1569
f 1554//1554 1550//1550 1566//1566 1568//1568
f 1567//1567 1566//1566 1550//1550 1549//1549
f 1564//1564 1567//1567 1570//1570 1571//1571
f 1559//1559 1570//1570 1567//1567 1549//1549
f 1563//1563 1572//1572 1570//1570 1559//1559
f 1571//1571 1570//1570 1572//1572 1573//1573
f 1507//1507 1503//1503 1574//1574 1575//1575
f 1576//1576 1574//1574 1503//1503 1502//1502
f 1569//1569 1577//1577 1574//1574 1576//1576
f 1575//1575 1574//1574 1577//1577 1578//1578
f 1579//1579 1573//1573 1580//1580
f 836//836 1581//1581 1580//1580 837//837
f 1581//1581 836//836 831//831
f 1579//1579 1581//1581 1582//1582 1583//1583
f 1584//1584 1582//1582 831//831
f 824//824 1584//1584 830//830 817//817
f 524//524 1585//1585 1584//1584 824//824
f 1585//1585 1583//1583 1582//1582
f 1586//1586 1587//1587 1578//1578
f 1588//1588 536//536 535//535
f 1586//1586 535//535 533//533
f 1421//1421 1403//1403 1587//1587
f 1587//1587 1589//1589 1575//1575 1578//1578
f 1587//1587 1403//1403 1402//1402
f 1509//1509 1589//1589 1402//1402 1401//1401
f 1575//1575 1589//1589 1509//1509 1507//1507
f 524//524 523//523 1590//1590 1585//1585
f 523//523 520//520 1591//1591
f 1591//1591 1592//1592 1593//1593
f 1585//1585 1590//1590 1593//1593 1583//1583
f 1594//1594 1577//1577 1569//1569
f 1565//1565 1564//1564 1595//1595
f 1596//1596 1597//1597 1594//1594 1595//1595
f 1597//1597 1578//1578 1577//1577
f 512//512 528//528 1598//1598 1599//1599
f 534//534 1598//1598 528//528 527//527
f 1600//1600 1598//1598 534//534 536//536
f 1599//1599 1598//1598 1600//1600 1592//1592
f 1601//1601 519//519 506//506
f 1599//1599 1601//1601 509//509 512//512
f 1601//1601 1599//1599 1592//1592 1591//1591
f 519//519 1601//1601 1591//1591 520//520
f 1602//1602 1603//1603 1593//1593 1592//1592
f 1596//1596 1604//1604 1603//1603 1602//1602
f 1603//1603 1604//1604 1583//1583
f 536//536 1588//1588 1605//1605 1600//1600
f 1597//1597 1605//1605 1588//1588 1578//1578
f 1597//1597 1596//1596 1602//1602
f 1600//1600 1605//1605 1602//1602 1592//1592
f 1564//1564 1571//1571 1606//1606 1595//1595
f 1579//1579 1606//1606 1571//1571 1573//1573
f 1583//1583 1604//1604 1606//1606 1579//1579
f 1595//1595 1606//1606 1604//1604 1596//1596
f 837//837 1580//1580 1607//1607 838//838
f 1580//1580 1573//1573 1608//1608
f 1609//1609 1607//1607 1608//1608 1610//1610
f 1607//1607 1609//1609 839//839
f 1611//1611 1612//1612 1613//1613 1614//1614
f 1487//1487 1612//1612 1611//1611 1483//1483
f 1612//1612 1487//1487 846//846
f 1615//1615 1616//1616 1613//1613
f 1617//1617 1618//1618 1613//1613 1616//1616
f 1618//1618 1617//1617 1619//1619
f 1614//1614 1613//1613 1618//1618 1620//1620
f 1621//1621 1617//1617 1616//1616
f 1609//1609 1621//1621 1622//1622 839//839
f 1621//1621 1609//1609 1610//1610
f 1617//1617 1621//1621 1623//1623 1619//1619
f 1624//1624 1625//1625 1626//1626
f 1492//1492 1627//1627 1626//1626 1494//1494
f 1627//1627 1492//1492 1483//1483
f 1611//1611 1614//1614 1624//1624
f 1610//1610 1608//1608 1628//1628 1629//1629
f 1572//1572 1628//1628 1608//1608 1573//1573
f 1563//1563 1630//1630 1628//1628 1572//1572
f 1629//1629 1628//1628 1630//1630 1631//1631
f 1619//1619 1623//1623 1632//1632 1633//1633
f 1629//1629 1632//1632 1623//1623 1610//1610
f 1631//1631 1634//1634 1632//1632 1629//1629
f 1633//1633 1632//1632 1634//1634 1635//1635
f 1625//1625 1624//1624 1636//1636 1637//1637
f 1636//1636 1624//1624 1614//1614 1620//1620
f 1633//1633 1636//1636 1620//1620 1619//1619
f 1637//1637 1636//1636 1633//1633 1635//1635
f 1631//1631 1630//1630 1638//1638 1639//1639
f 1562//1562 1638//1638 1630//1630 1563//1563
f 1561//1561 1640//1640 1638//1638 1562//1562
f 1639//1639 1638//1638 1640//1640 1641//1641
f 1642//1642 1643//1643 1644//1644 1645//1645
f 1637//1637 1644//1644 1643//1643 1625//1625
f 1635//1635 1646//1646 1644//1644 1637//1637
f 1645//1645 1644//1644 1646//1646 1647//1647
f 1634//1634 1648//1648 1646//1646 1635//1635
f 1639//1639 1648//1648 1634//1634 1631//1631
f 1641//1641 1649//1649 1648//1648 1639//1639
f 1647//1647 1646//1646 1648//1648 1649//1649
f 1641//1641 1640//1640 1650//1650 1651//1651
f 1652//1652 1650//1650 1640//1640 1561//1561
f 1653//1653 1654//1654 1650//1650 1652//1652
f 1655//1655 1651//1651 1650//1650 1654//1654
f 1656//1656 1657//1657 1658//1658 1659//1659
f 1645//1645 1658//1658 1657//1657 1642//1642
f 1647//1647 1660//1660 1658//1658 1645//1645
f 1659//1659 1658//1658 1660//1660 1661//1661
f 1661//1661 1660//1660 1662//1662 1663//1663
f 1649//1649 1662//1662 1660//1660 1647//1647
f 1641//1641 1651//1651 1662//1662 1649//1649
f 1663//1663 1662//1662 1651//1651 1655//1655
f 1664//1664 1665//1665 1666//1666 1667//1667
f 1668//1668 1666//1666 1665//1665 1669//1669
f 1670//1670 1671//1671 1666//1666 1668//1668
f 1667//1667 1666//1666 1671//1671 1672//1672
f 1673//1673 1674//1674 1675//1675 1676//1676
f 1669//1669 1665//1665 1674//1674 1673//1673
f 1677//1677 1674//1674 1665//1665 1664//1664
f 1678//1678 1675//1675 1674//1674 1677//1677
f 1679//1679 1680//1680 1681//1681 1682//1682
f 1683//1683 1681//1681 1680//1680 1684//1684
f 1676//1676 1675//1675 1681//1681 1683//1683
f 1682//1682 1681//1681 1675//1675 1678//1678
f 1685//1685 1686//1686 1687//1687 1688//1688
f 1689//1689 1687//1687 1686//1686 1690//1690
f 169//169 172//172 1687//1687 1689//1689
f 1688//1688 1687//1687 172//172 177//177
f 181//181 1691//1691 1692//1692 178//178
f 1689//1689 1691//1691 181//181 169//169
f 1691//1691 1689//1689 1690//1690
f 1693//1693 1692//1692 1691//1691 1694//1694
f 178//178 1692//1692 1695//1695 188//188
f 1696//1696 1695//1695 1692//1692 1693//1693
f 1695//1695 1696//1696 1697//1697
f 188//188 1695//1695 1698//1698 189//189
f 1699//1699 1700//1700 1701//1701 1702//1702
f 1129//1129 1703//1703 1700//1700 1699//1699
f 1704//1704 1700//1700 1703//1703 1705//1705
f 1706//1706 1701//1701 1700//1700 1704//1704
f 274//274 272//272 1707//1707 1708//1708
f 136//136 1707//1707 272//272 137//137
f 135//135 1709//1709 1707//1707 136//136
f 1708//1708 1707//1707 1709//1709 1710//1710
f 129//129 126//126 1711//1711 1712//1712
f 144//144 1711//1711 126//126 125//125
f 1713//1713 1711//1711 144//144 142//142
f 1714//1714 1712//1712 1711//1711 1713//1713
f 1715//1715 1716//1716 1717//1717 1718//1718
f 327//327 1717//1717 1716//1716 328//328
f 274//274 1708//1708 1717//1717 327//327
f 1718//1718 1717//1717 1708//1708 1710//1710
f 1230//1230 1227//1227 1719//1719 1720//1720
f 1216//1216 1215//1215 1719//1719 1227//1227
f 1214//1214 1721//1721 1719//1719 1215//1215
f 1721//1721 1722//1722 1720//1720
f 1723//1723 1724//1724 1725//1725 1726//1726
f 1727//1727 1725//1725 1724//1724 1728//1728
f 1725//1725 1727//1727 1722//1722
f 1726//1726 1725//1725 1721//1721 1214//1214
f 1241//1241 1239//1239 1729//1729 1730//1730
f 1229//1229 1729//1729 1239//1239 1231//1231
f 1230//1230 1720//1720 1729//1729 1229//1229
f 1730//1730 1729//1729 1720//1720 1722//1722
f 1236//1236 1238//1238 1731//1731 1234//1234
f 1238//1238 1242//1242 1732//1732
f 1732//1732 1733//1733 1734//1734
f 1234//1234 1731//1731 1734//1734 1226//1226
f 1735//1735 1736//1736 1737//1737 1738//1738
f 1739//1739 1736//1736 1735//1735 1740//1740
f 1526//1526 1522//1522 1736//1736 1739//1739
f 1524//1524 1737//1737 1736//1736 1522//1522
f 1741//1741 1529//1529 1528//1528
f 1742//1742 1741//1741 1743//1743 1744//1744
f 1741//1741 1742//1742 1738//1738
f 1529//1529 1741//1741 1737//1737 1524//1524
f 1745//1745 1746//1746 1747//1747
f 1544//1544 1745//1745 1748//1748 1513//1513
f 1546//1546 1749//1749 1745//1745 1544//1544
f 1746//1746 1745//1745 1749//1749 1750//1750
f 1546//1546 1547//1547 1751//1751 1749//1749
f 1739//1739 1751//1751 1547//1547 1526//1526
f 1752//1752 1751//1751 1739//1739 1740//1740
f 1749//1749 1751//1751 1752//1752 1750//1750
f 1205//1205 1753//1753 1754//1754 1202//1202
f 1221//1221 1753//1753 1205//1205 1210//1210
f 1224//1224 1755//1755 1753//1753 1221//1221
f 1754//1754 1753//1753 1755//1755 1756//1756
f 1224//1224 1223//1223 1757//1757 1755//1755
f 1734//1734 1757//1757 1223//1223 1226//1226
f 1757//1757 1734//1734 1733//1733
f 1755//1755 1757//1757 1758//1758 1756//1756
f 1127//1127 1759//1759 1760//1760 1126//1126
f 1761//1761 1760//1760 1759//1759 1762//1762
f 1763//1763 1764//1764 1760//1760 1761//1761
f 1126//1126 1760//1760 1764//1764 1128//1128
f 1762//1762 1765//1765 1766//1766 1761//1761
f 1766//1766 1765//1765 1364//1364 1363//1363
f 1766//1766 1363//1363 1362//1362 1767//1767
f 1761//1761 1766//1766 1767//1767 1763//1763
f 1768//1768 1769//1769 1770//1770 1771//1771
f 1772//1772 1770//1770 1769//1769 1773//1773
f 1774//1774 1775//1775 1770//1770 1772//1772
f 1771//1771 1770//1770 1775//1775 1776//1776
f 1777//1777 1778//1778 1779//1779 1780//1780
f 155//155 1777//1777 1780//1780 158//158
f 154//154 1781//1781 1777//1777 155//155
f 1777//1777 1781//1781 1782//1782 1778//1778
f 1783//1783 1784//1784 1785//1785 1786//1786
f 1787//1787 1785//1785 1784//1784 1788//1788
f 49//49 45//45 1785//1785 1787//1787
f 1786//1786 1785//1785 45//45 44//44
f 1787//1787 1789//1789 1790//1790 49//49
f 1788//1788 1791//1791 1789//1789 1787//1787
f 1792//1792 1793//1793 1789//1789 1791//1791
f 1794//1794 1790//1790 1789//1789 1793//1793
f 1792//1792 1795//1795 1796//1796 1793//1793
f 1713//1713 1796//1796 1795//1795 1714//1714
f 142//142 1797//1797 1796//1796 1713//1713
f 1793//1793 1796//1796 1797//1797 1794//1794
f 1798//1798 1799//1799 1794//1794
f 141//141 1798//1798 1797//1797 142//142
f 1798//1798 141//141 147//147
f 1799//1799 1798//1798 1800//1800 1801//1801
f 1802//1802 48//48 49//49
f 1799//1799 1802//1802 1790//1790 1794//1794
f 1801//1801 1803//1803 1802//1802 1799//1799
f 1803//1803 50//50 48//48
f 1804//1804 1805//1805 1806//1806 1807//1807
f 1688//1688 1806//1806 1805//1805 1685//1685
f 177//177 1808//1808 1806//1806 1688//1688
f 1807//1807 1806//1806 1808//1808 1809//1809
f 1809//1809 1810//1810 1811//1811 1807//1807
f 1771//1771 1811//1811 1810//1810 1768//1768
f 1776//1776 1812//1812 1811//1811 1771//1771
f 1807//1807 1811//1811 1812//1812 1804//1804
f 1728//1728 1724//1724 1813//1813 1814//1814
f 1815//1815 1813//1813 1724//1724 1723//1723
f 1072//1072 1816//1816 1813//1813 1815//1815
f 1816//1816 1817//1817 1814//1814
f 1067//1067 1065//1065 1818//1818 1819//1819
f 1820//1820 1818//1818 1065//1065 240//240
f 1821//1821 1822//1822 1818//1818 1820//1820
f 1819//1819 1818//1818 1822//1822 1823//1823
f 1705//1705 1824//1824 1825//1825 1704//1704
f 1819//1819 1825//1825 1824//1824 1067//1067
f 1823//1823 1826//1826 1825//1825 1819//1819
f 1704//1704 1825//1825 1826//1826 1706//1706
f 1827//1827 1828//1828 1817//1817
f 1816//1816 1072//1072 1071//1071
f 228//228 1829//1829 1827//1827 1071//1071
f 1828//1828 1827//1827 1829//1829 1830//1830
f 1831//1831 1832//1832 1833//1833
f 331//331 1831//1831 1834//1834 234//234
f 328//328 1716//1716 1831//1831 331//331
f 1832//1832 1831//1831 1716//1716 1715//1715
f 1835//1835 1836//1836 1830//1830
f 227//227 1835//1835 1829//1829 228//228
f 234//234 1834//1834 1835//1835 227//227
f 1836//1836 1835//1835 1834//1834 1833//1833
f 1837//1837 1838//1838 1839//1839 1840//1840
f 1820//1820 1839//1839 1838//1838 1821//1821
f 240//240 236//236 1839//1839 1820//1820
f 1840//1840 1839//1839 236//236 235//235
f 1841//1841 1842//1842 1843//1843 1844//1844
f 1842//1842 1124//1124 1120//1120
f 1123//1123 1845//1845 1843//1843 1120//1120
f 1844//1844 1843//1843 1845//1845 1846//1846
f 133//133 138//138 1847//1847 1848//1848
f 137//137 269//269 1847//1847 138//138
f 1849//1849 1847//1847 269//269 268//268
f 1848//1848 1847//1847 1849//1849 1850//1850
f 125//125 128//128 1851//1851 143//143
f 1848//1848 1851//1851 128//128 133//133
f 1851//1851 1848//1848 1850//1850 1852//1852
f 143//143 1851//1851 1852//1852 145//145
f 1710//1710 1709//1709 1853//1853 1854//1854
f 134//134 1853//1853 1709//1709 135//135
f 131//131 1855//1855 1853//1853 134//134
f 1854//1854 1853//1853 1855//1855 1856//1856
f 1856//1856 1855//1855 1857//1857 1858//1858
f 130//130 1857//1857 1855//1855 131//131
f 1712//1712 1857//1857 130//130 129//129
f 1858//1858 1857//1857 1712//1712 1714//1714
f 1859//1859 1860//1860 1861//1861 1862//1862
f 1840//1840 1861//1861 1860//1860 1837//1837
f 235//235 339//339 1861//1861 1840//1840
f 1862//1862 1861//1861 339//339 335//335
f 335//335 334//334 1863//1863 1862//1862
f 189//189 1698//1698 1863//1863 334//334
f 1863//1863 1698//1698 1697//1697 1864//1864
f 1862//1862 1863//1863 1864//1864 1859//1859
f 261//261 260//260 1865//1865 1866//1866
f 1867//1867 1865//1865 260//260 259//259
f 1868//1868 1869//1869 1865//1865 1867//1867
f 1870//1870 1866//1866 1865//1865 1869//1869
f 280//280 1871//1871 1872//1872 279//279
f 1869//1869 1872//1872 1871//1871 1870//1870
f 1868//1868 1873//1873 1872//1872 1869//1869
f 1872//1872 1873//1873 281//281 279//279
f 1515//1515 1510//1510 1874//1874 1875//1875
f 1513//1513 1748//1748 1874//1874 1510//1510
f 1876//1876 1874//1874 1748//1748 1747//1747
f 1875//1875 1874//1874 1876//1876 1877//1877
f 1878//1878 1875//1875 1877//1877
f 1879//1879 1744//1744 1743//1743
f 1528//1528 1540//1540 1878//1878 1743//1743
f 1875//1875 1878//1878 1540//1540 1515//1515
f 1880//1880 1881//1881 1882//1882 1883//1883
f 1884//1884 1882//1882 1881//1881 1885//1885
f 1886//1886 1887//1887 1882//1882 1884//1884
f 1883//1883 1882//1882 1887//1887 1888//1888
f 1453//1453 1889//1889 1890//1890 1454//1454
f 1883//1883 1890//1890 1889//1889 1880//1880
f 1888//1888 1891//1891 1890//1890 1883//1883
f 1454//1454 1890//1890 1891//1891 1458//1458
f 1892//1892 1893//1893 1894//1894 1895//1895
f 1896//1896 1894//1894 1893//1893 1897//1897
f 1898//1898 1899//1899 1894//1894 1896//1896
f 1895//1895 1894//1894 1899//1899 1900//1900
f 1901//1901 1902//1902 1903//1903 1904//1904
f 1905//1905 1903//1903 1902//1902 1906//1906
f 1900//1900 1899//1899 1903//1903 1905//1905
f 1904//1904 1903//1903 1899//1899 1898//1898
f 1723//1723 1726//1726 1907//1907 1908//1908
f 1213//1213 1907//1907 1726//1726 1214//1214
f 1207//1207 1909//1909 1907//1907 1213//1213
f 1908//1908 1907//1907 1909//1909 1910//1910
f 1074//1074 1073//1073 1911//1911 1912//1912
f 1815//1815 1911//1911 1073//1073 1072//1072
f 1911//1911 1815//1815 1723//1723 1908//1908
f 1910//1910 1912//1912 1911//1911 1908//1908
f 1080//1080 1076//1076 1913//1913 1914//1914
f 1915//1915 1913//1913 1076//1076 1075//1075
f 1916//1916 1917//1917 1913//1913 1915//1915
f 1914//1914 1913//1913 1917//1917 1918//1918
f 1919//1919 1920//1920 1921//1921 1922//1922
f 1923//1923 1924//1924 1921//1921 1920//1920
f 1918//1918 1917//1917 1921//1921 1924//1924
f 1922//1922 1921//1921 1917//1917 1916//1916
f 1925//1925 1926//1926 1927//1927
f 1928//1928 1929//1929 1930//1930
f 1931//1931 1932//1932 1925//1925 1930//1930
f 1926//1926 1925//1925 1932//1932 1933//1933
f 1933//1933 1934//1934 1935//1935 1926//1926
f 1934//1934 1756//1756 1758//1758
f 1936//1936 1935//1935 1758//1758 1733//1733
f 1936//1936 1927//1927 1926//1926
f 1897//1897 1893//1893 1937//1937 1938//1938
f 1939//1939 1937//1937 1893//1893 1892//1892
f 1134//1134 1940//1940 1937//1937 1939//1939
f 1938//1938 1937//1937 1940//1940 1941//1941
f 1134//1134 1130//1130 1942//1942
f 1699//1699 1942//1942 1130//1130 1129//1129
f 1942//1942 1699//1699 1702//1702
f 1940//1940 1942//1942 1943//1943 1941//1941
f 1944//1944 1945//1945 1946//1946 1947//1947
f 1844//1844 1946//1946 1945//1945 1841//1841
f 1846//1846 1948//1948 1946//1946 1844//1844
f 1947//1947 1946//1946 1948//1948 1949//1949
f 1949//1949 1950//1950 1951//1951 1947//1947
f 1920//1920 1951//1951 1950//1950 1923//1923
f 1919//1919 1952//1952 1951//1951 1920//1920
f 1952//1952 1944//1944 1947//1947
f 1953//1953 1931//1931 1930//1930
f 1929//1929 1954//1954 1955//1955
f 1955//1955 1954//1954 1956//1956 1957//1957
f 1953//1953 1955//1955 1957//1957 1958//1958
f 1957//1957 1956//1956 1959//1959
f 1746//1746 1960//1960 1959//1959 1747//1747
f 1961//1961 1960//1960 1746//1746 1750//1750
f 1960//1960 1961//1961 1958//1958 1957//1957
f 1906//1906 1902//1902 1962//1962 1963//1963
f 1964//1964 1962//1962 1902//1902 1901//1901
f 1965//1965 1962//1962 1964//1964 1966//1966
f 1967//1967 1963//1963 1962//1962 1965//1965
f 1966//1966 1968//1968 1969//1969 1965//1965
f 1968//1968 1886//1886 1884//1884
f 1885//1885 1970//1970 1969//1969 1884//1884
f 1965//1965 1969//1969 1970//1970 1967//1967
f 1971//1971 1972//1972 1973//1973
f 1742//1742 1971//1971 1974//1974 1738//1738
f 1744//1744 1975//1975 1971//1971 1742//1742
f 1975//1975 1976//1976 1972//1972
f 1977//1977 1978//1978 1979//1979 1980//1980
f 1465//1465 1979//1979 1978//1978 1462//1462
f 1467//1467 1981//1981 1979//1979 1465//1465
f 1980//1980 1979//1979 1981//1981 1982//1982
f 1983//1983 1984//1984 1985//1985 1986//1986
f 1987//1987 1985//1985 1984//1984 1988//1988
f 1989//1989 1990//1990 1985//1985 1987//1987
f 1986//1986 1985//1985 1990//1990 1991//1991
f 1991//1991 1992//1992 1993//1993 1986//1986
f 1671//1671 1993//1993 1992//1992 1672//1672
f 1670//1670 1994//1994 1993//1993 1671//1671
f 1986//1986 1993//1993 1994//1994 1983//1983
f 1995//1995 1996//1996 1997//1997 1998//1998
f 1999//1999 1997//1997 1996//1996 2000//2000
f 1690//1690 1686//1686 1997//1997 1999//1999
f 1998//1998 1997//1997 1686//1686 1685//1685
f 2001//2001 2002//2002 2003//2003
f 1696//1696 2001//2001 2004//2004 1697//1697
f 2001//2001 1696//1696 1693//1693
f 2005//2005 2006//2006 2002//2002
f 2007//2007 2008//2008 2009//2009 2010//2010
f 2011//2011 2009//2009 2008//2008 2012//2012
f 1823//1823 1822//1822 2009//2009 2011//2011
f 2010//2010 2009//2009 1822//1822 1821//1821
f 2013//2013 2014//2014 2015//2015 2016//2016
f 2017//2017 2015//2015 2014//2014 2018//2018
f 1941//1941 1943//1943 2015//2015 2017//2017
f 2016//2016 2015//2015 1943//1943 1702//1702
f 2019//2019 2020//2020 2021//2021 2022//2022
f 1718//1718 2021//2021 2020//2020 1715//1715
f 1710//1710 2023//2023 2021//2021 1718//1718
f 2022//2022 2021//2021 2023//2023 2024//2024
f 2025//2025 2026//2026 2027//2027 2028//2028
f 1730//1730 2027//2027 2026//2026 1241//1241
f 1722//1722 2029//2029 2027//2027 1730//1730
f 2028//2028 2027//2027 2029//2029 2030//2030
f 2031//2031 2032//2032 2033//2033 2034//2034
f 1828//1828 2033//2033 2032//2032 1817//1817
f 1830//1830 2035//2035 2033//2033 1828//1828
f 2034//2034 2033//2033 2035//2035 2036//2036
f 2037//2037 2038//2038 2039//2039 2040//2040
f 2041//2041 2038//2038 2037//2037 2042//2042
f 1740//1740 1735//1735 2038//2038 2041//2041
f 2039//2039 2038//2038 1735//1735 1738//1738
f 2043//2043 2044//2044 2045//2045
f 2046//2046 2043//2043 2047//2047 2018//2018
f 1202//1202 1754//1754 2043//2043 2046//2046
f 2044//2044 2043//2043 1754//1754 1756//1756
f 2048//2048 2049//2049 2050//2050 2051//2051
f 2052//2052 2050//2050 2049//2049 2053//2053
f 1966//1966 1964//1964 2050//2050 2052//2052
f 1964//1964 1901//1901 2051//2051
f 2054//2054 2055//2055 2056//2056 2057//2057
f 2058//2058 2056//2056 2055//2055 2059//2059
f 1776//1776 1775//1775 2056//2056 2058//2058
f 2057//2057 2056//2056 1775//1775 1774//1774
f 147//147 146//146 2060//2060 2061//2061
f 2062//2062 2060//2060 146//146 145//145
f 1995//1995 2063//2063 2060//2060 2062//2062
f 2061//2061 2060//2060 2063//2063 2064//2064
f 2062//2062 2065//2065 1996//1996 1995//1995
f 145//145 1852//1852 2065//2065 2062//2062
f 1850//1850 2066//2066 2065//2065 1852//1852
f 2000//2000 1996//1996 2065//2065 2066//2066
f 1685//1685 1805//1805 2067//2067 1998//1998
f 2068//2068 2067//2067 1805//1805 1804//1804
f 2064//2064 2063//2063 2067//2067 2068//2068
f 1998//1998 2067//2067 2063//2063 1995//1995
f 1850//1850 1849//1849 2069//2069 2066//2066
f 268//268 2070//2070 2069//2069 1849//1849
f 2071//2071 2069//2069 2070//2070 2006//2006
f 2066//2066 2069//2069 2071//2071 2000//2000
f 2006//2006 2070//2070 2072//2072 2002//2002
f 271//271 2072//2072 2070//2070 268//268
f 275//275 2073//2073 2072//2072 271//271
f 2002//2002 2072//2072 2073//2073 2003//2003
f 2005//2005 1693//1693 1694//1694
f 1999//1999 2074//2074 1694//1694 1690//1690
f 2074//2074 1999//1999 2000//2000
f 2006//2006 2005//2005 2074//2074 2071//2071
f 275//275 324//324 2075//2075 2073//2073
f 2076//2076 2075//2075 324//324 323//323
f 2077//2077 2078//2078 2075//2075 2076//2076
f 2003//2003 2073//2073 2075//2075 2078//2078
f 2078//2078 2079//2079 2004//2004 2003//2003
f 2080//2080 2079//2079 2078//2078 2077//2077
f 2079//2079 2080//2080 1859//1859
f 1697//1697 2004//2004 2079//2079 1864//1864
f 233//233 231//231 2081//2081 2082//2082
f 2083//2083 2081//2081 231//231 230//230
f 2007//2007 2084//2084 2081//2081 2083//2083
f 2082//2082 2081//2081 2084//2084 2085//2085
f 230//230 1070//1070 2086//2086 2083//2083
f 2087//2087 2086//2086 1070//1070 1074//1074
f 2012//2012 2008//2008 2086//2086 2087//2087
f 2083//2083 2086//2086 2008//2008 2007//2007
f 1821//1821 1838//1838 2088//2088 2010//2010
f 2089//2089 2088//2088 1838//1838 1837//1837
f 2085//2085 2084//2084 2088//2088 2089//2089
f 2010//2010 2088//2088 2084//2084 2007//2007
f 1910//1910 1909//1909 2090//2090 2091//2091
f 2092//2092 2090//2090 1909//1909 1207//1207
f 2013//2013 2093//2093 2090//2090 2092//2092
f 2091//2091 2090//2090 2093//2093 2094//2094
f 1207//1207 1203//1203 2095//2095 2092//2092
f 2046//2046 2095//2095 1203//1203 1202//1202
f 2018//2018 2014//2014 2095//2095 2046//2046
f 2092//2092 2095//2095 2014//2014 2013//2013
f 1702//1702 1701//1701 2096//2096 2016//2016
f 2097//2097 2096//2096 1701//1701 1706//1706
f 2094//2094 2093//2093 2096//2096 2097//2097
f 2016//2016 2096//2096 2093//2093 2013//2013
f 2098//2098 2099//2099 2100//2100 2101//2101
f 157//157 2100//2100 2099//2099 154//154
f 162//162 2102//2102 2100//2100 157//157
f 2101//2101 2100//2100 2102//2102 2103//2103
f 2103//2103 2102//2102 2104//2104 2105//2105
f 164//164 2104//2104 2102//2102 162//162
f 168//168 2106//2106 2104//2104 164//164
f 2105//2105 2104//2104 2106//2106 2107//2107
f 2103//2103 2105//2105 2108//2108 2109//2109
f 2107//2107 2110//2110 2108//2108 2105//2105
f 2108//2108 2110//2110 1856//1856 1858//1858
f 2109//2109 2108//2108 1858//1858 1714//1714
f 1792//1792 2111//2111 2112//2112 1795//1795
f 2101//2101 2112//2112 2111//2111 2098//2098
f 2103//2103 2109//2109 2112//2112 2101//2101
f 1795//1795 2112//2112 2109//2109 1714//1714
f 2107//2107 2106//2106 2113//2113 2114//2114
f 277//277 2113//2113 2106//2106 168//168
f 281//281 2115//2115 2113//2113 277//277
f 2114//2114 2113//2113 2115//2115 2024//2024
f 2024//2024 2115//2115 2116//2116 2022//2022
f 1873//1873 2116//2116 2115//2115 281//281
f 1868//1868 2117//2117 2116//2116 1873//1873
f 2022//2022 2116//2116 2117//2117 2019//2019
f 1856//1856 2110//2110 2118//2118 1854//1854
f 2114//2114 2118//2118 2110//2110 2107//2107
f 2024//2024 2023//2023 2118//2118 2114//2114
f 1854//1854 2118//2118 2023//2023 1710//1710
f 2119//2119 2120//2120 2121//2121 2122//2122
f 1924//1924 2121//2121 2120//2120 1918//1918
f 1923//1923 2123//2123 2121//2121 1924//1924
f 2122//2122 2121//2121 2123//2123 2030//2030
f 2124//2124 2123//2123 1923//1923
f 2125//2125 2124//2124 1950//1950 1949//1949
f 2125//2125 2025//2025 2028//2028
f 2030//2030 2123//2123 2124//2124 2028//2028
f 1728//1728 2126//2126 2127//2127 1727//1727
f 2126//2126 2119//2119 2122//2122
f 2030//2030 2029//2029 2127//2127 2122//2122
f 1727//1727 2127//2127 2029//2029 1722//1722
f 2128//2128 2129//2129 2130//2130 2131//2131
f 257//257 2130//2130 2129//2129 259//259
f 258//258 2132//2132 2130//2130 257//257
f 2131//2131 2130//2130 2132//2132 2036//2036
f 2036//2036 2132//2132 2133//2133 2034//2034
f 1079//1079 2133//2133 2132//2132 258//258
f 1080//1080 2134//2134 2133//2133 1079//1079
f 2034//2034 2133//2133 2134//2134 2031//2031
f 1833//1833 2135//2135 2136//2136 1836//1836
f 2131//2131 2136//2136 2135//2135 2128//2128
f 2036//2036 2035//2035 2136//2136 2131//2131
f 1836//1836 2136//2136 2035//2035 1830//1830
f 2137//2137 2138//2138 2139//2139 2140//2140
f 1845//1845 2139//2139 2138//2138 1846//1846
f 2139//2139 1845//1845 1123//1123
f 2141//2141 2142//2142 2140//2140
f 1122//1122 2143//2143 2141//2141 1123//1123
f 2144//2144 2143//2143 1122//1122 1128//1128
f 2145//2145 2146//2146 2143//2143 2144//2144
f 2143//2143 2146//2146 2142//2142
f 2146//2146 2147//2147 2148//2148 2142//2142
f 2149//2149 2147//2147 2146//2146 2145//2145
f 1927//1927 1936//1936 2147//2147 2149//2149
f 1733//1733 2148//2148 2147//2147 1936//1936
f 1242//1242 2150//2150 2151//2151 1732//1732
f 2150//2150 2137//2137 2140//2140
f 2142//2142 2148//2148 2151//2151 2140//2140
f 1732//1732 2151//2151 2148//2148 1733//1733
f 2152//2152 2153//2153 2154//2154 2155//2155
f 1361//1361 2154//2154 2153//2153 1362//1362
f 2154//2154 1361//1361 1358//1358
f 2156//2156 2157//2157 2155//2155
f 1358//1358 1357//1357 2158//2158 2156//2156
f 2159//2159 2158//2158 1357//1357 1356//1356
f 2160//2160 2161//2161 2158//2158 2159//2159
f 2161//2161 2157//2157 2156//2156
f 2157//2157 2161//2161 2162//2162 2163//2163
f 2164//2164 2162//2162 2161//2161 2160//2160
f 1877//1877 1876//1876 2162//2162 2164//2164
f 2163//2163 2162//2162 1876//1876 1747//1747
f 1956//1956 2165//2165 2166//2166 1959//1959
f 2155//2155 2166//2166 2165//2165 2152//2152
f 2157//2157 2163//2163 2166//2166 2155//2155
f 1959//1959 2166//2166 2163//2163 1747//1747
f 1356//1356 1463//1463 2167//2167 2159//2159
f 1463//1463 1462//1462 2168//2168
f 2169//2169 2170//2170 2167//2167 2168//2168
f 2159//2159 2167//2167 2170//2170 2160//2160
f 1462//1462 1978//1978 2171//2171 2168//2168
f 2172//2172 2171//2171 1978//1978 1977//1977
f 2173//2173 2174//2174 2171//2171 2172//2172
f 2168//2168 2171//2171 2174//2174 2169//2169
f 2169//2169 2174//2174 2175//2175 2176//2176
f 2177//2177 2175//2175 2174//2174 2173//2173
f 2175//2175 2177//2177 1976//1976
f 2176//2176 2175//2175 1975//1975 1744//1744
f 1744//1744 1879//1879 2178//2178 2176//2176
f 2164//2164 2178//2178 1879//1879 1877//1877
f 2160//2160 2170//2170 2178//2178 2164//2164
f 2176//2176 2178//2178 2170//2170 2169//2169
f 1679//1679 1682//1682 2179//2179 2180//2180
f 2181//2181 2179//2179 1682//1682 1678//1678
f 2182//2182 2183//2183 2179//2179 2181//2181
f 2180//2180 2179//2179 2183//2183 2184//2184
f 2185//2185 2186//2186 2182//2182 2181//2181
f 1677//1677 2185//2185 2181//2181 1678//1678
f 1664//1664 2187//2187 2185//2185 1677//1677
f 2186//2186 2185//2185 2187//2187 2188//2188
f 2188//2188 2187//2187 2189//2189 2190//2190
f 1667//1667 2189//2189 2187//2187 1664//1664
f 1672//1672 2191//2191 2189//2189 1667//1667
f 2190//2190 2189//2189 2191//2191 2192//2192
f 1672//1672 1992//1992 2193//2193 2191//2191
f 2194//2194 2193//2193 1992//1992 1991//1991
f 2195//2195 2196//2196 2193//2193 2194//2194
f 2191//2191 2193//2193 2196//2196 2192//2192
f 1991//1991 1990//1990 2197//2197 2194//2194
f 1990//1990 1989//1989 2198//2198
f 2199//2199 2200//2200 2197//2197 2198//2198
f 2194//2194 2197//2197 2200//2200 2195//2195
f 2201//2201 2202//2202 2203//2203 2204//2204
f 1457//1457 2203//2203 2202//2202 1459//1459
f 1458//1458 2205//2205 2203//2203 1457//1457
f 2204//2204 2203//2203 2205//2205 2040//2040
f 1458//1458 1891//1891 2206//2206 2205//2205
f 1891//1891 1888//1888 2207//2207
f 2042//2042 2037//2037 2206//2206 2207//2207
f 2205//2205 2206//2206 2037//2037 2040//2040
f 1973//1973 2208//2208 2209//2209 1974//1974
f 2204//2204 2209//2209 2208//2208 2201//2201
f 2040//2040 2039//2039 2209//2209 2204//2204
f 1974//1974 2209//2209 2039//2039 1738//1738
f 1888//1888 1887//1887 2210//2210 2207//2207
f 2211//2211 2210//2210 1887//1887 1886//1886
f 2212//2212 2213//2213 2210//2210 2211//2211
f 2207//2207 2210//2210 2213//2213 2042//2042
f 1886//1886 1968//1968 2214//2214 2211//2211
f 1968//1968 1966//1966 2052//2052
f 2053//2053 2215//2215 2214//2214 2052//2052
f 2215//2215 2212//2212 2211//2211
f 2216//2216 2217//2217 2215//2215 2053//2053
f 1958//1958 1961//1961 2217//2217 2216//2216
f 1750//1750 2218//2218 2217//2217 1961//1961
f 2212//2212 2215//2215 2217//2217 2218//2218
f 1740//1740 2041//2041 2219//2219 1752//1752
f 2042//2042 2213//2213 2219//2219 2041//2041
f 2212//2212 2218//2218 2219//2219 2213//2213
f 1752//1752 2219//2219 2218//2218 1750//1750
f 2220//2220 2221//2221 2222//2222 2223//2223
f 2221//2221 1898//1898 1896//1896
f 1897//1897 2224//2224 2222//2222 1896//1896
f 2223//2223 2222//2222 2224//2224 2045//2045
f 2224//2224 1897//1897 1938//1938
f 1938//1938 1941//1941 2017//2017
f 2018//2018 2047//2047 2225//2225 2017//2017
f 2224//2224 2225//2225 2047//2047 2045//2045
f 1933//1933 2226//2226 2227//2227 1934//1934
f 2226//2226 2220//2220 2223//2223
f 2045//2045 2044//2044 2227//2227 2223//2223
f 1934//1934 2227//2227 2044//2044 1756//1756
f 1933//1933 1932//1932 2228//2228 2226//2226
f 2229//2229 2228//2228 1932//1932 1931//1931
f 2048//2048 2230//2230 2228//2228 2229//2229
f 2226//2226 2228//2228 2230//2230 2220//2220
f 1931//1931 1953//1953 2231//2231 2229//2229
f 2231//2231 1953//1953 1958//1958 2216//2216
f 2231//2231 2216//2216 2053//2053
f 2229//2229 2231//2231 2049//2049 2048//2048
f 1901//1901 1904//1904 2232//2232 2051//2051
f 2232//2232 1904//1904 1898//1898
f 2220//2220 2230//2230 2232//2232 2221//2221
f 2051//2051 2232//2232 2230//2230 2048//2048
f 1956//1956 1954//1954 2233//2233 2165//2165
f 2234//2234 2233//2233 1954//1954 1929//1929
f 2235//2235 2236//2236 2233//2233 2234//2234
f 2233//2233 2236//2236 2152//2152 2165//2165
f 2237//2237 2234//2234 1929//1929
f 2149//2149 2237//2237 1928//1928 1927//1927
f 2145//2145 2238//2238 2237//2237 2149//2149
f 2238//2238 2235//2235 2234//2234
f 2235//2235 2238//2238 2239//2239 2240//2240
f 2238//2238 2145//2145 2144//2144
f 1128//1128 1764//1764 2239//2239 2144//2144
f 2240//2240 2239//2239 1764//1764 1763//1763
f 1763//1763 1767//1767 2241//2241 2240//2240
f 2153//2153 2241//2241 1767//1767 1362//1362
f 2152//2152 2236//2236 2241//2241 2153//2153
f 2240//2240 2241//2241 2236//2236 2235//2235
f 52//52 51//51 2242//2242 2243//2243
f 2244//2244 2242//2242 51//51 50//50
f 2054//2054 2245//2245 2242//2242 2244//2244
f 2243//2243 2242//2242 2245//2245 2246//2246
f 2247//2247 2244//2244 50//50
f 2248//2248 2247//2247 1803//1803 1801//1801
f 2247//2247 2248//2248 2059//2059
f 2244//2244 2247//2247 2055//2055 2054//2054
f 1774//1774 2249//2249 2250//2250 2057//2057
f 2251//2251 2250//2250 2249//2249 2252//2252
f 2246//2246 2245//2245 2250//2250 2251//2251
f 2057//2057 2250//2250 2245//2245 2054//2054
f 2098//2098 2111//2111 2253//2253 2254//2254
f 1791//1791 2253//2253 2111//2111 1792//1792
f 1788//1788 2255//2255 2253//2253 1791//1791
f 2254//2254 2253//2253 2255//2255 2256//2256
f 1781//1781 2257//2257 2258//2258 1782//1782
f 2257//2257 1781//1781 154//154 2099//2099
f 2254//2254 2257//2257 2099//2099 2098//2098
f 2256//2256 2258//2258 2257//2257 2254//2254
f 1804//1804 1812//1812 2259//2259 2068//2068
f 2058//2058 2259//2259 1812//1812 1776//1776
f 2059//2059 2260//2260 2259//2259 2058//2058
f 2068//2068 2259//2259 2260//2260 2064//2064
f 1801//1801 1800//1800 2261//2261 2248//2248
f 2061//2061 2261//2261 1800//1800 147//147
f 2064//2064 2260//2260 2261//2261 2061//2061
f 2248//2248 2261//2261 2260//2260 2059//2059
f 1074//1074 1912//1912 2262//2262 2087//2087
f 2091//2091 2262//2262 1912//1912 1910//1910
f 2094//2094 2263//2263 2262//2262 2091//2091
f 2087//2087 2262//2262 2263//2263 2012//2012
f 2012//2012 2263//2263 2264//2264 2011//2011
f 2097//2097 2264//2264 2263//2263 2094//2094
f 1706//1706 1826//1826 2264//2264 2097//2097
f 2011//2011 2264//2264 1826//1826 1823//1823
f 2031//2031 2134//2134 2265//2265 2266//2266
f 1914//1914 2265//2265 2134//2134 1080//1080
f 1918//1918 2120//2120 2265//2265 1914//1914
f 2266//2266 2265//2265 2120//2120 2119//2119
f 2119//2119 2126//2126 2267//2267 2266//2266
f 2126//2126 1728//1728 1814//1814
f 1817//1817 2032//2032 2267//2267 1814//1814
f 2266//2266 2267//2267 2032//2032 2031//2031
f 2019//2019 2117//2117 2268//2268 2269//2269
f 1867//1867 2268//2268 2117//2117 1868//1868
f 259//259 2129//2129 2268//2268 1867//1867
f 2269//2269 2268//2268 2129//2129 2128//2128
f 2270//2270 1832//1832 1715//1715
f 2269//2269 2270//2270 2020//2020 2019//2019
f 2128//2128 2135//2135 2270//2270 2269//2269
f 1832//1832 2270//2270 2135//2135 1833//1833
f 2271//2271 2076//2076 323//323
f 329//329 233//233 2082//2082
f 2271//2271 2082//2082 2085//2085
f 2076//2076 2271//2271 2272//2272 2077//2077
f 1837//1837 1860//1860 2273//2273 2089//2089
f 1860//1860 1859//1859 2080//2080
f 2077//2077 2272//2272 2273//2273 2080//2080
f 2089//2089 2273//2273 2272//2272 2085//2085
f 1240//1240 2274//2274 2150//2150 1242//1242
f 1241//1241 2026//2026 2274//2274 1240//1240
f 2275//2275 2274//2274 2026//2026 2025//2025
f 2274//2274 2275//2275 2137//2137
f 2275//2275 2276//2276 2138//2138 2137//2137
f 2125//2125 2276//2276 2275//2275 2025//2025
f 1949//1949 1948//1948 2276//2276 2125//2125
f 2276//2276 1948//1948 1846//1846 2138//2138
f 1616//1616 1615//1615 2277//2277 2278//2278
f 844//844 2277//2277 1615//1615 846//846
f 2277//2277 844//844 845//845
f 2279//2279 2280//2280 2278//2278
f 1015//1015 1014//1014 2281//2281 2282//2282
f 1005//1005 1004//1004 2281//2281 1014//1014
f 828//828 2283//2283 2281//2281 1004//1004
f 2282//2282 2281//2281 2283//2283 2284//2284
f 2285//2285 2286//2286 2287//2287 2288//2288
f 1036//1036 2287//2287 2286//2286 1038//1038
f 1015//1015 2282//2282 2287//2287 1036//1036
f 2288//2288 2287//2287 2282//2282 2284//2284
f 2283//2283 2289//2289 2290//2290 2284//2284
f 827//827 2289//2289 2283//2283 828//828
f 833//833 2291//2291 2289//2289 827//827
f 2292//2292 2290//2290 2289//2289 2291//2291
f 2284//2284 2290//2290 2293//2293 2288//2288
f 2294//2294 2293//2293 2290//2290 2292//2292
f 2295//2295 2296//2296 2293//2293 2294//2294
f 2288//2288 2293//2293 2296//2296 2285//2285
f 2297//2297 2295//2295 2294//2294
f 2292//2292 2291//2291 2298//2298 2294//2294
f 835//835 2298//2298 2291//2291 833//833
f 835//835 839//839 2297//2297
f 2297//2297 839//839 1622//1622
f 1622//1622 1616//1616 2278//2278
f 2280//2280 2299//2299 2300//2300 2278//2278
f 2295//2295 2297//2297 2300//2300 2299//2299
f 2279//2279 2301//2301 2299//2299 2280//2280
f 2302//2302 2301//2301 2279//2279 845//845
f 2285//2285 2296//2296 2301//2301 2302//2302
f 2299//2299 2301//2301 2296//2296 2295//2295
f 845//845 841//841 2303//2303 2302//2302
f 1048//1048 2303//2303 841//841 840//840
f 1038//1038 2286//2286 2303//2303 1048//1048
f 2302//2302 2303//2303 2286//2286 2285//2285
f 1501//1501 1500//1500 2304//2304 1505//1505
f 2305//2305 2304//2304 1500//1500 1499//1499
f 2304//2304 2305//2305 2306//2306 2307//2307
f 1505//1505 2304//2304 2307//2307 1502//1502
f 1568//1568 2308//2308 2309//2309 1554//1554
f 1568//1568 1569//1569 1576//1576
f 1502//1502 2307//2307 2308//2308 1576//1576
f 2309//2309 2308//2308 2307//2307 2306//2306
f 2310//2310 1555//1555 1553//1553
f 1554//1554 2309//2309 2311//2311 1553//1553
f 2306//2306 2312//2312 2311//2311 2309//2309
f 2312//2312 2313//2313 2310//2310
f 1499//1499 1498//1498 2314//2314 2315//2315
f 1439//1439 1442//1442 2314//2314 1498//1498
f 1444//1444 2316//2316 2314//2314 1442//1442
f 2315//2315 2314//2314 2316//2316 2317//2317
f 1499//1499 2315//2315 2318//2318 2305//2305
f 2319//2319 2318//2318 2315//2315 2317//2317
f 2320//2320 2321//2321 2318//2318 2319//2319
f 2306//2306 2305//2305 2318//2318 2321//2321
f 2320//2320 2322//2322 2323//2323 2321//2321
f 2313//2313 2312//2312 2323//2323 2322//2322
f 2321//2321 2323//2323 2312//2312 2306//2306
f 2324//2324 2325//2325 2326//2326 2327//2327
f 2328//2328 2326//2326 2325//2325 2329//2329
f 1461//1461 1460//1460 2326//2326 2328//2328
f 2327//2327 2326//2326 1460//1460 1459//1459
f 2330//2330 2331//2331 2332//2332 2333//2333
f 1987//1987 2332//2332 2331//2331 1989//1989
f 1988//1988 2334//2334 2332//2332 1987//1987
f 2333//2333 2332//2332 2334//2334 2335//2335
f 2329//2329 2325//2325 2336//2336 2337//2337
f 2338//2338 2336//2336 2325//2325 2324//2324
f 2339//2339 2340//2340 2336//2336 2338//2338
f 2337//2337 2336//2336 2340//2340 2341//2341
f 2333//2333 2342//2342 2343//2343 2330//2330
f 2342//2342 2333//2333 2335//2335 2344//2344
f 2341//2341 2340//2340 2342//2342 2344//2344
f 2339//2339 2343//2343 2342//2342 2340//2340
f 1459//1459 2202//2202 2345//2345 2327//2327
f 2346//2346 2345//2345 2202//2202 2201//2201
f 2347//2347 2348//2348 2345//2345 2346//2346
f 2327//2327 2345//2345 2348//2348 2324//2324
f 2349//2349 2350//2350 2351//2351 2352//2352
f 2198//2198 2351//2351 2350//2350 2199//2199
f 1989//1989 2331//2331 2351//2351 2198//2198
f 2352//2352 2351//2351 2331//2331 2330//2330
f 2353//2353 2354//2354 2355//2355 2356//2356
f 2352//2352 2355//2355 2354//2354 2349//2349
f 2330//2330 2343//2343 2355//2355 2352//2352
f 2356//2356 2355//2355 2343//2343 2339//2339
f 2339//2339 2338//2338 2357//2357 2356//2356
f 2324//2324 2348//2348 2357//2357 2338//2338
f 2358//2358 2357//2357 2348//2348 2347//2347
f 2356//2356 2357//2357 2358//2358 2353//2353
f 2359//2359 2360//2360 2361//2361 2362//2362
f 2346//2346 2360//2360 2359//2359 2347//2347
f 2201//2201 2208//2208 2360//2360 2346//2346
f 2361//2361 2360//2360 2208//2208 1973//1973
f 2353//2353 2358//2358 2363//2363 2364//2364
f 2359//2359 2363//2363 2358//2358 2347//2347
f 2362//2362 2365//2365 2363//2363 2359//2359
f 2364//2364 2363//2363 2365//2365 2366//2366
f 2362//2362 2361//2361 2367//2367 2368//2368
f 1972//1972 2367//2367 2361//2361 1973//1973
f 1976//1976 2369//2369 2367//2367 1972//1972
f 2368//2368 2367//2367 2369//2369 2370//2370
f 2366//2366 2365//2365 2371//2371 2372//2372
f 2365//2365 2362//2362 2368//2368
f 2370//2370 2373//2373 2371//2371 2368//2368
f 2372//2372 2371//2371 2373//2373 2374//2374
f 2375//2375 2376//2376 2370//2370
f 2177//2177 2375//2375 2369//2369 1976//1976
f 2173//2173 2377//2377 2375//2375 2177//2177
f 2376//2376 2375//2375 2377//2377 2378//2378
f 2379//2379 2380//2380 2381//2381 2382//2382
f 2380//2380 2374//2374 2373//2373
f 2376//2376 2381//2381 2373//2373 2370//2370
f 2378//2378 2382//2382 2381//2381 2376//2376
f 2383//2383 2384//2384 2385//2385 2386//2386
f 2180//2180 2384//2384 2383//2383 1679//1679
f 2184//2184 2387//2387 2384//2384 2180//2180
f 2388//2388 2385//2385 2384//2384 2387//2387
f 2378//2378 2377//2377 2389//2389 2390//2390
f 2172//2172 2389//2389 2377//2377 2173//2173
f 1977//1977 2391//2391 2389//2389 2172//2172
f 2390//2390 2389//2389 2391//2391 2392//2392
f 2390//2390 2393//2393 2382//2382 2378//2378
f 2392//2392 2394//2394 2393//2393 2390//2390
f 2395//2395 2396//2396 2393//2393 2394//2394
f 2382//2382 2393//2393 2396//2396 2379//2379
f 2386//2386 2385//2385 2397//2397 2398//2398
f 2399//2399 2397//2397 2385//2385 2388//2388
f 2379//2379 2396//2396 2397//2397 2399//2399
f 2398//2398 2397//2397 2396//2396 2395//2395
f 1684//1684 1680//1680 2400//2400 2401//2401
f 2383//2383 2400//2400 1680//1680 1679//1679
f 2386//2386 2402//2402 2400//2400 2383//2383
f 2401//2401 2400//2400 2402//2402 2403//2403
f 2392//2392 2391//2391 2404//2404 2405//2405
f 1980//1980 2404//2404 2391//2391 1977//1977
f 1982//1982 2406//2406 2404//2404 1980//1980
f 2405//2405 2404//2404 2406//2406 2407//2407
f 2405//2405 2408//2408 2394//2394 2392//2392
f 2407//2407 2409//2409 2408//2408 2405//2405
f 2410//2410 2411//2411 2408//2408 2409//2409
f 2394//2394 2408//2408 2411//2411 2395//2395
f 2403//2403 2402//2402 2412//2412 2413//2413
f 2398//2398 2412//2412 2402//2402 2386//2386
f 2395//2395 2411//2411 2412//2412 2398//2398
f 2413//2413 2412//2412 2411//2411 2410//2410
f 2414//2414 2415//2415 2416//2416 2417//2417
f 2416//2416 2415//2415 2407//2407 2406//2406
f 2418//2418 2416//2416 2406//2406 1982//1982
f 2419//2419 2417//2417 2416//2416 2418//2418
f 2407//2407 2415//2415 2420//2420 2409//2409
f 2421//2421 2420//2420 2415//2415 2414//2414
f 2422//2422 2423//2423 2420//2420 2421//2421
f 2409//2409 2420//2420 2423//2423 2410//2410
f 1642//1642 1657//1657 2424//2424 2425//2425
f 2426//2426 2424//2424 1657//1657 1656//1656
f 2427//2427 2428//2428 2424//2424 2426//2426
f 2424//2424 2428//2428 2429//2429 2425//2425
f 2429//2429 2430//2430 2431//2431 2432//2432
f 2433//2433 2431//2431 2430//2430 2434//2434
f 2435//2435 2436//2436 2431//2431 2433//2433
f 2432//2432 2431//2431 2436//2436 1494//1494
f 1489//1489 1485//1485 1495//1495
f 1494//1494 2436//2436 2437//2437 1495//1495
f 2438//2438 2437//2437 2436//2436 2435//2435
f 2437//2437 2438//2438 1490//1490 1489//1489
f 2432//2432 2439//2439 2425//2425 2429//2429
f 2439//2439 2432//2432 1494//1494
f 2439//2439 1626//1626 1625//1625
f 2425//2425 2439//2439 1643//1643 1642//1642
f 2442//2440 2443//2441 2440//2442 2444//2443
f 2441//2444 2440//2442 2443//2441 2445//2445
f 2448//2446 2449//2447 2446//2448 2447//2449
f 2450//2450 2446//2448 2449//2447 2451//2451
f 2454//2452 2453//2453 2452//2454 2451//2451
f 2455//2455 2456//2456 2453//2453 2454//2452
f 2455//2455 2457//2457 2458//2458 2456//2456
f 2459//2459 2458//2458 2457//2457 2460//2460
f 698//698 714//714 2461//2461 695//695
f 2462//2462 2461//2461 714//714 713//713
f 2461//2461 2462//2462 2463//2463
f 695//695 2461//2461 2464//2464 700//700
f 713//713 721//721 2465//2465 2462//2462
f 5//5 2465//2465 721//721 7//7
f 6//6 2466//2466 2465//2465 5//5
f 2462//2462 2465//2465 2466//2466 2463//2463
f 700//700 2464//2464 2468//2467 2469//2468
f 2463//2463 2470//2469 2468//2467 2464//2464
f 2468//2467 2470//2469 2471//2470 2472//2471
f 2469//2468 2468//2467 2472//2471 2473//2472
f 2474//2473 2475//2474 2476//2475
f 165//165 2474//2473 2477//2476 166//166
f 161//161 2478//2477 2474//2473 165//165
f 2475//2474 2474//2473 2478//2477 2479//2478
f 166//166 2477//2476 2480//2479 278//278
f 2481//2480 2480//2479 2477//2476 2476//2475
f 2482//2481 2483//2482 2480//2479 2481//2480
f 278//278 2480//2479 2483//2482 280//280
f 2484//2483 2485//2484 2486//2485 2487//2486
f 2485//2484 151//151 150//150
f 66//66 63//63 2486//2485 150//150
f 2487//2486 2486//2485 63//63 62//62
f 2488//2487 2489//2488 2490//2489 2491//2490
f 1944//1944 1952//1952 2489//2488 2488//2487
f 1919//1919 2492//2491 2489//2488 1952//1952
f 2490//2489 2489//2488 2492//2491 2493//2492
f 2494//2493 2495//2494 2493//2492
f 1922//1922 2494//2493 2492//2491 1919//1919
f 1916//1916 2496//2495 2494//2493 1922//1922
f 2495//2494 2494//2493 2496//2495 2497//2496
f 2498//2497 2499//2498 2500//2499 2501//2500
f 1140//1140 2498//2497 2501//2500 1141//1141
f 1060//1060 2502//2501 2498//2497 1140//1140
f 2499//2498 2498//2497 2502//2501 2503//2502
f 287//287 286//286 2504//2503 2505//2504
f 2506//2505 2504//2503 286//286 196//196
f 2507//2506 2508//2507 2504//2503 2506//2505
f 2505//2504 2504//2503 2508//2507 2509//2508
f 2510//2509 2511//2510 2512//2511 2513//2512
f 2418//2418 2512//2511 2511//2510 2419//2419
f 1982//1982 1981//1981 2512//2511 2418//2418
f 2513//2512 2512//2511 1981//1981 1467//1467
f 1669//1669 2514//2513 2515//2514 1668//1668
f 2516//2515 2515//2514 2514//2513 2517//2516
f 2518//2517 2519//2518 2515//2514 2516//2515
f 1668//1668 2515//2514 2519//2518 1670//1670
f 2518//2517 2520//2519 2521//2520 2519//2518
f 2522//2521 2521//2520 2520//2519 2523//2522
f 1983//1983 1994//1994 2521//2520 2522//2521
f 2519//2518 2521//2520 1994//1994 1670//1670
f 1988//1988 1984//1984 2524//2523 2525//2524
f 2522//2521 2524//2523 1984//1984 1983//1983
f 2523//2522 2526//2525 2524//2523 2522//2521
f 2525//2524 2524//2523 2526//2525 2527//2526
f 2527//2526 2528//2527 2529//2528 2525//2524
f 2530//2529 2529//2528 2528//2527 2531//2530
f 2335//2335 2334//2334 2529//2528 2530//2529
f 2525//2524 2529//2528 2334//2334 1988//1988
f 2532//2531 2533//2532 2534//2533 2535//2534
f 2536//2535 2534//2533 2533//2532 2537//2536
f 1967//1967 1970//1970 2534//2533 2536//2535
f 2535//2534 2534//2533 1970//1970 1885//1885
f 2538//2537 2539//2538 2540//2539 2541//2540
f 1895//1895 2540//2539 2539//2538 1892//1892
f 1900//1900 2542//2541 2540//2539 1895//1895
f 2541//2540 2540//2539 2542//2541 2543//2542
f 1135//1135 1133//1133 2544//2543 2545//2544
f 1939//1939 2544//2543 1133//1133 1134//1134
f 1892//1892 2539//2538 2544//2543 1939//1939
f 2545//2544 2544//2543 2539//2538 2538//2537
f 2546//2545 2547//2546 2548//2547 2549//2548
f 2319//2319 2548//2547 2547//2546 2320//2320
f 2317//2317 2550//2549 2548//2547 2319//2319
f 2549//2548 2548//2547 2550//2549 2551//2550
f 2551//2550 2550//2549 2552//2551 2553//2552
f 2316//2316 2552//2551 2550//2549 2317//2317
f 1444//1444 1452//1452 2552//2551 2316//2316
f 2553//2552 2552//2551 1452//1452 1451//1451
f 2554//2553 2555//2554 2556//2555 2557//2556
f 1963//1963 2556//2555 2555//2554 1906//1906
f 2536//2535 2556//2555 1963//1963 1967//1967
f 2537//2536 2557//2556 2556//2555 2536//2535
f 2543//2542 2542//2541 2558//2557 2559//2558
f 1905//1905 2558//2557 2542//2541 1900//1900
f 1906//1906 2555//2554 2558//2557 1905//1905
f 2559//2558 2558//2557 2555//2554 2554//2553
f 69//69 68//68 2560//2559 2561//2560
f 54//54 2560//2559 68//68 58//58
f 53//53 2562//2561 2560//2559 54//54
f 2561//2560 2560//2559 2562//2561 2563//2562
f 2479//2478 2478//2477 2564//2563 2565//2564
f 2564//2563 2478//2477 161//161 159//159
f 2566//2565 2564//2563 159//159 158//158
f 2565//2564 2564//2563 2566//2565 2567//2566
f 2568//2567 2569//2568 2570//2569 2571//2570
f 2572//2571 2573//2572 2569//2568 2568//2567
f 2574//2573 2569//2568 2573//2572 2567//2566
f 2569//2568 2574//2573 2575//2574 2570//2569
f 2576//2575 2577//2576 2578//2577 2579//2578
f 2565//2564 2578//2577 2577//2576 2479//2478
f 2567//2566 2573//2572 2578//2577 2565//2564
f 2579//2578 2578//2577 2573//2572 2572//2571
f 2572//2571 2580//2579 2581//2580 2579//2578
f 124//124 2581//2580 2580//2579 35//35
f 123//123 2582//2581 2581//2580 124//124
f 2579//2578 2581//2580 2582//2581 2576//2575
f 2575//2574 2574//2573 2583//2582 2584//2583
f 2567//2566 2566//2565 2583//2582 2574//2573
f 158//158 1780//1780 2583//2582 2566//2565
f 2583//2582 1780//1780 1779//1779 2584//2583
f 26//26 36//36 2585//2584 2586//2585
f 2580//2579 2585//2584 36//36 35//35
f 2568//2567 2585//2584 2580//2579 2572//2571
f 2571//2570 2586//2585 2585//2584 2568//2567
f 2587//2586 2588//2587 2589//2588 2590//2589
f 31//31 27//27 2587//2586 2590//2589
f 2586//2585 2587//2586 27//27 26//26
f 2588//2587 2587//2586 2586//2585 2571//2570
f 2591//2590 2592//2591 2593//2592 2594//2593
f 2595//2594 2593//2592 2592//2591 2596//2595
f 2597//2596 2598//2597 2599//2598 2600//2599
f 1769//1769 2599//2598 2598//2597 1773//1773
f 2599//2598 1769//1769 1768//1768 2601//2600
f 2600//2599 2599//2598 2601//2600 2602//2601
f 2603//2602 2604//2603 2605//2604 2606//2605
f 2600//2599 2605//2604 2604//2603 2597//2596
f 2602//2601 2607//2606 2605//2604 2600//2599
f 2606//2605 2605//2604 2607//2606 2608//2607
f 2608//2607 2609//2608 2610//2609 2606//2605
f 2561//2560 2610//2609 2609//2608 69//69
f 2563//2562 2611//2610 2610//2609 2561//2560
f 2606//2605 2610//2609 2611//2610 2603//2602
f 2608//2607 2607//2606 2612//2611 2613//2612
f 2614//2613 2612//2611 2607//2606 2602//2601
f 2615//2614 2616//2615 2612//2611 2614//2613
f 2613//2612 2612//2611 2616//2615 2617//2616
f 2617//2616 2618//2617 2619//2618 2613//2612
f 65//65 2619//2618 2618//2617 62//62
f 69//69 2609//2608 2619//2618 65//65
f 2613//2612 2619//2618 2609//2608 2608//2607
f 176//176 2620//2619 1808//1808 177//177
f 176//176 175//175 2621//2620
f 2615//2614 2622//2621 2620//2619 2621//2620
f 1809//1809 1808//1808 2620//2619 2622//2621
f 2615//2614 2621//2620 2623//2622 2616//2615
f 2623//2622 2621//2620 175//175 2624//2623
f 2623//2622 2624//2623 2625//2624
f 2616//2615 2623//2622 2626//2625 2617//2616
f 2602//2601 2601//2600 2627//2626 2614//2613
f 1768//1768 1810//1810 2627//2626 2601//2600
f 2622//2621 2627//2626 1810//1810 1809//1809
f 2614//2613 2627//2626 2622//2621 2615//2614
f 2497//2496 2496//2495 2628//2627 2629//2628
f 1915//1915 2628//2627 2496//2495 1916//1916
f 1075//1075 2630//2629 2628//2627 1915//1915
f 2629//2628 2628//2627 2630//2629 2631//2630
f 2487//2486 2632//2631 2633//2632 2484//2483
f 62//62 2618//2617 2632//2631 2487//2486
f 2632//2631 2618//2617 2617//2616 2626//2625
f 2633//2632 2632//2631 2626//2625 2625//2624
f 1078//1078 2634//2633 2630//2629 1075//1075
f 253//253 2635//2634 2634//2633 1078//1078
f 2636//2635 2637//2636 2634//2633 2635//2634
f 2630//2629 2634//2633 2637//2636 2631//2630
f 2631//2630 2637//2636 2638//2637 2639//2638
f 2640//2639 2638//2637 2637//2636 2636//2635
f 2641//2640 2642//2641 2638//2637 2640//2639
f 2639//2638 2638//2637 2642//2641 2643//2642
f 2502//2501 2644//2643 2645//2644 2503//2502
f 1059//1059 2644//2643 2502//2501 1060//1060
f 1055//1055 2646//2645 2644//2643 1059//1059
f 2644//2643 2646//2645 2647//2646 2645//2644
f 223//223 1082//1082 2648//2647 2649//2648
f 2650//2649 2648//2647 1082//1082 1081//1081
f 2643//2642 2642//2641 2648//2647 2650//2649
f 2649//2648 2648//2647 2642//2641 2641//2640
f 2647//2646 2646//2645 2651//2650 2652//2651
f 1054//1054 2651//2650 2646//2645 1055//1055
f 250//250 2653//2652 2651//2650 1054//1054
f 2652//2651 2651//2650 2653//2652 2654//2653
f 2647//2646 2652//2651 2655//2654 2656//2655
f 2657//2656 2655//2654 2652//2651 2654//2653
f 2658//2657 2659//2658 2655//2654 2657//2656
f 2656//2655 2655//2654 2659//2658 2660//2659
f 241//241 1064//1064 2661//2660 2662//2661
f 2663//2662 2661//2660 1064//1064 1068//1068
f 2660//2659 2659//2658 2661//2660 2663//2662
f 2662//2661 2661//2660 2659//2658 2658//2657
f 2636//2635 2635//2634 2664//2663 2665//2664
f 256//256 2664//2663 2635//2634 253//253
f 261//261 2666//2665 2664//2663 256//256
f 2664//2663 2666//2665 2667//2666 2665//2664
f 2668//2667 2669//2668 2641//2640 2640//2639
f 2668//2667 2640//2639 2636//2635 2665//2664
f 2670//2669 2668//2667 2665//2664 2667//2666
f 2671//2670 2669//2668 2668//2667 2670//2669
f 2672//2671 2673//2672 2669//2668 2671//2670
f 2673//2672 2672//2671 225//225 224//224
f 2649//2648 2673//2672 224//224 223//223
f 2641//2640 2669//2668 2673//2672 2649//2648
f 248//248 2674//2673 2653//2652 250//250
f 2675//2674 2674//2673 248//248 249//249
f 2676//2675 2677//2676 2674//2673 2675//2674
f 2653//2652 2674//2673 2677//2676 2654//2653
f 2678//2677 2679//2678 2680//2679 2681//2680
f 2657//2656 2680//2679 2679//2678 2658//2657
f 2654//2653 2677//2676 2680//2679 2657//2656
f 2681//2680 2680//2679 2677//2676 2676//2675
f 1841//1841 1945//1945 2682//2681 2683//2682
f 2488//2487 2682//2681 1945//1945 1944//1944
f 2491//2490 2684//2683 2682//2681 2488//2487
f 2683//2682 2682//2681 2684//2683 2685//2684
f 243//243 242//242 2686//2685 2687//2686
f 2662//2661 2686//2685 242//242 241//241
f 2658//2657 2679//2678 2686//2685 2662//2661
f 2687//2686 2686//2685 2679//2678 2678//2677
f 1124//1124 1842//1842 2688//2687 2689//2688
f 2683//2682 2688//2687 1842//1842 1841//1841
f 2685//2684 2690//2689 2688//2687 2683//2682
f 2690//2689 2691//2690 2689//2688
f 2692//2691 2693//2692 2694//2693 2695//2694
f 2696//2695 2694//2693 2693//2692 2697//2696
f 2694//2693 2696//2695 2691//2690
f 2695//2694 2694//2693 2690//2689 2685//2684
f 196//196 199//199 2698//2697 2506//2505
f 193//193 2699//2698 2698//2697 199//199
f 2700//2699 2701//2700 2698//2697 2699//2698
f 2506//2505 2698//2697 2701//2700 2507//2506
f 2702//2701 2703//2702 2693//2692 2692//2691
f 1247//1247 2703//2702 2702//2701 1248//1248
f 1119//1119 2704//2703 2703//2702 1247//1247
f 2703//2702 2704//2703 2697//2696
f 2576//2575 2582//2581 2705//2704 2706//2705
f 2705//2704 2582//2581 123//123 2707//2706
f 2708//2707 2705//2704 2707//2706 2709//2708
f 2706//2705 2705//2704 2708//2707 2710//2709
f 2700//2699 2699//2698 2711//2710 2712//2711
f 192//192 2711//2710 2699//2698 193//193
f 2711//2710 192//192 151//151
f 2712//2711 2711//2710 2485//2484 2484//2483
f 2710//2709 2713//2712 2714//2713 2706//2705
f 2713//2712 2476//2475 2475//2474
f 2479//2478 2577//2576 2714//2713 2475//2474
f 2706//2705 2714//2713 2577//2576 2576//2575
f 115//115 120//120 2715//2714 2716//2715
f 319//319 2715//2714 120//120 119//119
f 320//320 2717//2716 2715//2714 319//319
f 2716//2715 2715//2714 2717//2716 2709//2708
f 2709//2708 2717//2716 2718//2717 2708//2707
f 2719//2718 2718//2717 2717//2716 320//320
f 2720//2719 2718//2717 2719//2718 2721//2720
f 2710//2709 2708//2707 2718//2717 2720//2719
f 111//111 116//116 2722//2721 122//122
f 2716//2715 2722//2721 116//116 115//115
f 2722//2721 2716//2715 2709//2708
f 122//122 2722//2721 2707//2706 123//123
f 2723//2722 2724//2723 2725//2724 2726//2725
f 2670//2669 2725//2724 2724//2723 2671//2670
f 2667//2666 2727//2726 2725//2724 2670//2669
f 2726//2725 2725//2724 2727//2726 2728//2727
f 2721//2720 2729//2728 2730//2729 2720//2719
f 2481//2480 2730//2729 2729//2728 2482//2481
f 2730//2729 2481//2480 2476//2475
f 2713//2712 2710//2709 2720//2719
f 315//315 321//321 2731//2730 2732//2731
f 2672//2671 2731//2730 321//321 225//225
f 2671//2670 2724//2723 2731//2730 2672//2671
f 2732//2731 2731//2730 2724//2723 2723//2722
f 1870//1870 1871//1871 2733//2732 2734//2733
f 2483//2482 2733//2732 1871//1871 280//280
f 2482//2481 2735//2734 2733//2732 2483//2482
f 2734//2733 2733//2732 2735//2734 2728//2727
f 2728//2727 2735//2734 2736//2735 2726//2725
f 2735//2734 2482//2481 2729//2728
f 2736//2735 2729//2728 2721//2720
f 2726//2725 2736//2735 2737//2736 2723//2722
f 261//261 1866//1866 2738//2737 2666//2665
f 1866//1866 1870//1870 2734//2733
f 2728//2727 2727//2726 2738//2737 2734//2733
f 2666//2665 2738//2737 2727//2726 2667//2666
f 320//320 316//316 2739//2738 2719//2718
f 2732//2731 2739//2738 316//316 315//315
f 2723//2722 2737//2736 2739//2738 2732//2731
f 2719//2718 2739//2738 2737//2736 2721//2720
f 287//287 2505//2504 2740//2739 343//343
f 2509//2508 2741//2740 2740//2739 2505//2504
f 2740//2739 2741//2740 2742//2741 2743//2742
f 343//343 2740//2739 2743//2742 293//293
f 2675//2674 2744//2743 2745//2744 2676//2675
f 292//292 2744//2743 2675//2674 249//249
f 293//293 2743//2742 2744//2743 292//292
f 2742//2741 2745//2744 2744//2743 2743//2742
f 2746//2745 2747//2746 2748//2747 2749//2748
f 2750//2749 2748//2747 2747//2746 2751//2750
f 2510//2509 2752//2751 2748//2747 2750//2749
f 2749//2748 2748//2747 2752//2751 2753//2752
f 2754//2753 2755//2754 2756//2755 2757//2756
f 2755//2754 1334//1334 1337//1337
f 1339//1339 2758//2757 2756//2755 1337//1337
f 2757//2756 2756//2755 2758//2757 2746//2745
f 1355//1355 1351//1351 2759//2758 2760//2759
f 2761//2760 2759//2758 1351//1351 1350//1350
f 2762//2761 2763//2762 2759//2758 2761//2760
f 2760//2759 2759//2758 2763//2762 2753//2752
f 2764//2763 2765//2764 2763//2762 2762//2761
f 2757//2756 2765//2764 2764//2763 2754//2753
f 2746//2745 2749//2748 2765//2764 2757//2756
f 2753//2752 2763//2762 2765//2764 2749//2748
f 1467//1467 1466//1466 2766//2765 2513//2512
f 2760//2759 2766//2765 1466//1466 1355//1355
f 2753//2752 2752//2751 2766//2765 2760//2759
f 2513//2512 2766//2765 2752//2751 2510//2509
f 1472//1472 2767//2766 2758//2757 1339//1339
f 1472//1472 1473//1473 2768//2767
f 2751//2750 2747//2746 2767//2766 2768//2767
f 2758//2757 2767//2766 2747//2746 2746//2745
f 2769//2768 2770//2769 1880//1880
f 1453//1453 2771//2770 2769//2768 1889//1889
f 2772//2771 2773//2772 2769//2768 2771//2770
f 2770//2769 2769//2768 2773//2772 2774//2773
f 1885//1885 1881//1881 2775//2774 2535//2534
f 2770//2769 2775//2774 1881//1881 1880//1880
f 2774//2773 2776//2775 2775//2774 2770//2769
f 2535//2534 2775//2774 2776//2775 2532//2531
f 2777//2776 2778//2777 2779//2778 2780//2779
f 2781//2780 2779//2778 2778//2777 2782//2781
f 1383//1383 1380//1380 2779//2778 2781//2780
f 2780//2779 2779//2778 1380//1380 1149//1149
f 1145//1145 2783//2782 2784//2783 1146//1146
f 2785//2784 2784//2783 2783//2782 2786//2785
f 2777//2776 2780//2779 2784//2783 2785//2784
f 1146//1146 2784//2783 2780//2779 1149//1149
f 2787//2786 2788//2787 2789//2788 2790//2789
f 2788//2787 2538//2537 2541//2540
f 2543//2542 2791//2790 2789//2788 2541//2540
f 2790//2789 2789//2788 2791//2790 2792//2791
f 2792//2791 2793//2792 2794//2793 2795//2794
f 2796//2795 2794//2793 2793//2792 2797//2796
f 2782//2781 2778//2777 2794//2793 2796//2795
f 2795//2794 2794//2793 2778//2777 2777//2776
f 2798//2797 2785//2784 2786//2785
f 2799//2798 2787//2786 2790//2789
f 2792//2791 2795//2794 2798//2797 2790//2789
f 2785//2784 2798//2797 2795//2794 2777//2776
f 2800//2799 2801//2800 2802//2801 2803//2802
f 1066//1066 2802//2801 2801//2800 1068//1068
f 1067//1067 1824//1824 2802//2801 1066//1066
f 2803//2802 2802//2801 1824//1824 1705//1705
f 2559//2558 2804//2803 2791//2790 2543//2542
f 2804//2803 2559//2558 2554//2553 2805//2804
f 2797//2796 2793//2792 2804//2803 2805//2804
f 2791//2790 2804//2803 2793//2792 2792//2791
f 2503//2502 2645//2644 2806//2805 2807//2806
f 2656//2655 2806//2805 2645//2644 2647//2646
f 2660//2659 2808//2807 2806//2805 2656//2655
f 2807//2806 2806//2805 2808//2807 2809//2808
f 1705//1705 1703//1703 2810//2809 2803//2802
f 1132//1132 2810//2809 1703//1703 1129//1129
f 2810//2809 1132//1132 1137//1137
f 2803//2802 2810//2809 2811//2810 2800//2799
f 2800//2799 2811//2810 2812//2811 2813//2812
f 2814//2813 2812//2811 2811//2810 1137//1137
f 2815//2814 2816//2815 2812//2811 2814//2813
f 2813//2812 2812//2811 2816//2815 2809//2808
f 2809//2808 2808//2807 2817//2816 2813//2812
f 2663//2662 2817//2816 2808//2807 2660//2659
f 1068//1068 2801//2800 2817//2816 2663//2662
f 2813//2812 2817//2816 2801//2800 2800//2799
f 2818//2817 2819//2818 2820//2819 2821//2820
f 1084//1084 2820//2819 2819//2818 1081//1081
f 1086//1086 1094//1094 2820//2819 1084//1084
f 2821//2820 2820//2819 1094//1094 1093//1093
f 2500//2499 2499//2498 2822//2821 2823//2822
f 2807//2806 2822//2821 2499//2498 2503//2502
f 2809//2808 2816//2815 2822//2821 2807//2806
f 2816//2815 2815//2814 2823//2822
f 2497//2496 2629//2628 2824//2823 2825//2824
f 2639//2638 2824//2823 2629//2628 2631//2630
f 2643//2642 2826//2825 2824//2823 2639//2638
f 2825//2824 2824//2823 2826//2825 2827//2826
f 1093//1093 1250//1250 2828//2827 2821//2820
f 2829//2828 2828//2827 1250//1250 1249//1249
f 2830//2829 2831//2830 2828//2827 2829//2828
f 2821//2820 2828//2827 2831//2830 2818//2817
f 2832//2831 2833//2832 2831//2830 2830//2829
f 2834//2833 2833//2832 2832//2831 2835//2834
f 2836//2835 2833//2832 2834//2833 2827//2826
f 2818//2817 2831//2830 2833//2832 2836//2835
f 2827//2826 2826//2825 2837//2836 2836//2835
f 2650//2649 2837//2836 2826//2825 2643//2642
f 1081//1081 2819//2818 2837//2836 2650//2649
f 2836//2835 2837//2836 2819//2818 2818//2817
f 2838//2837 2839//2838 2840//2839 2841//2840
f 2842//2841 2843//2842 2840//2839 2839//2838
f 2844//2843 2845//2844 2840//2839 2843//2842
f 2841//2840 2840//2839 2845//2844 2846//2845
f 2835//2834 2847//2846 2848//2847 2834//2833
f 2847//2846 2493//2492 2495//2494
f 2497//2496 2825//2824 2848//2847 2495//2494
f 2834//2833 2848//2847 2825//2824 2827//2826
f 1114//1114 1342//1342 2849//2848 2850//2849
f 1343//1343 2851//2850 2849//2848 1342//1342
f 2839//2838 2849//2848 2851//2850 2842//2841
f 2850//2849 2849//2848 2839//2838 2838//2837
f 1127//1127 1125//1125 2852//2851 2853//2852
f 2689//2688 2852//2851 1125//1125 1124//1124
f 2691//2690 2854//2853 2852//2851 2689//2688
f 2853//2852 2852//2851 2854//2853 2846//2845
f 2846//2845 2854//2853 2855//2854 2841//2840
f 2696//2695 2855//2854 2854//2853 2691//2690
f 2697//2696 2856//2855 2855//2854 2696//2695
f 2841//2840 2855//2854 2856//2855 2838//2837
f 2846//2845 2845//2844 2857//2856 2853//2852
f 2858//2857 2857//2856 2845//2844 2844//2843
f 1762//1762 1759//1759 2857//2856 2858//2857
f 2853//2852 2857//2856 1759//1759 1127//1127
f 2786//2785 2783//2782 2859//2858 2860//2859
f 1161//1161 2859//2858 2783//2782 1145//1145
f 1156//1156 2861//2860 2859//2858 1161//1161
f 2860//2859 2859//2858 2861//2860 2862//2861
f 1115//1115 2863//2862 2704//2703 1119//1119
f 2850//2849 2863//2862 1115//1115 1114//1114
f 2838//2837 2856//2855 2863//2862 2850//2849
f 2704//2703 2863//2862 2856//2855 2697//2696
f 1137//1137 1136//1136 2864//2863 2814//2813
f 2865//2864 2864//2863 1136//1136 1135//1135
f 2866//2865 2867//2866 2864//2863 2865//2864
f 2814//2813 2864//2863 2867//2866 2815//2814
f 1155//1155 2868//2867 2861//2860 1156//1156
f 1141//1141 2501//2500 2868//2867 1155//1155
f 2500//2499 2869//2868 2868//2867 2501//2500
f 2868//2867 2869//2868 2862//2861 2861//2860
f 2862//2861 2869//2868 2870//2869 2871//2870
f 2823//2822 2870//2869 2869//2868 2500//2499
f 2815//2814 2867//2866 2870//2869 2823//2822
f 2871//2870 2870//2869 2867//2866 2866//2865
f 2787//2786 2799//2798 2872//2871 2873//2872
f 2860//2859 2872//2871 2799//2798 2786//2785
f 2862//2861 2871//2870 2872//2871 2860//2859
f 2872//2871 2871//2870 2866//2865
f 2874//2873 1269//1269 1243//1243
f 2875//2874 2874//2873 1246//1246 1248//1248
f 2876//2875 2874//2873 2875//2874 2877//2876
f 2876//2875 1270//1270 1269//1269
f 2865//2864 2878//2877 2873//2872 2866//2865
f 1135//1135 2545//2544 2878//2877 2865//2864
f 2878//2877 2545//2544 2538//2537
f 2873//2872 2878//2877 2788//2787 2787//2786
f 2685//2684 2684//2683 2879//2878 2695//2694
f 2880//2879 2879//2878 2684//2683 2491//2490
f 2881//2880 2882//2881 2879//2878 2880//2879
f 2695//2694 2879//2878 2882//2881 2692//2691
f 2877//2876 2883//2882 2884//2883 2876//2875
f 2883//2882 2830//2829 2829//2828
f 2884//2883 2829//2828 1249//1249
f 2876//2875 2884//2883 1283//1283 1270//1270
f 2881//2880 2885//2884 2886//2885 2887//2886
f 2832//2831 2886//2885 2885//2884 2835//2834
f 2886//2885 2832//2831 2830//2829
f 2887//2886 2886//2885 2883//2882 2877//2876
f 2877//2876 2875//2874 2888//2887 2887//2886
f 2702//2701 2888//2887 2875//2874 1248//1248
f 2692//2691 2882//2881 2888//2887 2702//2701
f 2887//2886 2888//2887 2882//2881 2881//2880
f 2889//2888 2890//2889 2754//2753 2764//2763
f 2762//2761 2891//2890 2889//2888 2764//2763
f 2892//2891 2893//2892 2889//2888 2891//2890
f 2890//2889 2889//2888 2893//2892 2894//2893
f 2491//2490 2490//2489 2895//2894 2880//2879
f 2847//2846 2895//2894 2490//2489 2493//2492
f 2835//2834 2885//2884 2895//2894 2847//2846
f 2880//2879 2895//2894 2885//2884 2881//2880
f 1349//1349 2896//2895 2897//2896 1347//1347
f 2896//2895 1349//1349 1334//1334 2755//2754
f 2890//2889 2896//2895 2755//2754 2754//2753
f 2894//2893 2897//2896 2896//2895 2890//2889
f 2898//2897 2899//2898 1364//1364 1765//1765
f 2858//2857 2898//2897 1765//1765 1762//1762
f 2844//2843 2900//2899 2898//2897 2858//2857
f 2892//2891 2899//2898 2898//2897 2900//2899
f 2844//2843 2843//2842 2901//2900 2900//2899
f 2902//2901 2901//2900 2843//2842 2842//2841
f 2894//2893 2893//2892 2901//2900 2902//2901
f 2900//2899 2901//2900 2893//2892 2892//2891
f 2761//2760 2903//2902 2891//2890 2762//2761
f 1360//1360 2903//2902 2761//2760 1350//1350
f 1364//1364 2899//2898 2903//2902 1360//1360
f 2891//2890 2903//2902 2899//2898 2892//2891
f 2904//2903 2905//2904 2906//2905 2907//2906
f 1366//1366 2906//2905 2905//2904 1367//1367
f 1373//1373 1387//1387 2906//2905 1366//1366
f 2907//2906 2906//2905 1387//1387 1386//1386
f 1386//1386 1394//1394 2908//2907 2907//2906
f 2781//2780 2908//2907 1394//1394 1383//1383
f 2782//2781 2909//2908 2908//2907 2781//2780
f 2907//2906 2908//2907 2909//2908 2904//2903
f 2842//2841 2851//2850 2910//2909 2902//2901
f 1345//1345 2910//2909 2851//2850 1343//1343
f 1347//1347 2897//2896 2910//2909 1345//1345
f 2902//2901 2910//2909 2897//2896 2894//2893
f 2554//2553 2557//2556 2911//2910 2805//2804
f 2912//2911 2911//2910 2557//2556 2537//2536
f 2913//2912 2914//2913 2911//2910 2912//2911
f 2805//2804 2911//2910 2914//2913 2797//2796
f 2913//2912 2915//2914 2916//2915 2917//2916
f 2918//2917 2916//2915 2915//2914 2919//2918
f 1367//1367 2905//2904 2916//2915 2918//2917
f 2917//2916 2916//2915 2905//2904 2904//2903
f 2904//2903 2909//2908 2920//2919 2917//2916
f 2796//2795 2920//2919 2909//2908 2782//2781
f 2797//2796 2914//2913 2920//2919 2796//2795
f 2917//2916 2920//2919 2914//2913 2913//2912
f 2921//2920 2922//2921 2923//2922 2924//2923
f 2925//2924 2923//2922 2922//2921 2926//2925
f 2927//2926 2928//2927 2923//2922 2925//2924
f 2924//2923 2923//2922 2928//2927 2929//2928
f 2537//2536 2533//2532 2930//2929 2912//2911
f 2931//2930 2930//2929 2533//2532 2532//2531
f 2919//2918 2915//2914 2930//2929 2931//2930
f 2912//2911 2930//2929 2915//2914 2913//2912
f 2926//2925 2932//2931 2933//2932 2925//2924
f 2553//2552 2933//2932 2932//2931 2551//2550
f 1451//1451 2934//2933 2933//2932 2553//2552
f 2925//2924 2933//2932 2934//2933 2927//2926
f 2772//2771 2771//2770 2935//2934 2936//2935
f 1456//1456 2935//2934 2771//2770 1453//1453
f 1461//1461 2937//2936 2935//2934 1456//1456
f 2936//2935 2935//2934 2937//2936 2929//2928
f 2329//2329 2938//2937 2939//2938 2328//2328
f 2924//2923 2939//2938 2938//2937 2921//2920
f 2929//2928 2937//2936 2939//2938 2924//2923
f 2328//2328 2939//2938 2937//2936 1461//1461
f 1473//1473 1469//1469 2940//2939 2941//2940
f 1469//1469 1468//1468 1491//1491
f 1490//1490 2942//2941 2940//2939 1491//1491
f 2941//2940 2940//2939 2942//2941 2943//2942
f 2944//2943 2945//2944 2946//2945 2947//2946
f 2417//2417 2946//2945 2945//2944 2414//2414
f 2419//2419 2948//2947 2946//2945 2417//2417
f 2947//2946 2946//2945 2948//2947 2949//2948
f 2950//2949 2951//2950 2751//2750 2768//2767
f 2768//2767 1473//1473 2941//2940
f 2943//2942 2952//2951 2950//2949 2941//2940
f 2951//2950 2950//2949 2952//2951 2949//2948
f 2435//2435 2953//2952 2954//2953 2438//2438
f 2955//2954 2954//2953 2953//2952 2956//2955
f 2943//2942 2942//2941 2954//2953 2955//2954
f 2438//2438 2954//2953 2942//2941 1490//1490
f 2956//2955 2957//2956 2958//2957 2955//2954
f 2947//2946 2958//2957 2957//2956 2944//2943
f 2949//2948 2952//2951 2958//2957 2947//2946
f 2955//2954 2958//2957 2952//2951 2943//2942
f 2419//2419 2511//2510 2959//2958 2948//2947
f 2511//2510 2510//2509 2750//2749
f 2959//2958 2750//2749 2751//2750
f 2949//2948 2948//2947 2959//2958 2951//2950
f 2960//2959 2961//2960 2962//2961 2963//2962
f 2401//2401 2962//2961 2961//2960 1684//1684
f 2403//2403 2964//2963 2962//2961 2401//2401
f 2963//2962 2962//2961 2964//2963 2965//2964
f 2966//2965 2967//2966 2968//2967 2969//2968
f 2963//2962 2968//2967 2967//2966 2960//2959
f 2968//2967 2963//2962 2965//2964
f 2969//2968 2968//2967 2970//2969 2971//2970
f 2965//2964 2964//2963 2972//2971 2973//2972
f 2413//2413 2972//2971 2964//2963 2403//2403
f 2410//2410 2423//2423 2972//2971 2413//2413
f 2973//2972 2972//2971 2423//2423 2422//2422
f 2974//2973 2975//2974 2976//2975 2977//2976
f 2978//2977 2976//2975 2975//2974 2979//2978
f 2976//2975 2978//2977 1555//1555
f 2313//2313 2977//2976 2976//2975 2310//2310
f 2971//2970 2980//2979 2981//2980 2969//2968
f 2980//2979 2427//2427 2426//2426
f 1656//1656 2982//2981 2981//2980 2426//2426
f 2969//2968 2981//2980 2982//2981 2966//2965
f 2983//2982 2984//2983 2985//2984 2986//2985
f 2987//2986 2985//2984 2984//2983 2988//2987
f 2979//2978 2975//2974 2985//2984 2987//2986
f 2986//2985 2985//2984 2975//2974 2974//2973
f 2977//2976 2989//2988 2990//2989 2974//2973
f 2322//2322 2989//2988 2977//2976 2313//2313
f 2547//2546 2989//2988 2322//2322 2320//2320
f 2990//2989 2989//2988 2547//2546 2546//2545
f 2991//2990 2992//2991 2993//2992 2994//2993
f 1652//1652 2993//2992 2992//2991 1653//1653
f 1560//1560 2993//2992 1652//1652 1561//1561
f 2994//2993 2993//2992 1560//1560 1557//1557
f 1557//1557 1556//1556 2995//2994 2994//2993
f 1556//1556 1555//1555 2978//2977
f 2995//2994 2978//2977 2979//2978
f 2996//2995 2991//2990 2994//2993
f 2997//2996 2998//2997 2984//2983 2983//2982
f 2531//2530 2528//2527 2998//2997 2997//2996
f 2528//2527 2527//2526 2999//2998
f 2988//2987 2984//2983 2998//2997 2999//2998
f 3000//2999 3001//3000 3002//3001 3003//3002
f 3004//3003 3002//3001 3001//3000 2517//2516
f 3005//3004 3006//3005 3002//3001 3004//3003
f 3003//3002 3002//3001 3006//3005 3007//3006
f 3007//3006 3008//3007 3009//3008 3003//3002
f 1663//1663 3009//3008 3008//3007 1661//1661
f 1655//1655 3010//3009 3009//3008 1663//1663
f 3003//3002 3009//3008 3010//3009 3000//2999
f 1684//1684 2961//2960 3011//3010 1683//1683
f 2961//2960 2960//2959 3012//3011
f 3005//3004 3013//3012 3011//3010 3012//3011
f 1683//1683 3011//3010 3013//3012 1676//1676
f 2960//2959 2967//2966 3014//3013 3012//3011
f 3015//3014 3014//3013 2967//2966 2966//2965
f 3007//3006 3006//3005 3014//3013 3015//3014
f 3012//3011 3014//3013 3006//3005 3005//3004
f 3016//3015 3013//3012 3005//3004 3004//3003
f 2517//2516 2514//2513 3016//3015 3004//3003
f 1669//1669 1673//1673 3016//3015 2514//2513
f 3013//3012 3016//3015 1673//1673 1676//1676
f 3017//3016 3018//3017 3019//3018 3020//3019
f 2997//2996 3018//3017 3017//3016 2531//2530
f 2983//2982 3021//3020 3018//3017 2997//2996
f 3022//3021 3019//3018 3018//3017 3021//3020
f 2966//2965 2982//2981 3023//3022 3015//3014
f 1659//1659 3023//3022 2982//2981 1656//1656
f 1661//1661 3008//3007 3023//3022 1659//1659
f 3015//3014 3023//3022 3008//3007 3007//3006
f 2986//2985 3024//3023 3021//3020 2983//2982
f 2974//2973 2990//2989 3024//3023 2986//2985
f 2546//2545 3025//3024 3024//3023 2990//2989
f 3021//3020 3024//3023 3025//3024 3022//3021
f 2921//2920 2938//2937 3026//3025 3027//3026
f 2337//2337 3026//3025 2938//2937 2329//2329
f 2341//2341 3028//3027 3026//3025 2337//2337
f 3027//3026 3026//3025 3028//3027 3020//3019
f 2926//2925 2922//2921 3029//3028 3030//3029
f 3027//3026 3029//3028 2922//2921 2921//2920
f 3020//3019 3019//3018 3029//3028 3027//3026
f 3030//3029 3029//3028 3019//3018 3022//3021
f 2335//2335 2530//2529 3031//3030 2344//2344
f 3031//3030 2530//2529 2531//2530 3017//3016
f 3020//3019 3028//3027 3031//3030 3017//3016
f 2344//2344 3031//3030 3028//3027 2341//2341
f 2427//2427 2980//2979 3032//3031 3033//3032
f 3034//3033 3032//3031 2980//2979 2971//2970
f 3035//3034 3036//3035 3032//3031 3034//3033
f 3033//3032 3032//3031 3036//3035 3037//3036
f 3022//3021 3025//3024 3038//3037 3030//3029
f 2549//2548 3038//3037 3025//3024 2546//2545
f 2551//2550 2932//2931 3038//3037 2549//2548
f 3030//3029 3038//3037 2932//2931 2926//2925
f 2971//2970 2970//2969 3039//3038 3034//3033
f 2973//2972 3039//3038 2970//2969 2965//2964
f 2422//2422 3040//3039 3039//3038 2973//2972
f 3034//3033 3039//3038 3040//3039 3035//3034
f 2956//2955 2953//2952 3041//3040 3042//3041
f 2433//2433 3041//3040 2953//2952 2435//2435
f 2434//2434 3043//3042 3041//3040 2433//2433
f 3042//3041 3041//3040 3043//3042 3037//3036
f 2944//2943 2957//2956 3044//3043 3045//3044
f 3042//3041 3044//3043 2957//2956 2956//2955
f 3037//3036 3036//3035 3044//3043 3042//3041
f 3045//3044 3044//3043 3036//3035 3035//3034
f 2434//2434 2430//2430 3046//3045 3043//3042
f 2428//2428 3046//3045 2430//2430 2429//2429
f 3033//3032 3046//3045 2428//2428 2427//2427
f 3037//3036 3043//3042 3046//3045 3033//3032
f 3035//3034 3040//3039 3047//3046 3045//3044
f 2421//2421 3047//3046 3040//3039 2422//2422
f 2414//2414 2945//2944 3047//3046 2421//2421
f 3045//3044 3047//3046 2945//2944 2944//2943
f 3048//3047 3049//3048 3050//3049
f 3051//3050 2448//2446 2447//2449
f 3052//3051 3053//3052 3054//3053
f 3049//3048 3052//3051 3055//3054 3050//3049
f 3056//3055 3057//3056 3053//3052
f 3058//3057 2441//2444 2445//2445
f 3060//3058 3054//3053 3053//3052
f 3058//3057 3053//3052 3057//3056
f 3061//3059 3062//3060 3063//3061 3064//3062
f 182//182 3063//3061 3062//3060 174//174
f 183//183 3065//3063 3063//3061 182//182
f 3064//3062 3063//3061 3065//3063 3066//3064
f 3066//3064 3067//3065 3068//3066 3064//3062
f 3068//3066 3067//3065 2507//2506 2701//2700
f 3069//3067 3068//3066 2701//2700 2700//2699
f 3064//3062 3068//3066 3069//3067 3061//3059
f 2625//2624 2624//2623 3070//3068 3071//3069
f 173//173 3070//3068 2624//2623 175//175
f 174//174 3062//3060 3070//3068 173//173
f 3071//3069 3070//3068 3062//3060 3061//3059
f 3072//3070 3069//3067 2700//2699 2712//2711
f 2484//2483 2633//2632 3072//3070 2712//2711
f 2633//2632 2625//2624 3071//3069
f 3061//3059 3069//3067 3072//3070 3071//3069
f 2507//2506 3067//3065 3073//3071 2508//2507
f 3074//3072 3073//3071 3067//3065 3066//3064
f 3075//3073 3076//3074 3073//3071 3074//3072
f 3076//3074 2509//2508 2508//2507
f 3077//3075 3078//3076 3079//3077 3080//3078
f 2681//2680 3079//3077 3078//3076 2678//2677
f 2676//2675 2745//2744 3079//3077 2681//2680
f 3080//3078 3079//3077 2745//2744 2742//2741
f 333//333 3081//3079 3082//3080 186//186
f 337//337 3083//3081 3081//3079 333//333
f 3077//3075 3084//3082 3081//3079 3083//3081
f 3082//3080 3081//3079 3084//3082 3075//3073
f 3066//3064 3065//3063 3085//3083 3074//3072
f 187//187 3085//3083 3065//3063 183//183
f 186//186 3082//3080 3085//3083 187//187
f 3074//3072 3085//3083 3082//3080 3075//3073
f 2742//2741 2741//2740 3086//3084 3080//3078
f 3076//3074 3086//3084 2741//2740 2509//2508
f 3086//3084 3076//3074 3075//3073
f 3080//3078 3086//3084 3084//3082 3077//3075
f 340//340 3087//3085 3083//3081 337//337
f 3087//3085 340//340 243//243 2687//2686
f 2678//2677 3078//3076 3087//3085 2687//2686
f 3083//3081 3087//3085 3078//3076 3077//3075
f 2929//2928 2928//2927 3088//3086 2936//2935
f 3089//3087 3088//3086 2928//2927 2927//2926
f 3090//3088 3088//3086 3089//3087 3091//3089
f 2772//2771 2936//2935 3088//3086 3090//3088
f 2919//2918 2931//2930 3092//3090 3093//3091
f 2532//2531 2776//2775 3092//3090 2931//2930
f 3094//3092 3092//3090 2776//2775 2774//2773
f 3095//3093 3093//3091 3092//3090 3094//3092
f 1446//1446 3096//3094 3097//3095 1447//1447
f 3098//3096 3096//3094 1446//1446 1369//1369
f 3095//3093 3099//3097 3096//3094 3098//3096
f 3097//3095 3096//3094 3099//3097 3091//3089
f 2927//2926 2934//2933 3100//3098 3089//3087
f 2934//2933 1451//1451 1450//1450
f 3100//3098 1450//1450 1447//1447
f 3091//3089 3089//3087 3100//3098 3097//3095
f 2774//2773 2773//2772 3101//3099 3094//3092
f 3090//3088 3101//3099 2773//2772 2772//2771
f 3091//3089 3099//3097 3101//3099 3090//3088
f 3094//3092 3101//3099 3099//3097 3095//3093
f 3095//3093 3098//3096 3102//3100 3093//3091
f 3102//3100 3098//3096 1369//1369 1368//1368
f 3102//3100 1368//1368 1367//1367
f 3093//3091 3102//3100 2918//2917 2919//2918
f 2517//2516 3001//3000 3103//3101 2516//2515
f 3104//3102 3103//3101 3001//3000 3000//2999
f 3105//3103 3106//3104 3103//3101 3104//3102
f 2516//2515 3103//3101 3106//3104 2518//2517
f 3000//2999 3010//3009 3107//3105 3104//3102
f 1654//1654 3107//3105 3010//3009 1655//1655
f 3108//3106 3107//3105 1654//1654 1653//1653
f 3104//3102 3107//3105 3108//3106 3105//3103
f 1653//1653 2992//2991 3109//3107 3108//3106
f 3110//3108 3109//3107 2992//2991 2991//2990
f 3111//3109 3112//3110 3109//3107 3110//3108
f 3108//3106 3109//3107 3112//3110 3105//3103
f 2523//2522 2520//2519 3113//3111 3114//3112
f 3106//3104 3113//3111 2520//2519 2518//2517
f 3105//3103 3112//3110 3113//3111 3106//3104
f 3114//3112 3113//3111 3112//3110 3111//3109
f 2527//2526 2526//2525 3115//3113 2999//2998
f 3114//3112 3115//3113 2526//2525 2523//2522
f 3111//3109 3116//3114 3115//3113 3114//3112
f 2999//2998 3115//3113 3116//3114 2988//2987
f 2991//2990 2996//2995 3117//3115 3110//3108
f 2987//2986 3117//3115 2996//2995 2979//2978
f 2988//2987 3116//3114 3117//3115 2987//2986
f 3110//3108 3117//3115 3116//3114 3111//3109
f 2374//2374 2380//2380 3118//3116 3119//3117
f 2399//2399 3118//3116 2380//2380 2379//2379
f 2388//2388 3120//3118 3118//3116 2399//2399
f 3120//3118 3121//3119 3119//3117
f 3122//3120 3123//3121 3124//3122 3125//3123
f 3121//3119 3120//3118 3124//3122 3123//3121
f 2387//2387 3124//3122 3120//3118 2388//2388
f 3125//3123 3124//3122 2387//2387 2184//2184
f 3126//3124 3127//3125 3128//3126 3129//3127
f 3125//3123 3128//3126 3127//3125 3122//3120
f 2184//2184 2183//2183 3128//3126 3125//3123
f 3129//3127 3128//3126 2183//2183 2182//2182
f 3130//3128 3131//3129 3126//3124 3129//3127
f 3130//3128 3129//3127 2182//2182 2186//2186
f 2188//2188 3132//3130 3130//3128 2186//2186
f 3131//3129 3130//3128 3132//3130 3133//3131
f 3133//3131 3132//3130 3134//3132 3135//3133
f 2190//2190 3134//3132 3132//3130 2188//2188
f 2192//2192 3136//3134 3134//3132 2190//2190
f 3135//3133 3134//3132 3136//3134 3137//3135
f 3138//3136 3139//3137 3140//3138 3141//3139
f 3136//3134 3140//3138 3139//3137 3137//3135
f 2192//2192 2196//2196 3140//3138 3136//3134
f 3141//3139 3140//3138 2196//2196 2195//2195
f 3141//3139 3142//3140 3143//3141 3138//3136
f 2195//2195 2200//2200 3142//3140 3141//3139
f 3142//3140 2200//2200 2199//2199 3144//3142
f 3143//3141 3142//3140 3144//3142 3145//3143
f 2349//2349 2354//2354 3146//3144 3147//3145
f 2364//2364 3146//3144 2354//2354 2353//2353
f 2366//2366 3148//3146 3146//3144 2364//2364
f 3147//3145 3146//3144 3148//3146 3149//3147
f 3145//3143 3144//3142 3150//3148 3151//3149
f 2350//2350 3150//3148 3144//3142 2199//2199
f 3147//3145 3150//3148 2350//2350 2349//2349
f 3151//3149 3150//3148 3147//3145 3149//3147
f 2374//2374 3119//3117 3152//3150 2372//2372
f 3119//3117 3121//3119 3153//3151
f 3152//3150 3153//3151 3149//3147
f 3148//3146 2366//2366 2372//2372
f 3154//3152 3155//3153 3156//3154 3157//3155
f 3158//3156 3159//3157 3156//3154 3155//3153
f 3159//3157 3121//3119 3123//3121
f 3157//3155 3156//3154 3123//3121 3122//3120
f 3154//3152 3157//3155 3160//3158 3161//3159
f 3122//3120 3127//3125 3160//3158 3157//3155
f 3126//3124 3162//3160 3160//3158 3127//3125
f 3161//3159 3160//3158 3162//3160 3163//3161
f 3163//3161 3162//3160 3164//3162 3165//3163
f 3131//3129 3164//3162 3162//3160 3126//3124
f 3133//3131 3166//3164 3164//3162 3131//3129
f 3165//3163 3164//3162 3166//3164 3167//3165
f 3167//3165 3166//3164 3168//3166 3169//3167
f 3135//3133 3168//3166 3166//3164 3133//3131
f 3170//3168 3168//3166 3135//3133 3137//3135
f 3168//3166 3170//3168 3171//3169 3169//3167
f 3172//3170 3173//3171 3174//3172 3175//3173
f 3170//3168 3174//3172 3173//3171 3171//3169
f 3137//3135 3139//3137 3174//3172 3170//3168
f 3175//3173 3174//3172 3139//3137 3138//3136
f 3154//3152 3161//3159 3176//3174 3177//3175
f 3176//3174 3161//3159 3163//3161 3178//3176
f 3179//3177 3180//3178 3176//3174 3178//3176
f 3177//3175 3176//3174 3180//3178 3181//3179
f 3179//3177 3178//3176 3182//3180 3183//3181
f 3165//3163 3182//3180 3178//3176 3163//3161
f 3167//3165 3184//3182 3182//3180 3165//3163
f 3185//3183 3183//3181 3182//3180 3184//3182
f 3186//3184 3187//3185 3188//3186 3189//3187
f 3175//3173 3188//3186 3187//3185 3172//3170
f 3138//3136 3143//3141 3188//3186 3175//3173
f 3189//3187 3188//3186 3143//3141 3145//3143
f 3185//3183 3184//3182 3190//3188 3191//3189
f 3169//3167 3190//3188 3184//3182 3167//3165
f 3171//3169 3192//3190 3190//3188 3169//3167
f 3193//3191 3191//3189 3190//3188 3192//3190
f 3181//3179 3180//3178 3194//3192 3195//3193
f 3183//3181 3194//3192 3180//3178 3179//3177
f 3185//3183 3191//3189 3194//3192 3183//3181
f 3195//3193 3194//3192 3191//3189 3193//3191
f 3196//3194 3197//3195 3198//3196 3199//3197
f 3195//3193 3198//3196 3197//3195 3181//3179
f 3193//3191 3200//3198 3198//3196 3195//3193
f 3199//3197 3198//3196 3200//3198 3201//3199
f 3171//3169 3173//3171 3202//3200 3192//3190
f 3203//3201 3202//3200 3173//3171 3172//3170
f 3201//3199 3200//3198 3202//3200 3203//3201
f 3192//3190 3202//3200 3200//3198 3193//3191
f 3204//3202 3205//3203 3206//3204 3207//3205
f 3153//3151 3206//3204 3205//3203 3149//3147
f 3206//3204 3153//3151 3121//3119
f 3159//3157 3158//3156 3207//3205
f 3155//3153 3208//3206 3209//3207 3158//3156
f 3177//3175 3208//3206 3155//3153 3154//3152
f 3181//3179 3197//3195 3208//3206 3177//3175
f 3209//3207 3208//3206 3197//3195 3196//3194
f 3205//3203 3204//3202 3210//3208
f 3210//3208 3186//3184 3189//3187
f 3189//3187 3145//3143 3151//3149
f 3151//3149 3149//3147 3205//3203
f 3211//3209 3212//3210 3213//3211 3214//3212
f 3210//3208 3213//3211 3212//3210 3186//3184
f 3204//3202 3215//3213 3213//3211 3210//3208
f 3214//3212 3213//3211 3215//3213 3196//3194
f 3209//3207 3196//3194 3215//3213
f 3207//3205 3216//3214 3215//3213 3204//3202
f 3158//3156 3209//3207 3216//3214 3207//3205
f 3201//3199 3217//3215 3218//3216 3199//3197
f 3214//3212 3218//3216 3217//3215 3211//3209
f 3199//3197 3218//3216 3214//3212 3196//3194
f 3172//3170 3187//3185 3219//3217 3203//3201
f 3212//3210 3219//3217 3187//3185 3186//3184
f 3211//3209 3217//3215 3219//3217 3212//3210
f 3203//3201 3219//3217 3217//3215 3201//3199
f 3220//3218 3221//3219 3222//3220 3223//3221
f 3224//3222 3221//3219 3220//3218 3225//3223
f 1//1 22//22 3221//3219 3224//3222
f 3221//3219 22//22 25//25
f 3223//3221 3222//3220 3226//3224 3227//3225
f 42//42 3226//3224 3222//3220 25//25
f 34//34 33//33 3226//3224 42//42
f 3227//3225 3226//3224 33//33 32//32
f 3231//3226 3228//3227 3230//3228 3232//3229
f 3229//3230 3228//3227 3231//3226 3233//3231
f 3231//3226 3234//3232 3235//3233 3233//3231
f 3232//3229 3236//3234 3234//3232 3231//3226
f 3237//3235 3234//3232 3236//3234 3238//3236
f 3239//3237 3235//3233 3234//3232 3237//3235
f 3238//3236 3240//3238 3241//3239 3237//3235
f 30//30 3241//3239 3240//3238 32//32
f 31//31 3242//3240 3241//3239 30//30
f 3237//3235 3241//3239 3242//3240 3239//3237
f 1779//1779 1778//1778 3243//3241 3244//3242
f 3245//3243 3243//3241 1778//1778 1782//1782
f 3246//3244 3247//3245 3243//3241 3245//3243
f 3248//3246 3244//3242 3243//3241 3247//3245
f 2596//2595 3251//3247 3249//3248 2595//2594
f 3250//3249 3249//3248 3251//3247 3252//3250
f 3252//3250 3251//3247 3253//3251 3254//3252
f 3255//3253 3253//3251 3251//3247 2596//2595
f 3256//3254 3253//3251 3255//3253 3257//3255
f 3258//3256 3254//3252 3253//3251 3256//3254
f 3245//3243 3259//3257 3260//3258 3246//3244
f 1782//1782 2258//2258 3259//3257 3245//3243
f 3261//3259 3259//3257 2258//2258 2256//2256
f 3262//3260 3260//3258 3259//3257 3261//3259
f 3257//3255 3263//3261 3264//3262 3256//3254
f 3247//3245 3264//3262 3263//3261 3248//3246
f 3246//3244 3265//3263 3264//3262 3247//3245
f 3256//3254 3264//3262 3265//3263 3258//3256
f 2256//2256 2255//2255 3266//3264 3261//3259
f 1788//1788 1784//1784 3266//3264 2255//2255
f 1783//1783 3267//3265 3266//3264 1784//1784
f 3261//3259 3266//3264 3267//3265 3262//3260
f 3269//3266 3270//3267 3271//3268 3272//3269
f 1786//1786 3270//3267 3269//3266 1783//1783
f 44//44 3273//3270 3270//3267 1786//1786
f 3271//3268 3270//3267 3273//3270 3274//3271
f 3275//3272 3277//3273 3278//3274 3276//3275
f 3279//3276 3277//3273 3275//3272 3268//3277
f 3272//3269 3271//3268 3277//3273 3279//3276
f 3274//3271 3278//3274 3277//3273 3271//3268
f 3274//3271 3273//3270 3280//3278 3281//3279
f 47//47 3280//3278 3273//3270 44//44
f 52//52 3282//3280 3280//3278 47//47
f 3282//3280 3283//3281 3281//3279
f 3284//3282 3286//3283 3287//3284 3285//3285
f 3276//3275 3278//3274 3286//3283 3284//3282
f 3281//3279 3286//3283 3278//3274 3274//3271
f 3286//3283 3281//3279 3283//3281
f 3283//3281 3282//3280 3288//3286 3289//3287
f 2243//2243 3288//3286 3282//3280 52//52
f 2246//2246 3290//3288 3288//3286 2243//2243
f 3289//3287 3288//3286 3290//3288 3291//3289
f 3293//3290 3295//3291 3296//3292 3294//3293
f 3285//3285 3287//3284 3295//3291 3293//3290
f 3289//3287 3295//3291 3287//3284 3283//3281
f 3291//3289 3296//3292 3295//3291 3289//3287
f 3291//3289 3290//3288 3297//3294 3298//3295
f 2251//2251 3297//3294 3290//3288 2246//2246
f 2252//2252 3299//3296 3297//3294 2251//2251
f 3298//3295 3297//3294 3299//3296 3300//3297
f 2252//2252 2249//2249 3301//3298 3302//3299
f 1772//1772 3301//3298 2249//2249 1774//1774
f 1773//1773 3303//3300 3301//3298 1772//1772
f 3304//3301 3302//3299 3301//3298 3303//3300
f 3305//3302 3307//3303 3308//3304 3306//3305
f 3294//3293 3296//3292 3307//3303 3305//3302
f 3298//3295 3307//3303 3296//3292 3291//3289
f 3300//3297 3308//3304 3307//3303 3298//3295
f 2444//2443 3310//3306 3309//3307 2442//2440
f 3311//3308 3312//3309 3313//3310 3314//3311
f 3300//3297 3299//3296 3313//3310 3312//3309
f 3302//3299 3313//3310 3299//3296 2252//2252
f 3314//3311 3313//3310 3302//3299 3304//3301
f 3315//3312 3316//3313 3312//3309 3311//3308
f 2442//2440 3309//3307 3316//3313 3315//3312
f 3306//3305 3308//3304 3316//3313 3309//3307
f 3312//3309 3316//3313 3308//3304 3300//3297
f 3303//3300 3317//3314 3318//3315 3304//3301
f 1773//1773 2598//2597 3317//3314 3303//3300
f 3319//3316 3317//3314 2598//2597 2597//2596
f 3320//3317 3318//3315 3317//3314 3319//3316
f 3321//3318 3322//3319 3323//3320 3324//3321
f 3314//3311 3323//3320 3322//3319 3311//3308
f 3304//3301 3318//3315 3323//3320 3314//3311
f 3324//3321 3323//3320 3318//3315 3320//3317
f 3325//3322 3326//3323 3322//3319 3321//3318
f 2445//2445 2443//2441 3326//3323 3325//3322
f 3315//3312 3326//3323 2443//2441 2442//2440
f 3311//3308 3322//3319 3326//3323 3315//3312
f 3327//3324 3328//3325 3329//3326 3330//3327
f 53//53 56//56 3328//3325 3327//3324
f 61//61 3331//3328 3328//3325 56//56
f 3329//3326 3328//3325 3331//3328 3332//3329
f 3333//3330 3334//3331 3335//3332 3336//3333
f 3337//3334 3335//3332 3334//3331 3338//3335
f 3330//3327 3329//3326 3335//3332 3337//3334
f 3336//3333 3335//3332 3329//3326 3332//3329
f 3339//3336 3340//3337 3334//3331 3333//3330
f 2451//2451 2449//2447 3340//3337 3339//3336
f 3341//3338 3340//3337 2449//2447 2448//2446
f 3338//3335 3334//3331 3340//3337 3341//3338
f 3332//3329 3331//3328 3342//3339 3343//3340
f 78//78 3342//3339 3331//3328 61//61
f 79//79 3344//3341 3342//3339 78//78
f 3343//3340 3342//3339 3344//3341 3345//3342
f 3346//3343 3347//3344 3348//3345 3349//3346
f 3336//3333 3348//3345 3347//3344 3333//3330
f 3332//3329 3343//3340 3348//3345 3336//3333
f 3343//3340 3345//3342 3349//3346
f 3350//3347 3351//3348 3352//3349 3353//3350
f 3351//3348 694//694 699//699
f 700//700 2469//2468 3352//3349 699//699
f 2473//2472 3353//3350 3352//3349 2469//2468
f 3354//3351 3355//3352 3347//3344 3346//3343
f 2455//2455 2454//2452 3355//3352 3354//3351
f 3339//3336 3355//3352 2454//2452 2451//2451
f 3333//3330 3347//3344 3355//3352 3339//3336
f 3350//3347 3356//3353 3357//3354 3351//3348
f 3357//3354 3356//3353 3345//3342 3344//3341
f 693//693 3357//3354 3344//3341 79//79
f 694//694 3351//3348 3357//3354 693//693
f 3358//3355 3359//3356 3360//3357 3361//3358
f 3349//3346 3360//3357 3359//3356 3346//3343
f 3360//3357 3349//3346 3345//3342
f 3361//3358 3360//3357 3356//3353 3350//3347
f 3362//3359 3363//3360 3359//3356 3358//3355
f 2460//2460 2457//2457 3363//3360 3362//3359
f 3354//3351 3363//3360 2457//2457 2455//2455
f 3346//3343 3359//3356 3363//3360 3354//3351
f 2459//2459 2460//2460 3364//3361
f 3362//3359 3365//3362 3364//3361 2460//2460
f 3358//3355 3366//3363 3365//3362 3362//3359
f 3367//3364 3368//3365 3365//3362 3366//3363
f 3361//3358 3369//3366 3366//3363 3358//3355
f 3350//3347 3353//3350 3369//3366 3361//3358
f 3370//3367 3369//3366 3353//3350 2473//2472
f 3369//3366 3370//3367 3367//3364 3366//3363
f 3233//3231 3374//3368 3372//3369 3229//3230
f 3373//3370 3372//3369 3374//3368 3375//3371
f 3374//3368 3376//3372 3377//3373 3375//3371
f 3233//3231 3235//3233 3376//3372 3374//3368
f 3378//3374 3376//3372 3235//3233 3239//3237
f 3379//3375 3377//3373 3376//3372 3378//3374
f 3375//3371 3380//3376 3381//3377 3373//3370
f 2594//2593 3381//3377 3380//3376 2591//2590
f 3382//3378 3383//3379 3384//3380 3385//3381
f 2588//2587 3382//3378 3385//3381 2589//2588
f 2571//2570 2570//2569 3382//3378 2588//2587
f 3383//3379 3382//3378 2570//2569 2575//2574
f 3239//3237 3242//3240 3386//3382 3378//3374
f 2590//2589 3386//3382 3242//3240 31//31
f 2589//2588 3387//3383 3386//3382 2590//2589
f 3378//3374 3386//3382 3387//3383 3379//3375
f 3388//3384 3383//3379 2575//2574 2584//2583
f 3244//3242 3388//3384 2584//2583 1779//1779
f 3388//3384 3244//3242 3248//3246 3389//3385
f 3384//3380 3383//3379 3388//3384 3389//3385
f 3389//3385 3390//3386 3391//3387 3384//3380
f 3248//3246 3263//3261 3390//3386 3389//3385
f 3392//3388 3390//3386 3263//3261 3257//3255
f 3393//3389 3391//3387 3390//3386 3392//3388
f 3394//3390 3395//3391 3391//3387 3393//3389
f 3379//3375 3387//3383 3395//3391 3394//3390
f 3385//3381 3395//3391 3387//3383 2589//2588
f 3384//3380 3391//3387 3395//3391 3385//3381
f 3396//3392 3397//3393 3398//3394 3399//3395
f 3319//3316 3398//3394 3397//3393 3320//3317
f 2597//2596 2604//2603 3398//3394 3319//3316
f 3399//3395 3398//3394 2604//2603 2603//2602
f 3257//3255 3255//3253 3400//3396 3392//3388
f 2596//2595 2592//2591 3400//3396 3255//3253
f 3401//3397 3400//3396 2592//2591 2591//2590
f 3400//3396 3401//3397 3393//3389 3392//3388
f 3402//3398 3394//3390 3393//3389 3401//3397
f 2591//2590 3380//3376 3402//3398 3401//3397
f 3402//3398 3380//3376 3375//3371 3377//3373
f 3394//3390 3402//3398 3377//3373 3379//3375
f 3403//3399 3404//3400 3405//3401 3406//3402
f 3324//3321 3405//3401 3404//3400 3321//3318
f 3320//3317 3397//3393 3405//3401 3324//3321
f 3406//3402 3405//3401 3397//3393 3396//3392
f 3407//3403 3408//3404 3409//3405 3410//3406
f 3050//3049 3055//3054 3408//3404 3407//3403
f 3055//3054 3054//3053 3411//3407
f 3403//3399 3409//3405 3408//3404 3411//3407
f 3411//3407 3412//3408 3404//3400 3403//3399
f 3412//3408 3411//3407 3054//3053
f 3325//3322 3412//3408 3060//3058 2445//2445
f 3321//3318 3404//3400 3412//3408 3325//3322
f 3413//3409 3414//3410 3415//3411 3416//3412
f 3399//3395 3415//3411 3414//3410 3396//3392
f 2603//2602 2611//2610 3415//3411 3399//3395
f 3416//3412 3415//3411 2611//2610 2563//2562
f 3410//3406 3409//3405 3417//3413 3418//3414
f 3406//3402 3417//3413 3409//3405 3403//3399
f 3396//3392 3414//3410 3417//3413 3406//3402
f 3418//3414 3417//3413 3414//3410 3413//3409
f 2563//2562 2562//2561 3419//3415 3416//3412
f 3327//3324 3419//3415 2562//2561 53//53
f 3330//3327 3420//3416 3419//3415 3327//3324
f 3416//3412 3419//3415 3420//3416 3413//3409
f 3413//3409 3420//3416 3421//3417 3418//3414
f 3337//3334 3421//3417 3420//3416 3330//3327
f 3338//3335 3422//3418 3421//3417 3337//3334
f 3418//3414 3421//3417 3422//3418 3410//3406
f 3341//3338 3423//3419 3422//3418 3338//3335
f 2448//2446 3051//3050 3423//3419 3341//3338
f 3407//3403 3423//3419 3051//3050 3050//3049
f 3410//3406 3422//3418 3423//3419 3407//3403
f 3424//3420 3425//3421 3426//3422
f 3232//3229 3230//3228 3427//3423 3426//3422
f 3227//3225 3428//3424 3429//3425 3223//3221
f 32//32 3240//3238 3428//3424 3227//3225
f 3430//3426 3428//3424 3240//3238 3238//3236
f 3431//3427 3429//3425 3428//3424 3430//3426
f 3430//3426 3432//3428 3433//3429 3431//3427
f 3238//3236 3236//3234 3432//3428 3430//3426
f 3426//3422 3432//3428 3236//3234 3232//3229
f 3425//3421 3433//3429 3432//3428 3426//3422
f 3431//3427 3433//3429 3434//3430 3436//3431
f 3437//3432 3438//3433 3439//3434 3440//3435
f 3439//3434 3438//3433 2463//2463
f 3441//3436 3439//3434 2466//2466 6//6
f 3440//3435 3439//3434 3441//3436 3442//3437
f 3436//3431 3435//3438 3443//3439
f 3444//3440 3443//3439 3225//3223
f 3223//3221 3429//3425 3444//3440 3220//3218
f 3436//3431 3444//3440 3429//3425 3431//3427
f 6//6 2//2 3445//3441 3441//3436
f 2//2 1//1 3224//3222
f 3445//3441 3224//3222 3225//3223
f 3442//3437 3441//3436 3445//3441 3446//3442
f 3450//3443 3449//3444 3451//3445 3452//3446
f 3452//3446 3453//3447 3454//3448 3450//3443
f 3440//3435 3454//3448 3453//3447 3437//3432
f 3442//3437 3455//3449 3454//3448 3440//3435
f 3450//3443 3454//3448 3455//3449 3448//3450
f 3446//3442 3456//3451 3455//3449 3442//3437
f 3225//3223 3443//3439 3456//3451 3446//3442
f 3447//3452 3456//3451 3443//3439 3435//3438
f 3448//3450 3455//3449 3456//3451 3447//3452
f 3262//3260 3267//3265 3459//3453 3460//3454
f 3269//3266 3459//3453 3267//3265 1783//1783
f 3272//3269 3461//3455 3459//3453 3269//3266
f 3460//3454 3459//3453 3461//3455 3462//3456
f 3252//3250 3464//3457 3463//3458 3250//3249
f 3458//3459 3464//3457 3465//3460 3466//3461
f 3254//3252 3465//3460 3464//3457 3252//3250
f 3258//3256 3467//3462 3465//3460 3254//3252
f 3466//3461 3465//3460 3467//3462 3462//3456
f 3462//3456 3461//3455 3468//3463 3466//3461
f 3279//3276 3468//3463 3461//3455 3272//3269
f 3268//3277 3457//3464 3468//3463 3279//3276
f 3466//3461 3468//3463 3457//3464 3458//3459
f 3462//3456 3467//3462 3469//3465 3460//3454
f 3258//3256 3265//3263 3469//3465 3467//3462
f 3246//3244 3260//3258 3469//3465 3265//3263
f 3460//3454 3469//3465 3260//3258 3262//3260
f 3370//3367 3472//3466 3473//3467 3367//3364
f 2473//2472 2472//2471 3472//3466 3370//3367
f 2471//2470 3474//3468 3472//3466 2472//2471
f 3473//3467 3472//3466 3474//3468 3475//3469
f 3452//3446 3451//3445 3476//3470 3477//3471
f 3477//3471 3476//3470 3478//3472 3479//3473
f 3480//3474 3481//3475 3482//3476
f 3437//3432 3453//3447 3483//3477 3482//3476
f 3477//3471 3483//3477 3453//3447 3452//3446
f 3479//3473 3480//3474 3483//3477 3477//3471
f 2471//2470 2470//2469 3484//3478 3485//3479
f 2470//2469 2463//2463 3438//3433
f 3484//3478 3438//3433 3437//3432
f 3485//3479 3484//3478 3482//3476 3481//3475
f 3473//3467 3486//3480 3368//3365 3367//3364
f 3475//3469 3487//3481 3486//3480 3473//3467
f 3488//3482 3489//3483 3490//3484 3491//3485
f 3479//3473 3478//3472 3489//3483 3488//3482
f 3471//3486 3490//3484 3489//3483 3470//3487
f 3492//3488 3487//3481 3475//3469 3493//3489
f 3491//3485 3490//3484 3492//3488 3493//3489
f 3480//3474 3494//3490 3495//3491 3481//3475
f 3488//3482 3494//3490 3480//3474 3479//3473
f 3491//3485 3495//3491 3494//3490 3488//3482
f 3475//3469 3474//3468 3496//3492 3493//3489
f 3485//3479 3496//3492 3474//3468 2471//2470
f 3481//3475 3495//3491 3496//3492 3485//3479
f 3493//3489 3496//3492 3495//3491 3491//3485
f 21//21 19//19 18//18
f 50//50 51//51 46//46
f 98//98 97//97 99//99
f 100//100 99//99 105//105
f 110//110 109//109 19//19
f 94//94 96//96 117//117
f 118//118 117//117 96//96
f 136//136 139//139 134//134
f 142//142 144//144 140//140
f 151//151 152//152 148//148
f 149//149 148//148 152//152
f 228//228 229//229 226//226
f 231//231 226//226 229//229
f 226//226 232//232 234//234
f 197//197 284//284 283//283
f 196//196 286//286 284//284
f 311//311 312//312 309//309
f 232//232 330//330 331//331
f 282//282 285//285 341//341
f 363//363 386//386 384//384
f 388//388 391//391 389//389
f 403//403 402//402 401//401
f 400//400 423//423 426//426
f 439//439 441//441 437//437
f 447//447 449//449 450//450
f 465//465 466//466 463//463
f 468//468 440//440 442//442
f 497//497 498//498 494//494
f 510//510 508//508 507//507
f 503//503 511//511 508//508
f 509//509 508//508 511//511
f 504//504 526//526 525//525
f 499//499 498//498 526//526
f 525//525 526//526 498//498
f 533//533 535//535 531//531
f 532//532 531//531 537//537
f 538//538 537//537 539//539
f 540//540 539//539 466//466
f 469//469 541//541 540//540
f 542//542 541//541 543//543
f 501//501 545//545 441//441
f 544//544 546//546 547//547
f 561//561 562//562 559//559
f 563//563 565//565 559//559
f 574//574 571//571 570//570
f 575//575 576//576 571//571
f 582//582 579//579 578//578
f 592//592 591//591 532//532
f 597//597 598//598 595//595
f 597//597 596//596 603//603
f 564//564 565//565 605//605
f 606//606 605//605 565//565
f 608//608 605//605 606//606
f 627//627 625//625 624//624
f 616//616 615//615 631//631
f 588//588 624//624 631//631
f 632//632 640//640 621//621
f 637//637 643//643 644//644
f 620//620 644//644 643//643
f 638//638 641//641 646//646
f 626//626 646//646 641//641
f 630//630 634//634 646//646
f 645//645 646//646 634//634
f 671//671 669//669 200//200
f 672//672 670//670 669//669
f 282//282 342//342 679//679
f 677//677 682//682 681//681
f 671//671 681//681 682//682
f 201//201 283//283 681//681
f 678//678 681//681 283//283
f 690//690 704//704 705//705
f 769//769 775//775 774//774
f 493//493 814//814 496//496
f 490//490 816//816 814//814
f 490//490 489//489 823//823
f 828//828 829//829 826//826
f 830//830 826//826 829//829
f 831//831 832//832 826//826
f 827//827 826//826 832//832
f 835//835 834//834 838//838
f 872//872 873//873 870//870
f 869//869 874//874 870//870
f 798//798 896//896 895//895
f 900//900 904//904 903//903
f 898//898 897//897 903//903
f 879//879 881//881 906//906
f 907//907 906//906 908//908
f 875//875 874//874 910//910
f 877//877 910//910 874//874
f 911//911 910//910 907//907
f 913//913 912//912 911//911
f 916//916 919//919 914//914
f 918//918 919//919 916//916
f 909//909 914//914 919//919
f 923//923 924//924 920//920
f 908//908 929//929 922//922
f 943//943 951//951 950//950
f 436//436 953//953 952//952
f 948//948 951//951 952//952
f 954//954 953//953 436//436
f 375//375 956//956 959//959
f 975//975 974//974 916//916
f 984//984 985//985 983//983
f 915//915 921//921 985//985
f 980//980 990//990 570//570
f 561//561 568//568 991//991
f 981//981 991//991 989//989
f 1007//1007 1006//1006 1008//1008
f 1009//1009 1011//1011 1010//1010
f 965//965 1010//1010 1011//1011
f 964//964 978//978 1010//1010
f 1007//1007 1010//1010 978//978
f 1014//1014 1012//1012 1008//1008
f 230//230 229//229 1069//1069
f 1071//1071 1069//1069 229//229
f 1070//1070 1069//1069 1073//1073
f 1100//1100 1099//1099 1101//1101
f 1110//1110 1107//1107 1106//1106
f 1111//1111 1112//1112 1107//1107
f 1108//1108 1107//1107 1112//1112
f 1141//1141 1142//1142 1138//1138
f 1146//1146 1148//1148 1144//1144
f 1150//1150 1151//1151 1148//1148
f 1143//1143 1142//1142 1153//1153
f 1156//1156 1158//1158 1153//1153
f 1157//1157 1158//1158 1159//1159
f 1161//1161 1159//1159 1158//1158
f 1152//1152 1160//1160 1159//1159
f 1164//1164 1167//1167 1166//1166
f 1165//1165 1166//1166 1170//1170
f 1154//1154 1170//1170 1166//1166
f 1171//1171 1170//1170 1154//1154
f 1157//1157 1160//1160 1172//1172
f 1173//1173 1172//1172 1160//1160
f 1171//1171 1172//1172 1175//1175
f 602//602 1182//1182 590//590
f 1198//1198 1197//1197 1196//1196
f 1198//1198 1199//1199 635//635
f 1184//1184 1199//1199 1198//1198
f 1168//1168 1175//1175 1200//1200
f 1213//1213 1211//1211 1206//1206
f 1254//1254 1253//1253 1255//1255
f 1257//1257 1244//1244 1243//1243
f 1258//1258 1257//1257 1259//1259
f 1263//1263 1264//1264 1261//1261
f 1258//1258 1261//1261 1264//1264
f 1260//1260 1265//1265 1261//1261
f 1274//1274 1276//1276 1272//1272
f 1256//1256 1274//1274 1273//1273
f 1275//1275 1274//1274 1256//1256
f 1276//1276 1274//1274 1275//1275
f 862//862 1277//1277 1101//1101
f 1275//1275 1277//1277 1278//1278
f 1270//1270 1283//1283 1282//1282
f 1252//1252 1282//1282 1283//1283
f 1263//1263 1280//1280 1290//1290
f 1291//1291 1294//1294 1264//1264
f 1297//1297 1296//1296 1293//1293
f 1315//1315 1313//1313 1312//1312
f 1309//1309 1320//1320 1318//1318
f 1315//1315 1330//1330 1328//1328
f 1314//1314 1332//1332 1330//1330
f 1350//1350 1353//1353 1359//1359
f 1366//1366 1365//1365 1372//1372
f 1375//1375 1388//1388 1387//1387
f 1389//1389 1388//1388 1390//1390
f 1152//1152 1151//1151 1406//1406
f 1150//1150 1385//1385 1408//1408
f 1174//1174 1405//1405 1413//1413
f 1415//1415 1416//1416 1413//1413
f 1419//1419 1420//1420 1417//1417
f 593//593 1422//1422 1421//1421
f 1424//1424 1422//1422 593//593
f 1415//1415 1423//1423 1422//1422
f 1425//1425 1426//1426 1420//1420
f 1403//1403 1423//1423 1426//1426
f 594//594 1183//1183 1427//1427
f 1194//1194 1416//1416 1427//1427
f 1395//1395 1425//1425 1428//1428
f 1409//1409 1430//1430 1418//1418
f 1384//1384 1392//1392 1430//1430
f 1429//1429 1430//1430 1392//1392
f 1399//1399 1433//1433 1432//1432
f 1371//1371 1437//1437 1435//1435
f 1438//1438 1443//1443 1441//1441
f 1445//1445 1370//1370 1369//1369
f 1483//1483 1484//1484 1480//1480
f 1481//1481 1480//1480 1484//1484
f 1485//1485 1489//1489 1488//1488
f 1491//1491 1488//1488 1489//1489
f 1505//1505 1504//1504 1506//1506
f 1401//1401 1432//1432 1508//1508
f 1497//1497 1508//1508 1432//1432
f 1521//1521 1523//1523 1519//1519
f 1518//1518 1517//1517 1541//1541
f 1542//1542 1541//1541 1535//1535
f 1580//1580 1581//1581 1579//1579
f 831//831 1582//1582 1581//1581
f 831//831 830//830 1584//1584
f 1582//1582 1584//1584 1585//1585
f 1578//1578 1588//1588 1586//1586
f 535//535 1586//1586 1588//1588
f 533//533 1421//1421 1586//1586
f 1587//1587 1586//1586 1421//1421
f 1402//1402 1589//1589 1587//1587
f 1591//1591 1590//1590 523//523
f 1593//1593 1590//1590 1591//1591
f 1569//1569 1565//1565 1594//1594
f 1595//1595 1594//1594 1565//1565
f 1577//1577 1594//1594 1597//1597
f 506//506 509//509 1601//1601
f 1583//1583 1593//1593 1603//1603
f 1602//1602 1605//1605 1597//1597
f 1608//1608 1607//1607 1580//1580
f 839//839 838//838 1607//1607
f 846//846 1615//1615 1612//1612
f 1613//1613 1612//1612 1615//1615
f 1619//1619 1620//1620 1618//1618
f 1616//1616 1622//1622 1621//1621
f 1610//1610 1623//1623 1621//1621
f 1626//1626 1627//1627 1624//1624
f 1483//1483 1611//1611 1627//1627
f 1624//1624 1627//1627 1611//1611
f 1690//1690 1694//1694 1691//1691
f 1697//1697 1698//1698 1695//1695
f 1720//1720 1719//1719 1721//1721
f 1722//1722 1721//1721 1725//1725
f 1732//1732 1731//1731 1238//1238
f 1734//1734 1731//1731 1732//1732
f 1528//1528 1743//1743 1741//1741
f 1738//1738 1737//1737 1741//1741
f 1747//1747 1748//1748 1745//1745
f 1733//1733 1758//1758 1757//1757
f 1794//1794 1797//1797 1798//1798
f 147//147 1800//1800 1798//1798
f 49//49 1790//1790 1802//1802
f 48//48 1802//1802 1803//1803
f 1814//1814 1813//1813 1816//1816
f 1817//1817 1816//1816 1827//1827
f 1071//1071 1827//1827 1816//1816
f 1833//1833 1834//1834 1831//1831
f 1830//1830 1829//1829 1835//1835
f 1120//1120 1843//1843 1842//1842
f 1877//1877 1879//1879 1878//1878
f 1743//1743 1878//1878 1879//1879
f 1927//1927 1928//1928 1925//1925
f 1930//1930 1925//1925 1928//1928
f 1758//1758 1935//1935 1934//1934
f 1926//1926 1935//1935 1936//1936
f 1942//1942 1940//1940 1134//1134
f 1702//1702 1943//1943 1942//1942
f 1947//1947 1951//1951 1952//1952
f 1930//1930 1955//1955 1953//1953
f 1955//1955 1930//1930 1929//1929
f 1959//1959 1960//1960 1957//1957
f 1884//1884 1969//1969 1968//1968
f 1973//1973 1974//1974 1971//1971
f 1972//1972 1971//1971 1975//1975
f 2003//2003 2004//2004 2001//2001
f 1693//1693 2005//2005 2001//2001
f 2002//2002 2001//2001 2005//2005
f 2045//2045 2047//2047 2043//2043
f 2051//2051 2050//2050 1964//1964
f 1694//1694 2074//2074 2005//2005
f 2000//2000 2071//2071 2074//2074
f 1859//1859 1864//1864 2079//2079
f 1923//1923 1950//1950 2124//2124
f 2028//2028 2124//2124 2125//2125
f 2122//2122 2127//2127 2126//2126
f 1123//1123 2141//2141 2139//2139
f 2140//2140 2139//2139 2141//2141
f 2142//2142 2141//2141 2143//2143
f 2140//2140 2151//2151 2150//2150
f 1358//1358 2156//2156 2154//2154
f 2155//2155 2154//2154 2156//2156
f 2156//2156 2158//2158 2161//2161
f 2168//2168 2167//2167 1463//1463
f 1976//1976 1975//1975 2175//2175
f 2198//2198 2197//2197 1990//1990
f 2207//2207 2206//2206 1891//1891
f 2052//2052 2214//2214 1968//1968
f 2211//2211 2214//2214 2215//2215
f 1896//1896 2222//2222 2221//2221
f 1938//1938 2225//2225 2224//2224
f 2017//2017 2225//2225 1938//1938
f 2223//2223 2227//2227 2226//2226
f 2053//2053 2049//2049 2231//2231
f 1898//1898 2221//2221 2232//2232
f 1929//1929 1928//1928 2237//2237
f 2234//2234 2237//2237 2238//2238
f 2144//2144 2239//2239 2238//2238
f 50//50 1803//1803 2247//2247
f 2059//2059 2055//2055 2247//2247
f 1814//1814 2267//2267 2126//2126
f 1715//1715 2020//2020 2270//2270
f 323//323 329//329 2271//2271
f 2082//2082 2271//2271 329//329
f 2085//2085 2272//2272 2271//2271
f 2080//2080 2273//2273 1860//1860
f 2137//2137 2150//2150 2274//2274
f 845//845 2279//2279 2277//2277
f 2278//2278 2277//2277 2279//2279
f 2294//2294 2298//2298 2297//2297
f 2297//2297 2298//2298 835//835
f 1622//1622 2300//2300 2297//2297
f 2278//2278 2300//2300 1622//1622
f 1576//1576 2308//2308 1568//1568
f 1553//1553 2311//2311 2310//2310
f 2310//2310 2311//2311 2312//2312
f 2368//2368 2371//2371 2365//2365
f 2370//2370 2369//2369 2375//2375
f 2373//2373 2381//2381 2380//2380
f 1495//1495 2437//2437 1489//1489
f 1494//1494 1626//1626 2439//2439
f 1625//1625 1643//1643 2439//2439
f 2463//2463 2464//2464 2461//2461
f 2476//2475 2477//2476 2474//2473
f 150//150 2486//2485 2485//2484
f 2493//2492 2492//2491 2494//2493
f 2621//2620 2620//2619 176//176
f 2625//2624 2626//2625 2623//2622
f 2689//2688 2688//2687 2690//2689
f 2691//2690 2690//2689 2694//2693
f 2697//2696 2693//2692 2703//2702
f 151//151 2485//2484 2711//2710
f 2475//2474 2714//2713 2713//2712
f 2709//2708 2707//2706 2722//2721
f 2476//2475 2713//2712 2730//2729
f 2720//2719 2730//2729 2713//2712
f 2729//2728 2736//2735 2735//2734
f 2721//2720 2737//2736 2736//2735
f 2734//2733 2738//2737 1866//1866
f 1337//1337 2756//2755 2755//2754
f 2768//2767 2767//2766 1472//1472
f 1880//1880 1889//1889 2769//2768
f 2541//2540 2789//2788 2788//2787
f 2786//2785 2799//2798 2798//2797
f 2790//2789 2798//2797 2799//2798
f 1137//1137 2811//2810 2810//2809
f 2823//2822 2822//2821 2816//2815
f 2495//2494 2848//2847 2847//2846
f 2866//2865 2873//2872 2872//2871
f 1243//1243 1246//1246 2874//2873
f 1269//1269 2874//2873 2876//2875
f 2538//2537 2788//2787 2878//2877
f 2829//2828 2884//2883 2883//2882
f 1249//1249 1283//1283 2884//2883
f 2830//2829 2883//2882 2886//2885
f 1491//1491 2940//2939 1469//1469
f 2941//2940 2950//2949 2768//2767
f 2750//2749 2959//2958 2511//2510
f 2751//2750 2951//2950 2959//2958
f 2965//2964 2970//2969 2968//2967
f 1555//1555 2310//2310 2976//2975
f 2426//2426 2981//2980 2980//2979
f 2978//2977 2995//2994 1556//1556
f 2979//2978 2996//2995 2995//2994
f 2994//2993 2995//2994 2996//2995
f 2999//2998 2998//2997 2528//2527
f 3012//3011 3011//3010 2961//2960
f 3050//3049 3051//3050 3048//3047
f 2447//2449 3048//3047 3051//3050
f 3054//3053 3055//3054 3052//3051
f 3053//3052 3052//3051 3056//3055
f 2445//2445 3060//3058 3058//3057
f 3053//3052 3058//3057 3060//3058
f 3057//3056 3059//3493 3058//3057
f 3071//3069 3072//3070 2633//2632
f 2508//2507 3073//3071 3076//3074
f 3075//3073 3084//3082 3086//3084
f 1450//1450 3100//3098 2934//2933
f 1447//1447 3097//3095 3100//3098
f 1367//1367 2918//2917 3102//3100
f 3119//3117 3118//3116 3120//3118
f 3153//3151 3152//3150 3119//3117
f 3149//3147 3148//3146 3152//3150
f 2372//2372 3152//3150 3148//3146
f 3123//3121 3156//3154 3159//3157
f 3121//3119 3159//3157 3206//3204
f 3207//3205 3206//3204 3159//3157
f 3210//3208 3497//3494 3205//3203
f 3189//3187 3497//3494 3210//3208
f 3151//3149 3497//3494 3189//3187
f 3205//3203 3497//3494 3151//3149
f 3215//3213 3216//3214 3209//3207
f 25//25 3222//3220 3221//3219
f 3281//3279 3280//3278 3282//3280
f 3283//3281 3287//3284 3286//3283
f 3349//3346 3348//3345 3343//3340
f 699//699 3352//3349 3351//3348
f 3345//3342 3356//3353 3360//3357
f 3411//3407 3408//3404 3055//3054
f 3054//3053 3060//3058 3412//3408
f 3426//3422 3427//3423 3424//3420
f 3435//3438 3436//3431 3434//3430
f 2463//2463 2466//2466 3439//3434
f 3443//3439 3444//3440 3436//3431
f 3225//3223 3220//3218 3444//3440
f 3224//3222 3445//3441 2//2
f 3225//3223 3446//3442 3445//3441
f 3482//3476 3483//3477 3480//3474
f 3438//3433 3484//3478 2470//2469
f 3437//3432 3482//3476 3484//3478
l 3292 3294
