# Blender 4.2.1 LTS
# www.blender.org
mtllib alaizq.mtl
o 17174_Tiamat_new.001
v -3.721000 5.410700 1.565000
v -1.480400 3.813100 1.373500
v -1.497900 3.971900 1.566400
v -1.549600 4.038000 1.502500
v -1.519400 3.888900 1.305400
v -1.569100 4.180800 1.692900
v -1.509000 4.112700 1.756200
v -1.621900 4.233800 1.638600
v -1.595800 4.088500 1.447200
v -1.569200 3.934100 1.256500
v -1.643600 4.462900 1.965000
v -1.636100 4.361700 1.816800
v -1.574300 4.294100 1.868400
v -1.573100 4.378000 2.014400
v -1.509200 4.210100 1.925200
v -1.503100 4.277000 2.064600
v -1.179900 4.054000 1.810900
v -1.169400 4.144700 1.969800
v -1.395700 4.134000 1.979700
v -1.402500 4.034700 1.827300
v -1.174200 4.153300 2.111700
v -1.385400 4.195800 2.105700
v -1.179600 3.925200 1.620400
v -1.386700 3.914800 1.632000
v -1.363500 3.776600 1.425300
v -1.166100 3.812900 1.400900
v -0.221900 3.706900 1.682800
v -0.359700 3.786600 1.696400
v -0.397700 3.681400 1.513100
v -0.275600 3.599700 1.515600
v -0.590400 3.776000 1.528200
v -0.568200 3.882800 1.726000
v -0.611400 3.662100 1.321700
v -0.435700 3.563300 1.315000
v -0.325400 3.481800 1.322700
v -0.883400 3.779500 1.347700
v -0.878400 3.902200 1.556700
v -0.865900 4.027700 1.756100
v -0.861700 3.249600 0.469200
v -1.046200 3.244300 0.528500
v -0.873000 3.170700 0.477800
v -0.713200 3.133500 0.450900
v -0.665900 3.207800 0.536200
v -0.857600 3.287600 0.557500
v -0.679800 3.183900 0.463600
v -1.072200 3.354500 0.543900
v 0.038800 2.736500 0.406000
v -0.035600 2.767700 0.403700
v -0.011000 2.803800 0.485100
v 0.059800 2.769700 0.476800
v -0.079900 2.839700 0.493100
v -0.107900 2.802600 0.403500
v -0.133100 2.755000 0.320200
v -0.467900 3.067500 0.439000
v -0.553100 3.125400 0.447200
v -0.531600 3.144300 0.519700
v -0.443300 3.085600 0.514300
v -1.128900 3.110400 0.590700
v -1.176400 3.171000 0.599700
v -1.237500 3.257900 0.605100
v -0.940700 4.191500 0.926900
v -1.043900 4.301700 0.878600
v -1.023800 4.406000 1.087100
v -0.912700 4.300400 1.132800
v -1.139500 4.497900 1.025600
v -1.174800 4.370300 0.839100
v -1.106500 4.616000 1.216300
v -1.007600 4.506300 1.295000
v -0.881200 4.407000 1.335200
v -0.487300 4.413800 1.666900
v -0.529900 4.322800 1.537000
v -0.684200 4.405600 1.533300
v -0.641200 4.498800 1.659900
v -0.725500 4.308700 1.354800
v -0.572900 4.227400 1.355600
v -0.847900 4.500100 1.516000
v -0.816200 4.583500 1.654000
v -1.041600 4.826800 1.496100
v -0.947100 4.699300 1.600000
v -0.989600 4.599300 1.479500
v -1.077700 4.720200 1.386900
v -1.452900 4.552300 1.208900
v -1.282000 4.623700 1.184900
v -1.317400 4.491000 1.005600
v -1.474700 4.399100 1.047200
v -1.351800 4.354100 0.836000
v -1.492400 4.246600 0.901600
v -1.948100 5.464400 2.831800
v -1.863200 5.428800 2.883200
v -1.929200 5.657700 3.009300
v -1.999600 5.674800 2.962100
v -1.846900 5.648800 3.044900
v -1.767200 5.407300 2.922300
v -1.939900 5.861400 3.199100
v -2.016200 5.866800 3.159000
v -2.069600 5.877400 3.104400
v -1.170200 4.175200 2.202200
v -1.373600 4.239100 2.196500
v -1.355200 4.282500 2.266500
v -1.157500 4.211200 2.262900
v -1.482500 4.367600 2.245100
v -1.493300 4.326900 2.163800
v -1.121100 4.326800 2.342600
v -1.310500 4.393500 2.379000
v -1.333000 4.330800 2.332200
v -1.139500 4.259400 2.312700
v -1.451800 4.463800 2.386300
v -1.467500 4.412400 2.324400
v -1.572200 4.433600 2.116300
v -1.574700 4.472900 2.197900
v -1.650000 4.527200 2.066600
v -1.654800 4.574100 2.144000
v -1.578300 4.511300 2.281400
v -1.662300 4.619400 2.221100
v -1.582000 4.555100 2.352200
v -1.674800 4.670300 2.290600
v -0.852400 4.090000 1.944200
v -0.537200 3.972400 1.909800
v -0.545700 3.940200 2.087200
v -0.866600 4.050000 2.112900
v -0.873900 4.053700 2.217800
v -0.561800 3.931700 2.207600
v -0.563600 3.979300 2.281300
v -0.867500 4.099300 2.277700
v -0.854000 4.163200 2.303700
v -0.554100 4.053900 2.310600
v -0.542000 4.130800 2.311500
v -0.841300 4.234400 2.310900
v -0.317100 3.868000 1.859800
v -0.167100 3.780500 1.821600
v -0.147300 3.777800 1.968500
v -0.306800 3.860300 2.023700
v 1.511100 3.385400 1.763200
v 1.575100 3.429400 1.817700
v 1.519600 3.320300 1.910600
v 1.455800 3.292900 1.856900
v 1.545900 3.355300 1.959500
v 1.602300 3.463100 1.867300
v 1.412900 3.326400 2.028300
v 1.389200 3.297400 1.983100
v 1.377100 3.283700 1.922600
v 1.525700 3.448700 2.043300
v 1.459000 3.408500 2.077600
v 1.437500 3.364400 2.059700
v 1.557900 3.395300 2.002700
v 1.604000 3.496700 1.921500
v 1.566100 3.531600 1.986200
v 1.349200 3.456000 1.700300
v 1.367700 3.373900 1.740900
v 1.210500 3.368700 1.707700
v 1.298000 3.529400 1.687400
v 1.216900 3.413200 1.649700
v 1.183600 3.480700 1.631500
v 1.399000 3.573600 1.708000
v 1.481300 3.488500 1.710700
v -1.018100 4.894400 1.553200
v -0.918400 4.771900 1.666300
v -1.009900 4.945900 1.599000
v -0.896100 4.831300 1.696700
v -0.762200 4.724500 1.748900
v -0.799300 4.650400 1.737700
v 0.554500 3.278800 1.668900
v 0.638200 3.397000 1.823100
v 0.511700 3.454400 1.835700
v 0.445100 3.332300 1.677700
v 0.546500 3.486100 2.013500
v 0.701700 3.440500 1.986500
v 0.392600 3.512000 1.844300
v 0.413700 3.549100 2.023000
v 0.337300 3.388600 1.683200
v 0.739100 3.451100 2.100600
v 0.574200 3.499500 2.134200
v 0.607700 3.544200 2.203700
v 0.773700 3.484600 2.169500
v 0.462900 3.596200 2.226400
v 0.433100 3.548300 2.154000
v 0.407400 4.250000 1.807800
v 0.351600 4.178200 1.763000
v 0.193800 4.292900 1.744600
v 0.247300 4.384600 1.787900
v 0.136200 4.200600 1.747100
v 0.284600 4.094800 1.762800
v 0.021400 4.295400 1.735800
v 0.062400 4.391900 1.742600
v 0.098100 4.483000 1.798200
v 0.410400 4.249300 1.970500
v 0.421400 4.267100 1.891000
v 0.267900 4.420000 1.895200
v 0.247700 4.388200 1.996500
v 0.118500 4.527300 1.907600
v 0.106200 4.502100 2.019200
v 0.219900 4.339300 2.070000
v 0.079400 4.449900 2.097100
v 0.046500 4.391200 2.163300
v 0.181000 4.277200 2.133700
v 0.349900 4.150000 2.103700
v 0.383900 4.206300 2.036500
v -1.016400 5.002500 1.663400
v -0.891800 4.883400 1.743600
v -0.900400 4.924400 1.802600
v -1.032200 5.050000 1.738500
v -0.740600 4.820500 1.837800
v -0.743100 4.782500 1.784300
v -0.761500 4.839700 1.961900
v -0.749000 4.839800 1.897800
v -0.914300 4.953400 1.865400
v -0.923200 4.967700 1.937400
v -1.049400 5.089100 1.820800
v -1.055700 5.118800 1.908400
v -1.833900 5.069900 2.582500
v -1.732100 4.996900 2.637000
v -1.808600 5.192800 2.769900
v -1.901600 5.250500 2.707000
v -1.693600 5.159800 2.807500
v -1.604700 4.951700 2.661400
v -1.481900 4.927600 2.661400
v -1.584100 5.145900 2.822100
v -1.398200 5.098900 2.850100
v -1.295600 4.873600 2.674700
v -1.494600 5.341800 3.018700
v -1.672000 5.398500 2.954200
v -0.973700 4.755200 2.718200
v -1.051400 4.973400 2.922300
v -0.690100 4.766700 3.056000
v -0.640900 4.566500 2.815600
v -0.749200 4.982600 3.299700
v -1.133700 5.202100 3.129300
v -0.338100 4.437000 2.886200
v -0.365900 4.608200 3.161100
v -0.109300 4.499300 3.235400
v -0.106600 4.333600 2.945400
v -0.133700 4.680100 3.532000
v -0.407100 4.802600 3.437700
v 1.818100 3.961000 3.521600
v 2.001400 4.121800 3.931000
v 2.012000 4.050100 3.935000
v 1.731100 3.802400 3.083500
v 1.688200 3.858700 3.081200
v 1.769300 3.989000 3.531400
v 1.635000 3.890300 3.076900
v 1.970300 4.178000 3.934500
v 0.575100 4.365600 2.892700
v 0.336300 4.500000 2.876600
v 0.424900 4.625000 3.166200
v 0.684200 4.461200 3.228200
v 0.176900 4.737800 3.137500
v 0.121100 4.603300 2.873400
v 0.216700 4.884400 3.418300
v 0.491100 4.770100 3.468200
v 0.784000 4.613400 3.556600
v -1.143600 5.362100 2.483700
v -1.177000 5.502100 2.644300
v -0.980900 5.369200 2.745100
v -0.968800 5.220200 2.565200
v -1.010200 5.546200 2.919600
v -1.226700 5.675000 2.803000
v -0.781100 5.429800 3.013300
v -0.767700 5.261000 2.817300
v -0.778300 5.105300 2.623900
v 0.651800 4.386000 3.740600
v 0.618300 4.196500 3.395500
v 0.842200 4.106100 3.438900
v 0.905300 4.299400 3.796100
v 0.808300 4.015700 3.036100
v 0.594300 4.064900 3.025000
v 1.040300 3.918100 3.064100
v 1.097500 3.997100 3.489700
v 1.185000 4.174500 3.876300
v -1.540400 5.685900 2.254200
v -1.577800 5.822800 2.343000
v -1.323800 5.726500 2.452000
v -1.278200 5.597400 2.323300
v -1.385900 5.887200 2.592600
v -1.625600 5.991500 2.454500
v 1.480300 3.679600 1.934300
v 1.433000 3.692000 2.024300
v 1.471500 3.627900 2.042900
v 1.541600 3.608000 1.951100
v 1.424200 3.658900 2.142500
v 1.394600 3.712900 2.116300
v 1.480600 3.571300 2.066900
v 1.434400 3.611000 2.167500
v 0.811300 3.537800 2.218000
v 0.641300 3.605300 2.245500
v 0.669000 3.668800 2.261500
v 0.846300 3.606300 2.231900
v 0.492900 3.665300 2.259000
v 0.517900 3.734800 2.266800
v -1.053100 5.095400 2.097100
v -0.925400 4.934300 2.104100
v -0.929700 4.946900 2.022600
v -1.045000 5.124800 2.011100
v -0.779200 4.809100 2.026800
v -0.773800 4.809600 2.096800
v -1.081000 5.139400 2.205100
v -1.111600 5.232700 2.329100
v -0.958500 5.079100 2.387400
v -0.937500 4.985400 2.236400
v -0.791600 4.954700 2.427500
v -0.788800 4.853800 2.255600
v -1.472500 4.594600 2.457800
v -1.614700 4.690400 2.441500
v -1.592300 4.606200 2.397300
v -1.450000 4.511900 2.419700
v -1.694900 4.733200 2.344700
v -1.725900 4.816500 2.401400
v -1.662200 4.827300 2.522300
v -1.525100 4.757200 2.535000
v -1.771200 4.928700 2.479300
v -1.128100 4.527900 2.403100
v -1.324400 4.559100 2.444200
v -1.302600 4.459000 2.407000
v -1.111700 4.408600 2.360800
v -1.388700 4.728600 2.525400
v -1.196800 4.683100 2.519000
v -0.831900 4.311500 2.317300
v -0.535500 4.189600 2.328600
v -0.549800 4.259200 2.413100
v -0.842100 4.418600 2.382500
v -0.898800 4.563400 2.533200
v -0.591700 4.386600 2.590100
v -0.082000 4.094400 2.480100
v -0.285300 4.169600 2.441600
v -0.282200 4.100900 2.363900
v -0.090500 4.019300 2.418300
v -0.292800 4.043700 2.339200
v -0.107600 3.959600 2.401100
v -0.311500 4.278300 2.635700
v -0.099000 4.184700 2.684000
v 1.434700 3.757200 2.348900
v 1.473100 3.710200 2.367600
v 1.428200 3.680900 2.221700
v 1.393000 3.728300 2.196600
v 1.443300 3.630500 2.239500
v 1.489700 3.657700 2.376600
v 1.574700 3.777500 2.672000
v 1.528100 3.822500 2.658600
v 1.584000 3.719000 2.685000
v 0.030800 4.366600 2.259300
v 0.178400 4.271700 2.230400
v 0.201100 4.306500 2.373000
v 0.051700 4.414900 2.397200
v 0.386800 4.190200 2.341000
v 0.354000 4.155200 2.198100
v 0.467300 4.266800 2.585200
v 0.254300 4.382200 2.602800
v 0.073000 4.481500 2.619100
v -0.921200 4.949000 2.157700
v -1.064500 5.095800 2.144300
v -0.776700 4.819000 2.157100
v -1.238000 5.478700 2.200200
v -1.205700 5.384700 2.098200
v -1.463300 5.480500 2.063600
v -1.500300 5.573800 2.153600
v -3.208200 7.293600 3.396900
v -3.232700 7.270200 3.366300
v -3.196700 7.297200 3.351600
v -3.179400 7.319800 3.394500
v -3.230300 7.296300 3.311400
v -3.253300 7.273700 3.330400
v -3.190600 7.346600 3.299200
v -3.160500 7.346800 3.345800
v -3.139100 7.369400 3.393100
v -3.323000 7.407600 3.374400
v -3.305700 7.449000 3.355000
v -3.327500 7.414800 3.311600
v -3.344800 7.365300 3.356400
v -3.275600 7.483300 3.282900
v -3.259900 7.522700 3.330800
v -3.265400 7.428000 3.251600
v -3.320000 7.363300 3.275400
v -3.340000 7.314000 3.332000
v -3.278400 7.419400 3.442100
v -3.248500 7.467400 3.437300
v -3.280200 7.469200 3.397700
v -3.309900 7.408700 3.412800
v -3.233000 7.542600 3.380500
v -3.199500 7.539200 3.429100
v -3.123800 7.403900 3.439100
v -3.171600 7.345700 3.438600
v -3.185500 7.386200 3.471000
v -3.129000 7.450700 3.478700
v -3.243100 7.334200 3.453500
v -3.220900 7.300800 3.426300
v -3.110500 7.411400 3.349300
v -3.091300 7.436100 3.395900
v -3.138100 7.416600 3.301100
v -3.070600 7.472200 3.305100
v -3.049100 7.467300 3.358700
v -3.023300 7.477900 3.409500
v -3.165200 7.446700 3.254100
v -3.228300 7.372300 3.252300
v -3.090800 7.506800 3.257800
v -3.193300 7.501200 3.223400
v -3.103100 7.559600 3.216800
v -3.194700 7.618200 3.303000
v -3.205800 7.568700 3.249000
v -3.108400 7.636500 3.223200
v -3.095500 7.691600 3.280200
v -3.129900 7.620700 3.419900
v -3.164000 7.632200 3.363700
v -3.069900 7.704700 3.349400
v -3.041900 7.686100 3.412000
v -3.162400 7.505300 3.468200
v -3.095700 7.581100 3.463600
v -3.068000 7.522200 3.477000
v -3.002900 7.579300 3.481200
v -3.016900 7.639300 3.456300
v -3.003600 7.511900 3.466500
v -3.070200 7.472100 3.438500
v -2.981200 7.473900 3.374400
v -2.962700 7.482500 3.437200
v -2.998500 7.485400 3.315200
v -2.931200 7.478800 3.331000
v -2.921000 7.468800 3.394800
v -2.905600 7.488100 3.454400
v -3.008400 7.521200 3.262800
v -3.008900 7.577800 3.227800
v -2.925500 7.575300 3.248100
v -2.932200 7.513800 3.273500
v -2.982400 7.706200 3.279600
v -2.998700 7.649700 3.231300
v -2.909100 7.639400 3.257200
v -2.889700 7.689800 3.298500
v -2.945100 7.701900 3.410700
v -2.963000 7.720800 3.348500
v -2.871800 7.720200 3.358600
v -2.860900 7.704600 3.424000
v -2.934700 7.600400 3.484000
v -2.935000 7.659200 3.458700
v -2.869100 7.600800 3.496400
v -2.860400 7.660800 3.472200
v -2.888200 7.536700 3.495800
v -2.947100 7.533600 3.482100
v -2.831600 7.478900 2.895800
v -2.911400 7.492500 2.849900
v -2.874000 7.506700 2.794900
v -2.790600 7.494000 2.842900
v -2.984000 7.510600 2.811000
v -2.944100 7.526400 2.748300
v -2.897300 7.566200 2.737800
v -2.841400 7.555000 2.759800
v -2.754800 7.539800 2.803800
v -2.804300 7.438000 3.014900
v -2.737800 7.423400 3.065000
v -2.764200 7.481800 3.117300
v -2.882800 7.455300 2.958600
v -2.820300 7.510700 3.056700
v -2.898900 7.526300 2.999700
v -2.747600 7.467100 2.955000
v -2.674200 7.446900 3.014900
v -2.731300 7.626200 3.117400
v -2.803500 7.644400 3.066000
v -2.827900 7.575400 3.081400
v -2.763900 7.555600 3.137300
v -2.889500 7.660300 3.017700
v -2.906100 7.590500 3.024000
v -2.695800 7.681100 3.091200
v -2.767100 7.688900 3.028800
v -2.727400 7.710300 2.982500
v -2.650400 7.711000 3.049300
v -2.809700 7.730300 2.929400
v -2.854300 7.714900 2.984700
v -2.599300 7.704400 2.993500
v -2.687400 7.702000 2.929600
v -2.656500 7.663300 2.881600
v -2.563700 7.655100 2.945400
v -2.742200 7.678500 2.820600
v -2.767600 7.728400 2.868900
v -2.645600 7.596700 2.853400
v -2.552600 7.582000 2.918500
v -2.595000 7.521400 2.951700
v -2.737900 7.609900 2.797100
v -2.668400 7.527900 2.868200
v -2.707600 7.490500 2.909800
v -2.633700 7.485500 2.985400
v -2.873800 7.504300 3.283700
v -2.874300 7.473100 3.347900
v -2.864900 7.569000 3.258100
v -2.823000 7.501800 3.291800
v -2.813700 7.567200 3.263500
v -2.821600 7.469500 3.358100
v -2.847000 7.634900 3.269100
v -2.793600 7.636900 3.271300
v -2.825500 7.690700 3.307500
v -2.770500 7.691300 3.316900
v -2.798200 7.705600 3.441700
v -2.807500 7.724300 3.371700
v -2.751600 7.727100 3.384100
v -2.742300 7.702100 3.458000
v -2.811800 7.595300 3.513500
v -2.799900 7.656500 3.488400
v -2.743600 7.647100 3.507000
v -2.755700 7.580900 3.534600
v -2.832500 7.530100 3.512400
v -2.849400 7.482700 3.471600
v -2.798000 7.456900 3.486300
v -2.778300 7.508600 3.531400
v -2.811700 7.450300 3.422800
v -2.865300 7.463400 3.413800
v -2.761400 7.577800 3.264700
v -2.776200 7.507100 3.288500
v -2.731200 7.514300 3.278500
v -2.711700 7.588800 3.264200
v -2.727300 7.444100 3.321900
v -2.767100 7.464300 3.354600
v -2.734100 7.450400 3.151400
v -2.732700 7.533600 3.177500
v -2.719600 7.517400 3.203600
v -2.720000 7.406300 3.185500
v -2.665900 7.595900 3.204900
v -2.687700 7.610600 3.165600
v -2.645100 7.687600 3.319500
v -2.594200 7.685100 3.286800
v -2.640300 7.654000 3.248400
v -2.681900 7.652900 3.272200
v -2.624200 7.656700 3.206200
v -2.550900 7.686600 3.217100
v -2.668300 7.586800 3.246400
v -2.707700 7.693300 3.323900
v -2.735800 7.644900 3.276600
v -2.647700 7.671400 3.153800
v -2.592000 7.701300 3.122700
v -2.680600 7.700700 3.471500
v -2.688500 7.727700 3.392300
v -2.622900 7.718100 3.388600
v -2.613800 7.696300 3.476500
v -2.697000 7.556700 3.563900
v -2.682400 7.633000 3.527200
v -2.618200 7.621500 3.547900
v -2.641500 7.535800 3.601900
v -2.737300 7.420600 3.255100
v -2.708300 7.511600 3.241400
v -2.414400 7.630000 3.121800
v -2.484000 7.644100 3.022600
v -2.530800 7.689100 3.072900
v -2.473400 7.666400 3.169500
v -2.299800 7.558800 3.198800
v -2.208700 7.548600 3.319800
v -2.191200 7.470800 3.284500
v -2.299800 7.483800 3.183300
v -2.435900 7.471400 3.093200
v -2.382100 7.560800 3.073700
v -2.344800 7.613600 3.245200
v -2.272100 7.603400 3.369200
v -2.463600 7.567300 2.980800
v -2.528900 7.504200 3.027500
v -2.519900 7.412400 3.090000
v -2.573600 7.454900 3.047800
v -2.625700 7.414900 3.065900
v -2.585500 7.353300 3.100200
v -2.693700 7.404400 3.101400
v -2.672200 7.358900 3.124100
v -2.579200 7.283400 3.113100
v -2.649400 7.297700 3.142800
v -2.623900 7.225200 3.155100
v -2.558700 7.218500 3.118100
v -2.681700 7.234600 3.225600
v -2.700200 7.316700 3.209200
v -2.593000 7.147200 3.161200
v -2.555200 7.071500 3.161800
v -2.540400 7.144300 3.111100
v -2.505700 7.075000 3.115000
v -2.605700 7.063300 3.224400
v -2.650500 7.147500 3.228600
v -2.403500 7.067200 3.072300
v -2.434300 7.127900 3.076600
v -2.433600 7.124300 3.033700
v -2.418800 7.078100 3.015400
v -2.465100 7.178100 3.069400
v -2.463400 7.160900 3.016700
v -2.447500 7.124700 2.946900
v -2.476200 7.137300 3.102500
v -2.502900 7.199400 3.099900
v -2.440100 7.072100 3.107600
v -2.350600 6.912500 2.920100
v -2.318700 6.938000 2.861600
v -2.263900 6.824200 2.847800
v -2.298400 6.791000 2.896800
v -2.211200 6.877800 2.831100
v -2.264800 6.973300 2.833800
v -2.130500 6.767500 2.837200
v -2.184100 6.693500 2.831600
v -2.242100 6.648100 2.862900
v -2.309900 7.058400 2.814500
v -2.370400 7.036100 2.858400
v -2.415300 7.122700 2.837400
v -2.338500 7.140300 2.784300
v -2.400100 7.019400 2.931800
v -2.269200 7.165800 2.775200
v -2.244400 7.096500 2.815000
v -2.189700 7.151000 2.849200
v -2.211100 7.206200 2.801000
v -2.155400 7.092700 2.882400
v -2.205400 7.024000 2.838500
v -2.389400 7.402100 3.133100
v -2.281000 7.421100 3.172800
v -2.251000 7.377600 3.149300
v -2.181900 7.401300 3.256200
v -2.168700 7.346200 3.216100
v -2.465000 7.368900 3.114900
v -2.411000 7.333700 3.113500
v -2.458600 7.292700 3.087900
v -2.513000 7.315100 3.109700
v -2.307000 7.363500 3.087400
v -2.369000 7.339900 3.086900
v -2.295500 7.361900 3.055700
v -2.520700 7.258100 3.103600
v -2.486600 7.236200 3.069900
v -2.503600 7.222600 3.011400
v -2.472100 7.297500 3.018100
v -2.493900 7.322100 2.914200
v -2.481500 7.217000 2.925400
v -2.389000 7.344100 3.016600
v -2.391600 7.382800 2.948700
v -2.291700 7.373300 3.013400
v -2.288200 7.412000 2.954100
v -2.427800 7.300000 2.770900
v -2.432700 7.212400 2.809200
v -2.351700 7.294200 2.666600
v -2.346900 7.220800 2.729800
v -2.419500 7.467300 2.745000
v -2.405000 7.454100 2.665300
v -2.421600 7.379800 2.716700
v -2.453800 7.412200 2.812500
v -2.362500 7.370000 2.622400
v -2.369700 7.425900 2.609500
v -2.215000 7.319500 2.671600
v -2.169200 7.375300 2.703700
v -2.165200 7.315400 2.770600
v -2.214700 7.259700 2.736200
v -2.159300 7.415400 2.750100
v -2.154700 7.385600 2.813500
v -2.173900 7.266100 2.849400
v -2.161800 7.332400 2.901100
v -2.276500 7.235400 2.717700
v -2.275600 7.294700 2.642700
v -2.194700 7.475900 2.742400
v -2.193100 7.447900 2.846900
v -2.263300 7.512200 2.746400
v -2.276600 7.470100 2.859500
v -2.197700 7.396800 2.941100
v -2.246900 7.463200 2.602600
v -2.224400 7.397700 2.617700
v -2.287800 7.367700 2.574800
v -2.312500 7.466300 2.559800
v -2.376000 7.446000 2.854200
v -2.354700 7.506200 2.748100
v -2.337400 7.527300 2.640600
v -2.251400 7.502400 2.652400
v -2.198200 7.447300 2.665700
v -1.411200 4.813800 1.451600
v -1.225700 4.861300 1.442200
v -1.251200 4.745400 1.341100
v -1.430300 4.694000 1.349700
v -1.208900 4.934900 1.493900
v -1.398800 4.889900 1.507900
v -1.393300 4.949300 1.552300
v -1.202600 4.992600 1.534500
v -1.549100 4.772200 1.466500
v -1.525500 4.855100 1.528700
v -1.630500 4.840400 1.537000
v -1.659500 4.749800 1.469700
v -1.611100 4.918300 1.591700
v -1.510100 4.920400 1.578300
v -1.394700 5.021900 1.613000
v -1.205700 5.064300 1.593500
v -1.399600 5.097800 1.683800
v -1.213600 5.131500 1.667500
v -1.607300 5.002800 1.646200
v -1.505600 4.994900 1.641100
v -1.507200 5.069500 1.710800
v -1.605900 5.067300 1.719200
v -1.403800 5.173400 1.754700
v -1.219700 5.194500 1.755200
v -1.405400 5.245000 1.821200
v -1.215500 5.250400 1.842300
v -1.510800 5.137600 1.778700
v -1.606500 5.119700 1.791000
v -1.517800 5.199500 1.843400
v -1.614200 5.172600 1.852400
v -1.408400 5.369200 1.946500
v -1.430500 5.417300 1.998900
v -1.186100 5.333800 2.041400
v -1.182400 5.315800 2.012600
v -1.195900 5.293300 1.937100
v -1.403800 5.310000 1.884800
v -1.529600 5.255700 1.903100
v -1.628400 5.223400 1.909400
v -1.557900 5.311100 1.965900
v -1.664600 5.277700 1.970600
v -1.605600 4.503200 1.227900
v -1.579300 4.648600 1.363100
v -1.693600 4.634100 1.370900
v -1.754200 4.495200 1.244100
v -1.618900 4.355400 1.071200
v -1.736400 4.334800 1.080800
v -1.631800 4.226700 0.921000
v -1.738000 4.211200 0.940300
v -1.827400 4.409600 1.270900
v -1.800600 4.274800 1.120700
v -1.757900 4.215400 1.182800
v -1.793100 4.353100 1.349600
v -1.783200 4.153400 0.980700
v -1.742000 4.093400 1.025800
v -1.758200 4.650600 1.392100
v -1.748800 4.737700 1.471300
v -1.812800 4.598900 1.362900
v -1.830200 4.703800 1.468200
v -1.826500 4.478200 1.490600
v -1.851600 4.528600 1.404000
v -1.891500 4.639600 1.516100
v -1.881800 4.582800 1.604900
v -1.742100 4.931100 1.604700
v -1.746600 4.842300 1.533700
v -1.845700 4.809100 1.566900
v -1.854900 4.899300 1.657800
v -1.715800 4.315400 1.518200
v -1.744000 4.461100 1.683700
v -1.789500 4.469500 1.588200
v -1.747500 4.337100 1.432400
v -1.853700 4.564900 1.703800
v -1.819100 4.581400 1.838300
v -1.695300 4.419500 1.758400
v -1.723200 4.526700 1.906100
v -1.671600 4.280200 1.583500
v -1.921600 4.833400 1.716500
v -1.915800 4.746100 1.620900
v -1.915000 4.677600 1.694200
v -1.925900 4.751600 1.778900
v -1.891800 4.638800 1.754600
v -1.895500 4.676600 1.830300
v -1.741300 4.595600 2.014000
v -1.740500 4.656700 2.092700
v -1.836000 4.717900 2.045300
v -1.831500 4.654400 1.961400
v -1.863700 4.966500 1.727500
v -1.743200 5.005100 1.670900
v -1.748600 5.070100 1.731800
v -1.873200 5.022800 1.785500
v -1.908400 4.784200 1.981400
v -1.900500 4.726000 1.906800
v -1.932500 4.807900 1.848700
v -1.939800 4.859800 1.910100
v -1.926600 4.943300 1.847900
v -1.921400 4.892900 1.789300
v -1.881400 5.078000 1.844100
v -1.755200 5.128000 1.791600
v -1.761400 5.178300 1.851500
v -1.885400 5.132600 1.902400
v -1.935100 4.999500 1.904900
v -1.945700 4.919700 1.969600
v -1.946100 4.982600 2.023100
v -1.938600 5.058600 1.961100
v -1.830300 4.789000 2.116900
v -1.913800 4.849500 2.050100
v -1.837400 4.881200 2.181000
v -1.913600 4.917500 2.097900
v -1.750500 4.777500 2.235100
v -1.741000 4.716000 2.166900
v -1.930300 5.096200 2.121000
v -1.924700 5.178800 2.071600
v -1.934600 5.117700 2.015500
v -1.940500 5.044200 2.068700
v -1.881900 5.185900 1.958500
v -1.877000 5.240800 2.018400
v -1.765400 5.222400 1.913000
v -1.777500 5.264900 1.975800
v -1.919100 4.981000 2.115900
v -1.899600 5.001900 2.162300
v -1.738700 5.341200 2.043900
v -1.613600 5.371900 2.039600
v -1.674200 5.452100 2.114600
v -1.855600 5.400000 2.137900
v -1.800900 4.930600 2.349200
v -1.771100 4.847400 2.291700
v -1.838700 4.952000 2.244900
v -1.857000 5.036200 2.298900
v -1.807900 5.310300 2.038200
v -1.877900 5.303000 2.086600
v -1.899500 5.141900 2.262700
v -1.891900 5.059700 2.208000
v -1.924100 5.160900 2.173200
v -1.928500 5.240700 2.232300
v -1.923100 5.330200 2.196900
v -1.918600 5.247700 2.132200
v -1.868600 5.506800 2.228700
v -1.714600 5.554500 2.193500
v -1.744700 5.669700 2.279000
v -1.885700 5.620300 2.311800
v -1.889300 5.159800 2.514400
v -1.838500 5.031700 2.421600
v -1.882400 5.134300 2.367300
v -1.917300 5.257100 2.454400
v -1.942900 5.356000 2.417800
v -1.918100 5.238200 2.332300
v -1.943100 5.337400 2.304000
v -1.960200 5.452400 2.389000
v -1.946700 5.542700 2.354000
v -1.933200 5.429100 2.270300
v -1.776200 5.792600 2.370500
v -1.904300 5.743000 2.400100
v -1.933400 5.891300 2.509000
v -1.816500 5.946100 2.482400
v -1.991200 5.524200 2.757800
v -1.943100 5.330800 2.629200
v -1.951800 5.418600 2.562800
v -1.992500 5.597700 2.689000
v -1.989800 5.669600 2.644600
v -1.962300 5.503800 2.521800
v -1.977200 5.586600 2.487400
v -1.995600 5.741500 2.605100
v -1.985000 5.817600 2.557600
v -1.962000 5.669000 2.445800
v -2.100100 5.900000 3.037800
v -2.038100 5.715200 2.893700
v -2.041700 5.774800 2.828300
v -2.104800 5.945500 2.974700
v -2.720000 7.385300 3.377200
v -2.751400 7.411500 3.487900
v -2.758300 7.423900 3.414600
v -2.688100 7.325100 3.474200
v -2.598900 7.095000 3.410300
v -2.633500 7.192400 3.432900
v -2.672700 7.171900 3.330900
v -2.629100 7.076700 3.314900
v -2.705100 7.264400 3.331300
v -2.731600 7.466000 3.560600
v -2.689100 7.435300 3.587700
v -2.728700 7.342000 3.297000
v -2.597000 7.211500 3.628400
v -2.594300 7.203600 3.572700
v -2.659400 7.104200 3.644300
v -2.679300 7.136400 3.693400
v -2.698800 7.171000 3.754000
v -2.609200 7.216100 3.707100
v -2.592800 7.310200 3.671300
v -2.617700 7.316500 3.586700
v -2.687800 7.179500 3.821100
v -2.610900 7.233900 3.782800
v -2.665500 7.189600 3.906000
v -2.600300 7.259600 3.846800
v -2.579200 7.315300 3.801300
v -2.584100 7.311100 3.745700
v -2.793600 6.712600 3.856900
v -2.671300 6.734700 3.957800
v -2.698200 6.786200 3.976300
v -2.821600 6.773200 3.876000
v -2.532500 6.781400 4.037300
v -2.552400 6.829500 4.049500
v -2.573600 6.883900 4.053700
v -2.721000 6.847400 3.982100
v -2.843600 6.842700 3.886900
v -2.563200 6.412400 3.677600
v -2.511500 6.369700 3.631200
v -2.454200 6.429400 3.756900
v -2.484600 6.483700 3.796700
v -2.419300 6.374500 3.705300
v -2.459900 6.326200 3.583000
v -2.356700 6.440700 3.791700
v -2.375100 6.503800 3.847400
v -2.389700 6.561700 3.889400
v -2.397900 6.280400 3.521100
v -2.370700 6.317700 3.637100
v -2.312800 6.277300 3.595200
v -2.308600 6.213200 3.445700
v -2.295600 6.331200 3.670700
v -2.325000 6.373300 3.723200
v -2.611400 6.397300 3.466100
v -2.536800 6.351800 3.413600
v -2.536600 6.345600 3.514200
v -2.599700 6.396200 3.563100
v -2.472600 6.305400 3.463500
v -2.466300 6.314700 3.363200
v -2.557000 6.458100 3.307400
v -2.493800 6.412200 3.272800
v -2.526100 6.374000 3.334800
v -2.596500 6.416400 3.377800
v -2.460800 6.344300 3.293500
v -2.449900 6.382500 3.256900
v -2.397100 6.276800 3.308700
v -2.403700 6.264600 3.405300
v -2.310300 6.202400 3.321400
v -2.305600 6.221900 3.237700
v -2.196200 6.103600 3.120700
v -2.191000 6.076900 3.190300
v -2.172300 6.067400 3.264300
v -2.561800 6.670000 3.435100
v -2.479000 6.617300 3.390800
v -2.565700 6.574100 3.346100
v -2.652100 6.634300 3.395200
v -2.476200 6.517800 3.302700
v -2.381800 6.557000 3.355600
v -2.637900 6.519000 3.361100
v -2.713200 6.588800 3.422400
v -2.093100 6.015500 2.934100
v -2.036400 5.843800 2.783600
v -2.023600 5.919300 2.747100
v -2.075600 6.096200 2.900400
v -1.963700 6.375700 2.715900
v -1.883100 6.171300 2.592700
v -1.971600 6.075900 2.663700
v -2.052000 6.292200 2.823400
v -1.685800 6.211800 2.597000
v -1.810900 6.455100 2.782300
v -2.060900 6.174100 2.860600
v -2.008400 5.996700 2.707800
v -2.071300 6.541700 2.800700
v -2.002300 6.639400 2.816700
v -2.147900 6.491700 2.850000
v -2.295200 6.283300 3.194400
v -2.187200 6.170400 3.080700
v -2.161900 6.248100 3.050700
v -2.268000 6.402900 3.202900
v -2.392600 6.323000 3.245400
v -2.389500 6.393700 3.234700
v -2.324900 6.497400 3.292000
v -2.416600 6.455800 3.263700
v -2.222400 6.558800 3.197300
v -2.264300 6.576900 3.279500
v -2.271100 6.670800 3.252000
v -2.252200 6.676500 3.169600
v -2.319800 6.620300 3.344100
v -2.287500 6.680100 3.323900
v -2.247900 6.684900 3.092000
v -2.217200 6.562500 3.106600
v -2.217000 6.554200 3.017100
v -2.264300 6.678000 3.013900
v -2.181800 6.456200 3.021900
v -2.197800 6.428800 3.090900
v -2.198300 6.511500 2.927000
v -2.139200 6.387400 2.946600
v -2.272900 6.651400 2.933400
v -2.140700 6.309000 2.995100
v -2.959600 7.473600 2.912200
v -3.030000 7.505500 2.875700
v -2.970900 7.541500 2.951300
v -3.016800 7.549100 2.919500
v -2.912600 7.692700 2.751600
v -2.827600 7.689300 2.778600
v -2.824900 7.622400 2.755100
v -2.906200 7.623500 2.726900
v -2.943500 7.748900 2.857100
v -3.002500 7.728500 2.884600
v -2.939300 7.730000 2.942100
v -2.888700 7.745900 2.886300
v -2.975200 7.667100 2.971300
v -3.047900 7.665400 2.915400
v -2.979000 7.599800 2.968800
v -3.034500 7.598400 2.915700
v -2.931200 7.732400 2.806300
v -2.850500 7.736000 2.827100
v -3.051200 7.632900 2.777900
v -3.080200 7.653900 2.833000
v -3.014600 7.709200 2.811400
v -3.000300 7.667900 2.753900
v -3.077900 7.573400 2.853000
v -3.050600 7.565200 2.773100
v -2.982100 7.596600 2.735600
v -3.313100 7.298000 3.413300
v -3.276400 7.264400 3.390200
v -3.302900 7.267000 3.320200
v -3.275700 7.315800 3.275600
v -3.319000 7.352600 3.417400
v -3.268300 7.379900 3.461000
v -3.216800 7.435800 3.470900
v -2.387500 6.679400 3.409500
v -2.448300 6.738200 3.458200
v -2.388600 6.805400 3.369300
v -2.327600 6.733700 3.346800
v -2.557500 6.987800 3.216300
v -2.587200 6.991200 3.301500
v -2.521300 6.926400 3.292000
v -2.503500 6.920400 3.207200
v -2.506200 6.941300 3.390500
v -2.558600 7.011700 3.396400
v -2.378800 6.804700 3.190500
v -2.306600 6.752900 3.176900
v -2.326700 6.739100 3.253700
v -2.389900 6.802400 3.270100
v -2.443600 6.859200 3.199300
v -2.458500 6.861400 3.281400
v -2.451200 6.873200 3.381200
v -2.345800 6.891300 2.990700
v -2.388600 6.994500 3.004300
v -2.372700 6.983200 3.065000
v -2.329500 6.880700 3.071700
v -2.349800 6.832300 3.129000
v -2.298500 6.779300 3.036100
v -2.289700 6.771200 3.107600
v -2.437100 6.963800 3.117500
v -2.388600 6.933900 3.103700
v -2.404900 6.890200 3.141600
v -2.460600 6.945900 3.148300
v -2.318400 6.776700 2.961000
v -2.398700 7.003000 3.106600
v -2.464200 7.013100 3.112600
v -2.511100 7.005200 3.156100
v -2.513100 6.742100 4.023100
v -2.435100 6.759600 4.110500
v -2.456100 6.798800 4.127500
v -2.412900 6.727200 4.093500
v -2.491700 6.710900 4.004200
v -2.338400 6.743700 4.174400
v -2.360800 6.783600 4.189200
v -2.379200 6.829500 4.204400
v -2.576000 7.049700 3.511000
v -2.589200 7.138100 3.533400
v -2.640700 7.044500 3.610500
v -2.631100 6.967800 3.580900
v -2.551200 6.962300 3.499700
v -2.519800 6.880900 3.496600
v -2.606500 6.798200 3.530800
v -2.611800 6.880100 3.566800
v -2.489100 6.805600 3.485400
v -2.599000 6.730200 3.480000
v -2.722800 6.766300 3.485900
v -2.742000 6.835300 3.525100
v -2.830700 6.777900 3.551500
v -2.798500 6.716500 3.511000
v -2.870500 6.847100 3.588900
v -2.764900 6.910400 3.561400
v -2.699900 6.700600 3.441100
v -2.762800 6.654600 3.470900
v -2.735300 6.622900 3.814200
v -2.704000 6.584500 3.791300
v -2.591000 6.624400 3.893300
v -2.617900 6.657900 3.915400
v -2.560400 6.586500 3.867600
v -2.665200 6.540300 3.761400
v -2.469400 6.682200 3.983400
v -2.428800 6.654000 3.969600
v -2.767500 6.533400 3.581800
v -2.815100 6.589000 3.620700
v -2.806400 6.616400 3.535900
v -2.756500 6.554400 3.492200
v -2.841700 6.671700 3.571700
v -2.846800 6.638000 3.650400
v -2.764600 6.664000 3.835500
v -2.644600 6.692700 3.937400
v -2.872100 6.727200 3.608300
v -2.907100 6.791900 3.647600
v -2.873300 6.688700 3.678900
v -2.903300 6.749800 3.709600
v -2.695200 6.462900 3.526100
v -2.671600 6.460400 3.618900
v -2.735400 6.525500 3.669400
v -2.616300 6.477900 3.721700
v -2.778700 6.576200 3.703400
v -2.808500 6.621600 3.727400
v -2.681900 6.481000 3.433400
v -2.837700 6.666400 3.751300
v -2.869800 6.719400 3.777100
v -1.418100 6.124100 3.097500
v -1.313500 5.897100 2.955800
v -1.461800 6.110900 2.741300
v -1.544100 6.342300 2.885600
v -1.080700 5.761800 3.088100
v -1.167800 5.981200 3.241400
v -0.885100 5.840100 3.382800
v -0.827900 5.631900 3.207100
v -1.512200 6.319300 3.216100
v -1.251100 6.166000 3.374400
v -1.313700 6.302300 3.476100
v -1.584000 6.454900 3.309500
v -0.955600 6.173400 3.622400
v -0.927900 6.028900 3.522300
v 0.241500 5.083200 3.696500
v 0.531400 4.988000 3.753900
v 0.274200 5.312000 3.929800
v 0.568300 5.235200 3.996000
v 0.853700 4.863400 3.843300
v 0.906300 5.135200 4.088300
v 2.163900 4.348900 4.298500
v 2.147600 4.410900 4.283900
v 2.293000 4.655300 4.579100
v 2.339800 4.594100 4.599500
v 2.319000 4.525100 4.640100
v 2.146900 4.287200 4.314900
v 0.703000 4.874000 4.291400
v 0.677300 4.619000 4.038700
v 0.962200 4.538500 4.103300
v 1.015000 4.795000 4.372600
v 1.268700 4.407600 4.212400
v 1.352100 4.671300 4.496500
v -0.227400 5.168700 3.989000
v -0.520300 5.288500 3.890900
v -0.464000 5.042000 3.682300
v -0.179700 4.915600 3.784400
v -0.817500 5.223000 3.524700
v -0.882600 5.456900 3.727500
v -1.644300 5.804500 3.289700
v -1.842400 5.853900 3.220500
v -1.754400 5.643000 3.074400
v -1.571000 5.587300 3.150600
v -1.286600 5.654300 3.489900
v -1.216400 5.432900 3.318300
v -0.960000 5.811500 4.026600
v -1.372800 6.001100 3.773200
v -1.336400 5.850100 3.651200
v -0.929400 5.656900 3.901300
v -1.708600 5.991400 3.449200
v -1.754800 6.134500 3.575100
v -2.032800 6.047100 3.376900
v -2.120700 6.055200 3.330600
v -2.101500 6.215700 3.549800
v -2.211600 6.188500 3.500100
v -1.960600 6.200300 3.499900
v -1.917900 6.046100 3.382700
v -1.101300 6.356800 4.449000
v -1.522400 6.491400 4.195000
v -1.500400 6.452900 4.148100
v -1.074400 6.319800 4.400200
v -1.902100 6.573000 4.013300
v -1.897500 6.526800 3.982200
v -1.908500 6.459100 3.988500
v -1.498700 6.393700 4.131800
v -1.053700 6.279900 4.352900
v -0.459500 6.150200 4.863300
v -0.738800 6.238300 4.679200
v -0.712100 6.185900 4.628200
v -0.424700 6.090300 4.801300
v -0.703100 6.147400 4.596100
v -0.415600 6.050800 4.763100
v 1.321800 5.445200 5.540200
v 0.891700 5.608000 5.341500
v 0.908000 5.562600 5.283800
v 1.335900 5.414000 5.478900
v 1.267100 5.522700 5.663000
v 0.826900 5.666900 5.470800
v 0.525600 5.722800 5.227500
v 0.454900 5.772500 5.344800
v 0.554200 5.689300 5.165800
v 1.010200 5.693900 4.585900
v 0.666300 5.785800 4.458200
v 0.704900 5.885200 4.496200
v 1.038300 5.785800 4.618800
v 0.477300 6.001100 4.328000
v 0.411500 5.873500 4.304300
v 0.490300 6.094200 4.441200
v 0.716000 5.962700 4.566900
v 1.037700 5.859700 4.682600
v -1.607400 6.521800 3.374000
v -1.338700 6.381000 3.536400
v -1.325500 6.460200 3.562300
v -1.605300 6.601100 3.389500
v -0.967500 6.315800 3.727500
v -0.964800 6.252300 3.677600
v -1.055000 6.646300 4.025600
v -1.026300 6.606300 3.971000
v -1.338700 6.759600 3.738300
v -1.605200 6.888100 3.593500
v -1.372100 6.769700 3.790900
v -1.583600 6.882100 3.536800
v -1.632200 6.878400 3.668300
v -1.390200 6.807100 3.858100
v -1.091200 6.680600 4.106200
v -1.267000 6.583900 3.544200
v -1.552000 6.785300 3.427200
v -1.256000 6.695200 3.593400
v -1.577300 6.694200 3.401200
v -0.919900 6.568100 3.804100
v -0.910800 6.457300 3.717100
v -1.300100 6.738300 3.677200
v -1.563900 6.845500 3.480100
v -0.989700 6.571400 3.909900
v -1.638800 6.531700 3.023000
v -1.684100 6.663400 3.123200
v -1.828300 6.665500 2.913800
v -1.839000 6.828200 3.024500
v -1.713500 6.749600 3.173600
v -1.698200 6.671000 3.207800
v -1.743400 6.818500 3.222500
v -1.845900 6.927000 3.083400
v -1.836300 6.985900 3.149200
v -1.758400 6.873500 3.290000
v -1.747100 6.932000 3.334000
v -1.854400 7.020200 3.223300
v -1.855000 7.057800 3.304900
v -1.740500 6.986600 3.397700
v -2.158300 6.946800 2.853500
v -2.114800 7.026700 2.905200
v -2.056700 6.960200 2.925900
v -2.090100 6.861600 2.869800
v -1.983900 6.767900 2.884700
v -1.984200 6.893700 2.967200
v -2.148100 7.313500 3.153400
v -2.225900 7.351900 3.112500
v -2.208400 7.344500 3.060800
v -2.114400 7.285000 3.062800
v -1.959100 6.986500 3.031000
v -2.033200 7.043000 3.000800
v -1.937400 7.049000 3.092600
v -2.007400 7.111900 3.063400
v -2.056800 7.187300 3.047600
v -2.060300 7.238300 3.130800
v -2.013600 7.174400 3.176700
v -2.001500 7.147200 3.116100
v -2.041700 7.201900 3.093800
v -2.116500 7.183800 2.951800
v -2.078900 7.118600 2.973800
v -2.142600 7.306500 2.974100
v -2.160100 7.224700 2.915000
v -2.201900 7.360700 3.005500
v -1.934500 7.093000 3.153100
v -1.960300 7.103600 3.236400
v 2.772200 5.385600 5.369900
v 2.853200 5.307100 5.443100
v 2.811600 5.220500 5.370800
v 2.719200 5.272100 5.270800
v 2.897400 5.163400 5.452000
v 2.928900 5.225000 5.505400
v 2.836500 5.119900 5.412400
v 2.769400 5.134600 5.334600
v 2.640600 5.148800 5.199500
v 2.840100 5.069200 5.441700
v 2.745800 5.069100 5.356300
v 2.733600 5.009700 5.394200
v 2.820800 5.007500 5.467800
v 2.661600 4.995000 5.302800
v 2.670300 5.059600 5.243700
v 2.921700 5.096900 5.494100
v 2.963400 5.149200 5.551100
v 2.951900 5.073700 5.594000
v 2.901600 5.029900 5.527600
v 2.920300 5.264200 5.682500
v 2.965300 5.200600 5.621800
v 2.936500 5.280500 5.571500
v 2.909600 5.316900 5.631700
v 2.899800 5.183400 5.747300
v 2.948800 5.123100 5.674700
v 2.859800 4.969500 5.578000
v 2.789400 4.954900 5.515800
v 2.893700 5.001200 5.639600
v 2.782800 4.954500 5.659500
v 2.769000 4.940300 5.604400
v 2.736800 4.937700 5.543800
v 2.833100 5.081500 5.775900
v 2.885500 5.041400 5.709300
v 2.777800 4.976700 5.719400
v 2.753900 5.014900 5.760700
v 2.644500 5.010500 5.755700
v 2.627100 4.955100 5.697900
v 2.500200 5.007800 5.763000
v 2.476600 4.925200 5.693500
v 2.635300 4.923100 5.642900
v 2.485100 4.888300 5.616600
v -1.091700 6.075700 4.345100
v -0.739700 5.961700 4.564300
v -0.712200 6.068200 4.573500
v -1.065800 6.182100 4.342700
v -0.449000 5.890800 4.705300
v -0.423900 5.984100 4.727300
v -1.001100 5.955400 4.121000
v -1.431900 6.146800 3.868300
v -1.403300 6.092300 3.831500
v -0.983500 5.900800 4.090500
v -1.780900 6.221800 3.625800
v -1.822000 6.263600 3.663300
v -1.965100 6.261300 3.554500
v -2.022900 6.282400 3.589900
v -1.936400 6.357300 3.989100
v -1.523100 6.291200 4.136400
v -1.934100 6.284900 3.926400
v -1.532100 6.204100 4.103600
v -2.127500 6.394700 3.878700
v -2.127000 6.464600 3.928900
v -2.227100 6.459700 3.887700
v -2.103800 6.354400 3.812100
v -2.211400 6.406300 3.820300
v -2.173500 6.363600 3.740200
v -1.521200 6.170800 4.044300
v -1.501300 6.161600 3.982200
v -1.909100 6.265100 3.857700
v -1.895400 6.259900 3.797200
v -1.049400 6.022100 4.210100
v -1.082300 6.022600 4.283600
v -2.078800 6.333600 3.729100
v -2.060700 6.316500 3.654300
v -2.155400 6.310500 3.640200
v -1.865300 6.263000 3.728500
v -2.240700 6.279300 3.613500
v -2.248800 6.348500 3.694700
v -2.070400 6.332800 3.778800
v -2.274400 6.402800 3.775500
v -2.297500 6.462700 3.844400
v -1.468600 6.163800 3.923100
v -1.019800 6.006100 4.158700
v -2.413100 6.608700 3.922600
v -2.522400 6.539400 3.833500
v -2.388700 6.698800 4.073300
v -2.360500 6.675500 4.058700
v -2.312700 6.706400 4.155700
v -2.283300 6.678900 4.131100
v -2.304000 6.525300 3.903900
v -2.304100 6.587800 3.944200
v -2.220000 6.534900 3.924100
v -2.200900 6.602300 3.976400
v -2.115400 6.541100 3.938100
v -2.104500 6.587700 3.970000
v -2.331800 6.643200 4.021300
v -2.319800 6.621600 3.985300
v -2.224700 6.623300 4.027400
v -2.240000 6.638900 4.068000
v -2.325000 6.658600 4.057500
v -2.254700 6.657500 4.105400
v -2.079300 6.609000 4.010700
v -2.105700 6.620700 4.038500
v -1.907000 6.609300 4.072300
v -1.920400 6.645000 4.124500
v -2.180900 6.682600 4.203600
v -2.213400 6.717700 4.240100
v -2.004600 6.703300 4.330700
v -2.042200 6.739600 4.377600
v -2.242000 6.767700 4.266000
v -2.076500 6.795700 4.414700
v -2.132400 6.646400 4.119100
v -2.153000 6.663000 4.161500
v -1.952500 6.693000 4.229300
v -1.975500 6.693100 4.281300
v -1.933500 6.677400 4.174800
v -2.120100 6.633400 4.076600
v -1.709000 6.745100 4.575900
v -1.385000 6.760100 4.904000
v -1.446700 6.774700 4.965800
v -1.761600 6.751600 4.637500
v -1.810100 6.804900 4.685600
v -1.502800 6.837500 5.014000
v -1.148700 6.429300 4.533200
v -1.550900 6.541800 4.266800
v -1.205300 6.527300 4.633200
v -1.583900 6.597600 4.346300
v -1.264200 6.632900 4.731600
v -1.621000 6.655000 4.421200
v -1.652600 6.708000 4.482100
v -1.315200 6.718300 4.812900
v -1.347100 6.758800 4.859400
v -1.676500 6.740700 4.527200
v -0.882200 6.859600 5.535100
v -0.965700 6.900300 5.605700
v -1.169200 6.848700 5.304900
v -1.101900 6.807800 5.245900
v -1.225100 6.927900 5.348600
v -1.026500 6.996900 5.651800
v -0.803000 6.339900 4.782000
v -0.543100 6.267600 4.988300
v -0.878900 6.478600 4.909000
v -0.637100 6.433800 5.143700
v -0.702600 6.636600 5.294700
v -0.944900 6.636400 5.036300
v -1.005600 6.758800 5.144400
v -0.766600 6.790200 5.425800
v -0.820500 6.850400 5.489200
v -1.051500 6.805800 5.201100
v -0.080300 6.909300 6.347000
v 0.261400 6.890400 6.605600
v 0.167400 6.888700 6.699700
v -0.179000 6.919500 6.432400
v 0.586800 6.853900 7.015400
v 0.678700 6.866100 6.909700
v 0.481900 6.903600 7.108600
v 0.065200 6.940600 6.786700
v -0.274300 6.989500 6.506000
v 0.283100 6.846200 6.540700
v 0.295700 6.716000 6.456300
v -0.040400 6.887700 6.279700
v -0.025100 6.762500 6.206600
v 0.720200 6.691500 6.715700
v 0.690500 6.808700 6.839000
v -0.892500 7.246200 4.964400
v -0.560300 7.221700 5.301500
v -0.531900 7.103600 5.270100
v -0.867700 7.149100 4.923500
v -1.240500 7.184600 4.539900
v -1.233000 7.273400 4.562400
v -1.247500 7.366900 4.603900
v -0.914900 7.350100 4.998800
v -0.585300 7.354800 5.319900
v -1.480600 7.204900 4.202100
v -1.489500 7.272700 4.227900
v -1.665800 7.268600 3.962900
v -1.651600 7.213700 3.943700
v -1.693300 7.323600 3.984000
v -1.511000 7.342800 4.262100
v -1.405300 6.873200 3.968400
v -1.120000 6.756400 4.235600
v -1.633100 6.926300 3.767900
v -1.647200 6.993200 3.850700
v -1.428200 6.944300 4.080200
v -1.142600 6.863600 4.361500
v -1.206600 7.058900 4.489600
v -1.479200 7.087900 4.177400
v -1.486500 7.146100 4.194100
v -1.224100 7.124800 4.514000
v -1.672700 7.110000 3.924100
v -1.657800 7.163000 3.932400
v -1.453700 7.019300 4.142700
v -1.665300 7.051400 3.899700
v -1.175600 6.967500 4.442500
v -1.895800 7.250800 3.656500
v -1.971200 7.285900 3.563100
v -1.961800 7.322500 3.616400
v -1.887100 7.283700 3.686300
v -2.021900 7.378200 3.587600
v -2.066100 7.331600 3.494200
v -1.998000 7.383800 3.693100
v -1.934500 7.341800 3.701000
v -1.879500 7.312000 3.727800
v -1.849300 7.076300 3.561800
v -1.760900 6.980100 3.580200
v -1.739800 7.010200 3.484100
v -1.834800 7.094200 3.417400
v -1.810900 7.001300 3.717700
v -1.767700 6.953500 3.675800
v -1.785200 7.230200 3.769200
v -1.788500 7.272800 3.788500
v -1.813200 7.311900 3.808200
v -1.926400 7.152800 3.343300
v -2.027000 7.193900 3.274700
v -1.998000 7.241600 3.384200
v -1.906400 7.176200 3.448300
v -1.904500 7.177800 3.509000
v -1.944200 7.213800 3.499700
v -1.896900 7.170900 3.612200
v -1.892600 7.115600 3.610100
v -2.028900 7.292400 3.429700
v -2.100500 7.349400 3.342200
v -2.094400 7.296300 3.289300
v -2.127800 7.407300 3.387700
v -1.896100 7.215700 3.627900
v -1.968900 7.247600 3.522400
v -2.088900 7.254200 3.209400
v -1.808600 7.137800 3.745300
v -1.796700 7.186100 3.756800
v -1.822200 7.072700 3.739800
v -1.834000 7.381700 4.029900
v -1.744800 7.369400 4.013800
v -1.866100 7.349300 3.822700
v -1.937600 7.372400 3.825400
v -1.642900 7.407600 4.383600
v -1.568000 7.404900 4.313800
v -1.326100 7.409200 4.684700
v -1.413200 7.410500 4.769400
v -1.830000 7.425400 4.281100
v -1.719200 7.462300 4.497200
v -1.689000 7.421500 4.446100
v -1.846300 7.395600 4.158000
v -1.461100 7.450000 4.824400
v -1.504500 7.495200 4.871800
v -0.988000 7.414300 5.070300
v -1.086300 7.401800 5.160900
v -0.762500 7.451800 5.478800
v -0.655600 7.463300 5.384600
v -1.144700 7.449300 5.208500
v -1.215100 7.506500 5.249000
v -0.924700 7.547600 5.555000
v -0.832800 7.482900 5.523800
v 0.133700 7.430000 6.438600
v 0.060600 7.459700 6.542900
v 0.367700 7.503700 6.764700
v 0.456100 7.471400 6.663700
v 0.197700 7.561000 6.854500
v -0.082700 7.515500 6.637200
v 0.504500 7.603100 7.099600
v 0.706300 7.560000 7.020000
v 0.813000 7.529100 6.931800
v 0.364600 7.128400 7.172000
v -0.031100 7.141800 6.854700
v 0.002300 7.033100 6.841800
v 0.418800 7.023600 7.150400
v -0.326800 7.074800 6.550900
v -0.359100 7.168600 6.567700
v -1.554600 7.005800 5.046200
v -1.530800 6.924100 5.032800
v -1.259400 7.003600 5.370100
v -1.295600 7.075200 5.389500
v -1.063500 7.073000 5.670900
v -1.099000 7.140300 5.684500
v -2.102500 6.859700 4.442000
v -2.264900 6.820500 4.285900
v -2.279900 6.875700 4.301200
v -2.115700 6.925300 4.457100
v -1.843700 6.878500 4.716700
v -1.859800 6.957500 4.729300
v -2.120500 6.978500 4.467600
v -2.287500 6.928500 4.317100
v -2.112400 7.036000 4.461600
v -2.282400 6.980600 4.333500
v -2.409600 6.946000 4.268100
v -2.394800 6.882700 4.226400
v -2.477100 6.848200 4.148100
v -2.504000 6.899500 4.167900
v -1.867500 7.022800 4.733900
v -1.881500 7.081700 4.738700
v -1.572100 7.080400 5.052300
v -1.608500 7.148900 5.070000
v -2.263300 7.032700 4.355500
v -2.325400 7.038400 4.349600
v -2.128900 7.092900 4.473200
v -2.183000 7.154300 4.510800
v -1.980300 7.362700 3.928200
v -1.955800 7.395000 4.048200
v -2.029000 7.423300 4.026600
v -2.067200 7.380600 3.889500
v -1.944800 7.487400 4.238000
v -1.897000 7.443600 4.231700
v -2.164300 7.434700 3.856600
v -2.124600 7.410000 3.873800
v -2.112400 7.422400 3.797700
v -2.134900 7.435900 3.768500
v -2.071600 7.412200 3.791800
v -2.091300 7.437600 3.727100
v -2.009200 7.393000 3.806900
v -2.048100 7.416700 3.701100
v 2.066700 7.055400 7.759300
v 1.996600 7.060300 7.871200
v 1.917300 7.002100 7.833100
v 2.005400 6.989300 7.705500
v 2.096000 7.110500 7.796900
v 2.056400 7.136300 7.879400
v 1.986400 7.164100 7.926400
v 1.915000 7.133100 7.931200
v 1.818700 7.091100 7.904500
v 1.997700 7.434800 7.733600
v 1.922300 7.416400 7.847100
v 2.005300 7.382400 7.857000
v 2.072300 7.324500 7.700000
v 2.030700 7.341300 7.632700
v 2.065300 7.360600 7.788100
v 1.910100 7.490400 7.664900
v 1.965500 7.374200 7.544600
v 1.804200 7.457200 7.799600
v 1.751100 7.281500 7.904300
v 1.877600 7.287900 7.936500
v 1.885500 7.353000 7.902200
v 1.757800 7.374600 7.868500
v 1.993100 7.275000 7.925000
v 2.003000 7.327800 7.899300
v 2.104600 7.249000 7.840600
v 2.097200 7.299700 7.817600
v 2.100000 7.210700 7.699600
v 2.089300 7.267400 7.692300
v 1.987100 7.219200 7.932200
v 1.882500 7.212000 7.944700
v 1.769800 7.189400 7.912900
v 2.090800 7.202700 7.865300
v 2.110700 7.158400 7.746800
v 2.023400 7.047400 7.580600
v 2.076700 7.104300 7.656700
v 2.048200 7.175600 7.597400
v 1.997600 7.141200 7.505400
v 2.031600 7.251300 7.594800
v 1.969300 7.246400 7.506000
v -2.274400 7.746500 4.225100
v -2.177600 7.898900 4.533300
v -2.108700 7.885700 4.511900
v -2.207100 7.733200 4.201000
v -1.985100 8.076700 4.880800
v -2.058000 8.108400 4.904500
v -1.928700 8.023800 4.864400
v -2.049300 7.852100 4.491500
v -2.149400 7.697600 4.180500
v -2.353000 7.733400 4.228800
v -2.261900 7.885300 4.534700
v -2.354300 7.848800 4.556900
v -2.441100 7.696900 4.254400
v -2.258600 8.078500 4.941800
v -2.154100 8.107600 4.914300
v -2.361500 7.499800 3.832300
v -2.332100 7.611300 3.992800
v -2.268700 7.596100 3.975200
v -2.303300 7.485900 3.819600
v -2.216500 7.561900 3.966600
v -2.250300 7.465700 3.816700
v -2.415100 7.499500 3.843900
v -2.400100 7.601100 4.002000
v -2.483000 7.573100 4.033000
v -2.497200 7.472700 3.858400
v -2.134900 7.467800 3.662300
v -2.176400 7.463000 3.729000
v -2.234600 7.489100 3.699100
v -2.205100 7.515600 3.593300
v -2.205600 7.451400 3.832900
v -2.562400 7.380900 3.816500
v -2.489900 7.471600 3.739700
v -2.600500 7.427900 3.694200
v -2.571600 7.416300 3.744200
v -2.512600 7.516000 3.660100
v -2.637500 7.427500 3.635000
v -2.584000 7.529500 3.637200
v -2.175000 7.481300 3.435400
v -2.225000 7.571000 3.481600
v -2.114900 7.452700 3.525900
v -2.079800 7.434600 3.608700
v -2.549800 7.620600 3.566000
v -2.489700 7.619300 3.580800
v -2.451900 7.676600 3.467200
v -2.541200 7.692300 3.470900
v -2.307800 7.490300 3.696300
v -2.303200 7.551700 3.611400
v -2.385200 7.540100 3.625700
v -2.376000 7.488500 3.710000
v -2.492500 7.686000 3.329400
v -2.414100 7.653900 3.287800
v -2.355400 7.648300 3.411600
v -2.560200 7.702300 3.365400
v -2.449900 7.604200 3.597700
v -2.398300 7.629400 3.561600
v -2.441800 7.520200 3.642400
v -2.314700 7.616600 3.522800
v -2.429500 7.482600 3.724900
v -2.586800 7.314300 3.904300
v -2.573700 7.395300 3.987300
v -2.634900 7.241700 3.993000
v -2.630700 7.309600 4.098000
v -2.585400 6.997400 4.193700
v -2.544000 6.948900 4.181000
v -2.468900 6.992100 4.282400
v -2.526000 7.037900 4.303400
v -2.612600 7.010600 4.035600
v -2.594500 6.939700 4.042100
v -2.614800 7.047800 4.214000
v -2.643600 7.085500 4.148000
v -2.586800 7.097000 4.306200
v -2.648500 7.156800 4.267100
v -2.640400 7.158100 4.072800
v -2.664300 7.097700 3.978300
v -2.668600 7.231800 4.193900
v -2.380400 7.168200 4.558300
v -2.465200 7.077900 4.410300
v -2.391300 7.046200 4.378900
v -2.294400 7.162100 4.513500
v -2.601400 7.403800 4.246900
v -2.556700 7.496500 4.131400
v -2.523100 7.626400 4.348500
v -2.552600 7.527800 4.459700
v -2.610000 7.234000 4.399400
v -2.622400 7.320400 4.336600
v -2.563400 7.436200 4.538200
v -2.533200 7.341400 4.579900
v -2.469100 7.240700 4.584300
v -2.543700 7.148100 4.418300
v -2.469600 7.678700 4.754600
v -2.436300 7.775900 4.647900
v -2.340900 8.000300 5.030900
v -2.380500 7.901100 5.131300
v -2.149000 7.571400 5.176500
v -2.249700 7.624900 5.215600
v -2.358600 7.408900 4.848400
v -2.263300 7.353600 4.806500
v -2.422000 7.506400 4.852000
v -2.324300 7.719400 5.222000
v -2.460600 7.590400 4.822700
v -2.360300 7.809900 5.191700
v -2.289800 8.232500 5.588800
v -2.246800 8.335600 5.504500
v -2.213300 8.540800 5.998500
v -2.179000 8.660200 5.925100
v -2.077200 8.727200 5.841000
v -2.154900 8.398400 5.425000
v -1.973300 8.038900 6.062700
v -2.086300 8.121900 6.072900
v -2.153500 7.889500 5.665500
v -2.042800 7.828900 5.636500
v -2.239600 7.996900 5.665100
v -2.163900 8.256200 6.054400
v -2.199500 8.403300 6.032700
v -2.273300 8.118500 5.636500
v -1.602300 9.418900 7.561000
v -1.489400 9.518000 7.500500
v -1.591600 9.289400 7.189200
v -1.680600 9.205500 7.237400
v -1.486300 9.339200 7.146800
v -1.350700 9.561700 7.447200
v -1.612300 9.183500 6.871900
v -1.711700 9.137100 6.911700
v -1.787500 9.051400 6.960000
v -1.720900 8.973500 7.368300
v -1.739500 9.103100 7.307100
v -1.824300 8.947600 7.033100
v -1.811600 8.821700 7.096500
v -1.635800 9.149700 7.690000
v -1.658800 9.292200 7.629100
v -1.387100 8.945200 7.723200
v -1.541600 9.008400 7.737500
v -1.639200 8.827300 7.401600
v -1.488200 8.761600 7.361800
v -1.733100 8.679000 7.109900
v -1.604600 8.593100 7.064200
v 0.734600 3.896300 1.778800
v 0.495400 3.993300 1.775300
v 0.559300 4.072300 1.779600
v 0.790900 3.967600 1.791800
v 0.613600 4.138200 1.819200
v 0.840900 4.032000 1.821400
v 0.620600 4.137000 1.961600
v 0.633300 4.160300 1.890200
v 0.863000 4.062100 1.963500
v 0.869200 4.070500 1.882800
v 0.588600 4.089100 2.020900
v 0.556400 4.038200 2.094000
v 0.793700 3.977700 2.103200
v 0.820300 4.002900 2.025000
v 1.727300 5.396400 4.810100
v 1.378300 5.528300 4.654700
v 1.379900 5.585100 4.712600
v 1.743700 5.453800 4.865800
v 1.701100 5.312400 4.715900
v 1.361100 5.435500 4.568000
v 1.004300 5.622300 4.537700
v 0.992000 5.522900 4.454500
v 1.420200 3.539800 2.182800
v 1.460600 3.501200 2.102800
v 1.356100 3.464600 2.182300
v 1.408200 3.429500 2.121500
v 1.289900 3.303900 1.916900
v 1.335700 3.309200 1.822700
v 1.177300 3.320400 1.862600
v 1.201000 3.334700 1.769600
v 1.393800 3.550900 2.380000
v 1.362700 3.507100 2.242100
v 1.416800 3.562000 2.243800
v 1.455400 3.593000 2.381000
v 2.649200 4.915600 5.498200
v 2.692900 4.952400 5.439200
v 2.494900 4.907900 5.404700
v 2.604500 4.919100 5.347700
v 2.510900 4.903000 5.111800
v 2.600500 4.963800 5.223400
v 2.534400 4.881900 5.277300
v 2.452600 4.836800 5.165000
v 2.413800 4.890500 5.303800
v 2.339500 4.851100 5.173600
v 2.492500 4.882300 5.518600
v 2.636600 4.905600 5.571000
v 2.720500 5.130000 5.804400
v 2.801000 5.267700 5.775700
v 2.701200 5.364600 5.824600
v 2.594500 5.172500 5.786300
v 1.700900 7.499500 7.743500
v 1.825600 7.528200 7.595700
v 1.736900 7.551500 7.518100
v 1.586100 7.550600 7.679900
v 1.901800 7.407100 7.462700
v 1.830000 7.430400 7.386700
v 1.624400 7.390500 7.830600
v 1.609800 7.255100 7.846300
v 1.499500 7.419600 7.835000
v 1.421500 7.226100 7.842300
v 1.857300 6.896100 7.581300
v 1.922900 6.953200 7.449000
v 1.964500 7.004400 7.515000
v 1.933700 6.951500 7.646600
v 1.952600 7.106900 7.424600
v 1.901300 7.066100 7.327900
v 1.913200 7.242100 7.425900
v 1.850600 7.247900 7.352900
v 2.797200 5.478000 5.497400
v 2.870500 5.379500 5.536200
v 2.856600 5.399900 5.636800
v 2.773800 5.532900 5.658000
v 2.836800 5.357700 5.718100
v 2.776500 5.465500 5.774100
v 0.674400 5.831500 5.740000
v 0.303600 5.921800 5.582000
v 1.134600 5.753900 5.923500
v 0.975800 6.081400 6.225600
v 0.505000 6.102500 6.043600
v 0.143600 6.172700 5.850000
v 0.367100 6.427300 6.296100
v 0.028100 6.484400 6.070100
v 0.831100 6.427500 6.494400
v 0.016700 3.749700 1.368400
v 0.199100 3.588800 1.417500
v 0.115600 3.480000 1.185600
v -0.061700 3.639500 1.150900
v 0.309300 3.332400 1.232100
v 0.417200 3.460800 1.452100
v 0.217700 3.226600 0.992600
v 0.031400 3.369800 0.954900
v -0.128700 3.538100 0.923500
v 0.375300 3.198500 1.534500
v 0.267600 3.257700 1.540200
v 0.189800 3.136200 1.372500
v 0.295200 3.076200 1.363200
v 0.482400 3.146000 1.522700
v 0.399300 3.024400 1.346300
v 0.908500 3.159400 1.311600
v 0.887600 3.132600 1.344600
v 0.762000 3.040500 1.154600
v 0.781100 3.063700 1.121200
v 1.021300 3.256900 1.480400
v 1.001800 3.232500 1.512900
v 0.963900 3.211600 1.545000
v 0.851500 3.110100 1.377900
v 0.734200 3.016800 1.189600
v 1.098700 3.298700 1.658300
v 1.067700 3.283500 1.704200
v 1.111400 3.321800 1.611900
v 1.115500 3.361600 1.566500
v 1.067000 3.411000 1.566300
v 1.002500 3.293200 1.459300
v 0.952500 3.322500 1.455500
v 0.889400 3.200700 1.287200
v 0.793400 3.104500 1.081600
v 0.758400 3.153700 1.051700
v 0.843800 3.226600 1.275000
v 0.622100 3.747800 1.710000
v 0.388100 3.846500 1.705100
v 0.447400 3.929800 1.753200
v 0.685800 3.835200 1.753100
v 0.239700 4.038500 1.729200
v 0.185000 3.968200 1.672100
v 0.296500 3.719800 1.596700
v 0.101800 3.862000 1.551500
v 0.527900 3.612500 1.610100
v 2.265300 4.707700 4.953600
v 2.361600 4.698300 4.951300
v 2.188200 4.453300 4.698600
v 2.268300 4.472600 4.677400
v 2.427500 4.742500 4.911200
v 1.234000 5.031700 4.197400
v 1.151000 4.744900 3.955700
v 1.442400 4.639800 4.066700
v 1.533700 4.901000 4.342800
v 1.330100 4.393700 3.743200
v 1.049100 4.476200 3.665000
v 1.308600 5.265700 4.408000
v 0.956600 5.358800 4.296700
v 1.632400 5.141500 4.552900
v 2.124700 4.237000 4.338400
v 1.993600 3.990500 3.959900
v 2.081300 4.184100 4.375900
v 1.953700 3.927200 3.997800
v 1.553300 3.649500 2.692700
v 1.711900 3.715600 3.097900
v 1.647400 3.641900 3.116700
v 1.489400 3.609500 2.696600
v 1.877100 3.809800 3.530700
v 1.805200 3.747400 3.563300
v 1.899500 3.899000 3.503700
v 1.015700 4.070500 2.999000
v 0.787600 4.203400 2.947100
v 0.913600 4.297300 3.320000
v 1.164100 4.186700 3.392000
v 0.609400 5.510900 5.053400
v 0.940100 5.373600 5.188300
v 0.916500 5.458700 5.242200
v 0.582600 5.603500 5.103000
v 1.331000 5.312300 5.435000
v 1.330500 5.209300 5.382000
v 1.565100 3.569800 1.808000
v 1.571000 3.593000 1.872700
v 1.490800 3.671900 1.853000
v 1.474500 3.653600 1.786600
v 1.542700 3.533200 1.756400
v 1.452100 3.619000 1.737900
v 1.278800 3.398200 2.133500
v 1.349200 3.378100 2.101000
v 1.304000 3.341900 2.056100
v 1.219900 3.348300 2.078200
v 1.196100 3.320600 1.992800
v 1.282500 3.316000 1.994000
v 0.822100 3.980900 2.323700
v 0.597100 4.079700 2.328500
v 0.682000 4.139400 2.596300
v 0.909700 4.031500 2.612500
v 0.561000 4.048500 2.184600
v 0.790600 3.971400 2.177600
v 0.572900 3.948400 2.674200
v 0.761600 3.902600 2.669600
v 0.539600 3.813800 2.428300
v 0.709200 3.769600 2.410900
v 0.901200 3.706100 2.395200
v 0.973600 3.827900 2.672000
v 0.684600 3.705100 2.298600
v 0.528700 3.764600 2.313500
v 0.868200 3.647400 2.272300
v 1.723800 7.051700 7.844700
v 1.837600 6.961400 7.773500
v 1.749000 6.931800 7.711000
v 1.627500 7.014900 7.782600
v 1.648100 7.156500 7.852500
v 1.520200 7.111500 7.817400
v 0.264300 7.269800 6.215200
v 0.569500 7.293000 6.450700
v 0.566800 7.189000 6.421700
v 0.268700 7.157900 6.172500
v 0.937300 7.240200 6.674000
v 0.942600 7.355200 6.693700
v 0.943700 7.149000 6.633200
v 0.569700 7.096500 6.374800
v 0.257900 7.047200 6.137400
v 0.538900 7.433400 6.524200
v 0.224000 7.409700 6.296900
v 0.906100 7.495900 6.783700
v 0.929400 5.913100 4.833000
v 0.880800 5.919200 4.901500
v 1.281800 5.836500 5.002800
v 1.320600 5.817700 4.941600
v 1.208600 5.894800 5.126100
v 0.802000 5.960700 5.027000
v 1.623200 5.780500 5.302000
v 1.701900 5.720200 5.166900
v 1.739300 5.696500 5.102100
v 1.260600 6.154500 5.923500
v 1.473400 5.964300 5.564000
v 1.046100 6.024000 5.385500
v 0.847300 6.214000 5.710500
v 0.646800 6.072800 5.271100
v 0.475000 6.266500 5.556000
v 2.525900 4.964300 5.049000
v 2.612100 5.034000 5.152000
v 2.557800 5.103900 5.098000
v 2.474900 5.027500 4.998900
v 2.396800 4.870000 4.819600
v 2.451600 4.807600 4.855500
v 1.426700 4.921400 4.749000
v 1.057800 5.027900 4.630800
v 1.086600 5.206400 4.829300
v 1.471800 5.100200 4.953100
v 0.759400 5.321300 4.670500
v 0.733200 5.122800 4.508800
v 0.745300 5.435200 4.844800
v 0.760600 5.406500 4.775300
v 1.101400 5.307900 4.917100
v 1.087600 5.352600 4.979200
v 1.489100 5.184100 5.053600
v 1.481100 5.219400 5.113200
v 2.399000 5.746500 6.271500
v 2.360100 5.699100 6.305200
v 2.551200 5.545900 5.983600
v 2.363600 5.787900 6.209200
v 2.628800 5.614000 5.974600
v 2.573000 5.675800 5.901700
v 2.169300 6.036200 6.583500
v 2.222100 5.995900 6.670000
v 2.204700 5.886800 6.784500
v 2.736100 5.538000 5.839100
v 2.689100 5.602900 5.750800
v 2.671800 5.451200 5.878700
v 1.791100 5.690800 5.021200
v 1.381100 5.810400 4.869400
v 1.421200 5.759500 4.795900
v 1.818500 5.641100 4.942600
v 0.989100 5.893000 4.759400
v 1.401800 5.664100 4.760300
v 1.791100 5.548000 4.893400
v 0.678200 5.450700 4.967300
v 1.001200 5.335400 5.103400
v 0.966700 5.336000 5.145400
v 0.643000 5.466700 5.009600
v 1.350400 5.164200 5.315800
v 1.388800 5.179300 5.253600
v 1.049400 5.361200 5.049100
v 1.442000 5.221800 5.189700
v 0.715000 5.446400 4.911300
v 2.030100 6.441000 6.911000
v 1.935900 6.725500 7.264600
v 2.060100 6.374300 7.017000
v 1.890000 6.792900 7.156800
v 1.838400 6.656500 7.316300
v 1.973600 6.298300 7.074400
v 1.840600 6.810500 7.478900
v 1.914100 6.885900 7.385800
v 1.890400 6.969500 7.267400
v 0.340600 6.527100 5.801900
v 0.675100 6.481900 6.016500
v 0.265600 6.782100 5.975200
v 0.578400 6.776600 6.222700
v 1.057300 6.434400 6.284900
v 0.980900 6.816600 6.468200
v 0.566900 6.981600 6.312200
v 0.971900 7.052600 6.542900
v 0.252700 6.942000 6.072900
v 1.398100 7.451200 7.867000
v 1.436400 7.576000 7.734000
v 1.157400 7.597700 7.745500
v 1.160600 7.555300 7.920700
v 1.069800 7.413900 8.005200
v 1.291500 7.294600 7.883200
v 0.151700 7.333100 7.228000
v -0.219800 7.351800 6.911700
v -0.089900 7.223500 6.868400
v 0.302000 7.206300 7.185200
v -0.426200 7.242700 6.591400
v -0.549500 7.354200 6.643300
v -1.426400 9.074200 6.793300
v -1.304300 9.234500 7.076800
v -1.293800 9.091400 7.073200
v -1.404000 8.931200 6.766400
v -1.106200 9.292100 7.384200
v -1.130900 9.437100 7.373100
v -1.070600 9.169400 7.379100
v -1.271700 8.961400 7.053300
v -1.392400 8.796100 6.738400
v -1.380400 9.328300 7.100200
v -1.222500 9.541500 7.394000
v -1.504800 9.173000 6.822600
v 1.169800 3.721500 1.744500
v 0.968400 3.800400 1.777300
v 1.020000 3.857500 1.795000
v 1.219400 3.765200 1.770800
v 1.062700 3.911200 1.818500
v 1.254700 3.806100 1.802800
v 1.062800 3.951400 2.027700
v 1.029500 3.933700 2.101400
v 1.221400 3.866800 2.094700
v 1.252900 3.860900 2.014400
v 1.282500 3.849300 1.929800
v 1.103300 3.978800 1.948900
v 1.813400 4.225400 3.899900
v 1.597900 4.296400 3.833000
v 1.727500 4.528300 4.180800
v 1.969300 4.463500 4.246000
v 1.832500 4.772300 4.478400
v 2.107400 4.723500 4.520300
v 2.400100 5.242100 5.103100
v 2.112200 5.337900 4.993600
v 2.176700 5.441900 5.031400
v 2.489500 5.363200 5.135800
v 2.220700 5.551900 5.097400
v 2.542600 5.485600 5.229500
v 1.243000 3.588200 2.371000
v 1.193500 3.520000 2.245100
v 1.292700 3.494300 2.242200
v 1.332100 3.551800 2.375100
v 1.268000 3.460100 2.194400
v 1.168300 3.482000 2.201500
v 2.204100 5.012700 5.517200
v 2.220500 5.015000 5.429100
v 2.384900 4.919100 5.484000
v 2.373600 4.917100 5.583500
v 2.374800 4.923400 5.381500
v 2.215400 4.996000 5.330300
v 1.953900 4.476900 4.688000
v 1.835500 4.212400 4.374600
v 1.989500 4.180100 4.391300
v 2.105300 4.455700 4.702900
v 1.850700 3.929400 4.014600
v 1.707400 3.987800 3.989800
v 1.525000 7.581300 7.573400
v 1.656300 7.559000 7.440600
v 1.515800 7.545400 7.314900
v 1.391200 7.556100 7.455300
v 1.751600 7.442600 7.314000
v 1.598700 7.432900 7.194500
v 2.717800 5.534900 5.448900
v 2.551600 5.574100 5.361000
v 2.530500 5.651400 5.482100
v 2.679200 5.580500 5.593900
v 2.697400 5.436800 5.310400
v 1.951700 6.032400 6.435700
v 1.626600 6.042500 6.221100
v 1.483500 6.466900 6.509200
v 1.794800 6.449500 6.739500
v 1.407900 6.876000 6.691100
v 1.678100 6.830700 6.968300
v 0.538300 3.135600 1.065100
v 0.389200 3.157700 1.034400
v 0.493500 3.269600 1.262000
v 0.650600 3.265400 1.267200
v 0.618900 3.415600 1.452000
v 0.778300 3.401600 1.442600
v 1.114700 3.545200 1.648400
v 1.221500 3.603700 1.690500
v 1.096900 3.677500 1.714700
v 1.003600 3.612800 1.668900
v 1.304000 3.643800 1.726700
v 1.350700 3.684100 1.756800
v 1.377900 3.718900 1.794200
v 0.909100 3.748000 1.746700
v 0.833500 3.673700 1.695000
v 1.399700 3.740300 1.851700
v 1.278700 3.831200 1.857100
v 1.398700 3.752000 1.927000
v 1.364400 3.766100 2.013700
v 1.332300 3.782400 2.100000
v 1.095700 3.955900 1.866800
v 1.331900 3.793200 2.172800
v 1.222600 3.875400 2.158000
v 1.275300 3.917700 2.296000
v 1.381400 3.824700 2.319600
v 1.027700 3.932800 2.165200
v 1.075900 3.977400 2.300300
v 1.579600 3.905300 3.070100
v 1.733600 4.001600 3.523200
v 1.635900 4.036800 3.495600
v 1.474500 3.929500 3.055700
v 1.925200 4.200600 3.927000
v 2.095600 4.439900 4.271200
v 2.238100 4.688300 4.556200
v 1.431400 4.110200 3.444400
v 1.271200 3.993500 3.028700
v 2.407100 5.057500 4.974300
v 2.483500 5.139300 5.072600
v 2.343500 5.184900 5.027700
v 2.276000 5.099200 4.932600
v 2.544400 5.192800 5.159000
v 2.638800 5.311600 5.208200
v 2.075300 5.281700 4.929000
v 2.021500 5.189900 4.845000
v 0.807900 3.210400 1.607900
v 0.908900 3.305900 1.771500
v 0.779800 3.346200 1.799300
v 0.685100 3.240600 1.639400
v 0.861200 3.399700 1.953900
v 0.995400 3.349000 1.927400
v 1.040100 3.329600 2.048600
v 0.902000 3.386800 2.074500
v 0.940900 3.415600 2.145800
v 1.080500 3.362000 2.123600
v 1.127900 3.314400 2.015500
v 1.089300 3.327800 1.893100
v 1.160800 3.349300 2.098600
v 1.003800 3.289000 1.740200
v 0.900900 3.197600 1.578500
v 1.127200 3.420900 2.170800
v 0.982600 3.470800 2.193000
v 1.020100 3.536100 2.214700
v 1.044700 3.576200 2.256300
v 1.089900 3.642600 2.379200
v 1.215700 3.408200 2.149900
v 2.114400 4.900000 5.135000
v 2.175200 4.972300 5.247800
v 1.861400 5.044100 5.177300
v 1.827900 4.980300 5.067500
v 1.879600 5.075100 5.238600
v 1.870000 5.116000 5.325400
v 1.832300 5.086200 5.403000
v 2.325900 4.918300 5.293000
v 2.263000 4.876300 5.156200
v 1.437300 3.704400 3.118800
v 1.561100 3.801300 3.570100
v 1.347900 3.884700 3.538500
v 1.256200 3.798800 3.096800
v 1.472400 4.073200 3.939500
v 1.584000 4.304800 4.298900
v 1.690000 4.568400 4.599000
v 1.698400 3.748000 3.581100
v 1.555300 3.652500 3.125100
v 2.196200 5.065500 5.651900
v 2.259900 5.190800 5.744000
v 1.838900 5.240900 5.590400
v 1.803100 5.125200 5.529900
v 2.322800 5.313500 5.825600
v 1.851100 5.319000 5.706800
v 1.846700 5.347600 5.760100
v 2.247300 5.460300 5.973400
v 1.783200 5.428000 5.862800
v 2.327200 5.369400 5.868800
v 2.564800 5.340300 5.828700
v 2.568700 5.417200 5.878300
v 2.474000 5.529200 5.987000
v 2.482800 5.187100 5.769200
v 2.382400 5.018500 5.743700
v 1.543200 6.620000 7.215400
v 1.522400 6.763000 7.376800
v 1.168400 6.831100 7.099300
v 1.197800 6.696000 6.949900
v 1.523000 6.837300 7.462400
v 1.146400 6.875100 7.204000
v 1.050500 6.855100 7.323700
v 1.442700 6.881600 7.557800
v 1.323100 6.933800 7.646100
v 0.932900 6.887100 7.424200
v 1.727500 6.867700 7.557300
v 1.645800 6.909200 7.660800
v 1.525600 6.980400 7.739000
v 1.729600 6.778700 7.476000
v 1.744500 6.631800 7.301800
v 0.835500 6.994800 7.484400
v 1.209900 7.028600 7.703500
v 1.104400 7.118400 7.742100
v 0.745300 7.085800 7.525800
v 0.674500 7.165300 7.531500
v 1.011900 7.196500 7.760500
v 0.820800 7.368400 7.772700
v 0.517200 7.334000 7.541900
v 1.296200 7.160100 7.827800
v 1.191500 7.227000 7.867000
v 0.969700 7.373000 7.893100
v 1.409100 7.074400 7.786300
v -1.259300 9.153300 8.062400
v -1.390800 9.219600 8.055100
v -1.270500 9.382100 8.319400
v -1.160600 9.313600 8.340000
v -1.337000 9.488200 8.270100
v -1.489400 9.335700 8.015800
v -1.511200 9.470300 7.958100
v -1.337500 9.595600 8.211900
v -1.460500 9.597500 7.892800
v -1.291200 9.694200 8.156600
v -1.182200 9.760600 8.104900
v -1.333700 9.678200 7.832100
v -1.193300 9.702800 7.781600
v -1.063000 9.788200 8.057000
v -1.080200 9.672100 7.733900
v -0.967000 9.767400 8.006000
v -0.899000 9.687300 7.984800
v -0.995300 9.585700 7.708100
v -0.948000 9.464100 7.717300
v -0.863400 9.582100 8.006300
v -0.855000 9.480500 8.046400
v -0.941800 9.346600 7.744900
v 1.014500 7.588100 7.598100
v 1.263400 7.560200 7.524500
v 1.018000 7.556800 7.300500
v 0.801100 7.636200 7.359700
v 1.135400 7.529400 7.226700
v 1.238700 7.497700 7.089100
v 1.302300 7.394300 6.973100
v 1.393500 7.588500 7.635200
v 1.122900 7.589300 7.692700
v 1.301000 7.272300 6.954200
v 1.609200 7.292000 7.169000
v 1.618100 7.170300 7.136100
v 1.303900 7.167900 6.923800
v 1.340300 7.061000 6.835800
v 1.637500 7.048500 7.075600
v 1.796800 7.016200 7.199600
v 1.812400 6.805600 7.101700
v 1.791600 7.132800 7.247600
v 1.772000 7.274700 7.283700
v 2.347900 5.727800 5.740200
v 2.469600 5.700300 5.576300
v 2.134400 5.718700 5.375800
v 2.027200 5.731800 5.535400
v 2.187300 5.695700 5.291300
v 2.220600 5.639100 5.191600
v 2.616400 5.633000 5.690200
v 2.500500 5.701300 5.845400
v 2.308900 5.799500 6.161700
v 2.156600 5.801600 6.061900
v 2.114300 6.042100 6.533700
v 1.961600 6.455800 6.843800
v 1.840700 5.821200 5.847100
v 1.860800 6.294200 7.038400
v 1.646300 6.285000 6.969700
v 1.809300 5.877700 6.668900
v 2.044700 5.878100 6.738800
v 2.278800 5.679600 6.309500
v 2.047500 5.620700 6.282200
v 1.424900 5.965500 6.475500
v 1.623700 5.662200 6.130600
v 1.277500 6.354800 6.754000
v 0.769700 3.257000 1.263400
v 0.664200 3.150100 1.059100
v 0.885200 3.361300 1.448200
v 0.717400 3.089700 1.453400
v 0.797700 3.092800 1.414500
v 0.689900 2.990800 1.230500
v 0.618500 2.972600 1.276300
v 0.513200 2.983300 1.318500
v 0.604000 3.104800 1.495300
v 0.736300 3.563200 1.588100
v 0.897400 3.521500 1.573400
v 1.001000 3.461100 1.573300
v 2.335700 4.902300 4.793700
v 2.210700 4.949800 4.744500
v 1.942300 5.016000 4.685400
v 2.045500 4.724600 4.941200
v 1.776800 4.816600 4.854200
v 2.193800 4.710100 4.952000
v 1.340900 3.671700 2.681700
v 1.175500 3.738900 2.677800
v 1.430800 3.629000 2.689700
v 1.464300 3.859200 2.642500
v 1.356900 3.917900 2.623400
v 1.153400 3.966000 2.617400
v 2.362200 4.942600 5.662800
v 2.191100 5.024600 5.575900
v 1.808700 5.085800 5.462800
v -2.761300 6.976600 3.948800
v -2.735900 6.912700 3.964100
v -2.855700 6.960000 3.915400
v -2.863500 6.909500 3.893800
v -2.926300 6.931700 3.622800
v -2.800600 6.994200 3.590500
v -2.837500 7.079900 3.619800
v -2.971500 7.020200 3.664400
v -2.996900 6.906300 3.789500
v -3.022100 6.957500 3.728800
v -2.967200 6.871700 3.686200
v -2.952100 6.826200 3.746500
v -2.979500 7.097800 3.723200
v -2.847400 7.141700 3.688500
v -2.946400 7.147900 3.771000
v -2.850400 7.186800 3.763000
v -3.031700 7.042200 3.785100
v -3.006700 6.984500 3.838400
v -2.959800 7.064800 3.887200
v -2.973400 7.120000 3.829800
v -2.838200 7.152100 3.923100
v -2.848600 7.195800 3.841000
v -2.918600 7.002000 3.904200
v -2.802600 7.059500 3.949800
v -2.950100 6.937000 3.863400
v -2.936500 6.865100 3.834500
v -2.904400 6.790600 3.804100
v -2.092800 7.454500 4.011700
v -2.145100 7.489900 3.997500
v -2.059000 7.605400 4.235800
v -2.004700 7.533500 4.227200
v -2.107700 7.652600 4.184600
v -2.181400 7.525500 3.978800
v -1.902400 7.958800 4.881600
v -1.877300 7.897900 4.914600
v -1.965900 7.763200 4.546900
v -2.009500 7.799600 4.500400
v -1.803700 7.567700 4.565000
v -1.756500 7.512000 4.540900
v -1.565900 7.564100 4.921000
v -1.638300 7.639600 4.954400
v -1.862000 7.625900 4.556100
v -1.903200 7.689100 4.566700
v -1.779000 7.770200 4.943800
v -1.713000 7.705200 4.953100
v -1.903900 7.758400 4.651700
v -1.828400 7.840800 4.955000
v -0.214100 7.981000 7.244900
v 0.145000 7.741600 7.188100
v -0.107800 7.727600 6.925100
v -0.427900 7.947000 6.972900
v -0.360300 7.668200 6.714600
v -0.649600 7.878800 6.758700
v -0.979300 8.986100 7.358200
v -1.180200 8.777100 7.029200
v -1.243500 8.879900 7.035400
v -1.038700 9.097500 7.368000
v -1.377000 8.713000 6.722600
v -1.330000 8.614600 6.733400
v -0.854200 8.067300 6.786500
v -0.658600 8.148900 7.012100
v -0.838900 8.362200 7.028200
v -1.021600 8.250100 6.791900
v -0.649500 8.476400 7.318000
v -0.463600 8.219100 7.289800
v -0.831000 8.758200 7.337700
v -1.029400 8.587600 7.031000
v -1.197600 8.444800 6.767100
v 0.393000 7.790600 7.456600
v -0.042200 8.001500 7.561600
v 0.095100 8.039300 7.822700
v 0.563000 7.780300 7.704700
v -0.765800 9.274300 8.071300
v -0.852600 9.153000 7.740900
v -0.915100 9.277500 7.748500
v -0.828200 9.413600 8.064900
v -0.352300 8.651100 7.968400
v -0.494600 8.565200 7.668300
v -0.700500 8.881800 7.715200
v -0.588200 8.984300 8.037500
v -0.303600 8.276400 7.621000
v -0.161800 8.345300 7.899100
v 0.647400 7.763100 7.836100
v 0.637400 7.764500 7.812900
v 0.153900 8.050200 7.950600
v 0.159400 8.061500 7.992300
v -0.248700 8.715700 8.149300
v -0.081200 8.388200 8.061000
v -0.046700 8.409400 8.166600
v -0.205900 8.741800 8.282900
v 0.163400 8.069300 8.121700
v 0.639700 7.755200 7.955700
v 0.557200 7.678800 7.981400
v 0.061800 8.003800 8.137400
v -0.256900 8.714600 8.413800
v -0.089300 8.378600 8.279400
v -0.206500 8.322900 8.289600
v -0.386100 8.656900 8.421200
v 0.502100 7.677600 7.936600
v 0.386500 7.662800 7.848200
v -0.009900 7.962200 8.113100
v -0.128000 7.900300 8.024000
v -0.573500 8.540100 8.196600
v -0.410900 8.204000 8.130900
v -0.297200 8.267100 8.252600
v -0.472400 8.608400 8.342900
v -1.060600 9.020400 8.043200
v -1.173700 9.109700 8.070300
v -1.306200 8.898800 7.721900
v -1.215100 8.815200 7.701300
v -0.939300 9.178400 8.322900
v -1.063400 9.281500 8.345500
v -0.336200 7.820600 7.823400
v 0.124000 7.583000 7.651700
v -0.178600 7.556500 7.353800
v -0.540700 7.814900 7.499500
v -0.598400 8.117100 7.913600
v -0.743700 8.438100 7.953300
v -0.888500 8.363200 7.597900
v -0.756400 8.085400 7.571600
v -1.060100 8.620000 7.652000
v -0.895800 8.774500 7.991600
v -0.740300 8.915900 8.244900
v -1.535900 8.524300 7.046500
v -1.417500 8.706700 7.352500
v -1.350300 8.619900 7.341100
v -1.472600 8.435800 7.033500
v -0.783100 7.779800 7.178900
v -0.491100 7.550300 7.040500
v -0.785000 7.503400 6.779700
v -1.006700 7.724400 6.894500
v -0.962900 8.009800 7.241900
v -1.097200 8.225500 7.276900
v -1.262500 8.103500 6.979200
v -1.150600 7.923900 6.948800
v -1.375700 8.284700 7.009300
v -1.233500 8.445100 7.311800
v -1.224400 7.632500 6.490400
v -1.062900 7.467200 6.392700
v -0.950900 7.496700 6.555500
v -1.138300 7.678200 6.664600
v -0.896100 7.343800 6.292800
v -0.760300 7.356600 6.441800
v -1.260800 7.851600 6.725700
v -1.354600 8.012100 6.761200
v -1.418600 7.936200 6.604100
v -1.333900 7.789100 6.559400
v -2.080900 7.528500 5.164600
v -1.969900 7.786700 5.617700
v -2.007700 7.497800 5.178400
v -1.908000 7.727200 5.619800
v -1.819000 7.923500 6.020400
v -1.888600 7.994300 6.034500
v -2.095500 7.307400 4.827500
v -1.949500 7.311700 4.968200
v -1.908800 7.465500 5.229800
v -1.946500 7.205800 4.814900
v -1.735400 7.283000 5.151200
v -1.791400 7.365400 5.222800
v -1.811500 7.463100 5.349000
v -1.918200 7.134400 4.754400
v -1.670000 7.213700 5.102600
v -2.189100 7.322500 4.786000
v 0.123300 2.704000 0.404200
v 0.141900 2.733800 0.466400
v 0.201500 2.676700 0.398200
v 0.225400 2.703100 0.456000
v 0.257300 2.661600 0.396000
v 0.373000 2.683400 0.415200
v 0.301500 2.682700 0.449100
v 0.332000 2.835400 0.120700
v 0.023000 2.955300 0.082900
v 0.193800 2.883500 0.143300
v 0.343000 2.876300 0.194600
v -0.143300 3.065900 -0.010900
v -0.138100 3.090500 0.056300
v -0.277000 3.240000 -0.013000
v -0.276100 3.251700 0.053000
v -0.507500 3.493700 0.018200
v -0.422800 3.363800 -0.000800
v -0.518600 3.501500 -0.029300
v -0.414100 3.370400 0.068300
v -0.499700 3.491200 0.082000
v 0.423900 2.721600 0.378400
v 0.458200 2.759500 0.335700
v 0.440200 2.764100 0.212300
v 0.466200 2.858600 0.240200
v 0.482500 2.808400 0.284500
v 0.422200 2.873200 0.219400
v -1.026500 3.751000 0.044500
v -1.407300 3.929300 0.067900
v -1.502000 3.923600 0.100300
v -1.523000 3.875000 0.123200
v -1.448500 3.895200 0.144700
v -1.427200 3.871200 0.079000
v -1.337800 3.900900 0.167100
v -1.319900 3.848100 0.098900
v -1.554500 3.892600 0.226400
v -1.629000 3.915900 0.380200
v -1.495700 3.919800 0.278000
v -1.669400 3.881900 0.316200
v -1.763400 3.869800 0.384200
v -1.738400 3.921900 0.460000
v -1.828500 3.889600 0.432400
v -1.811900 3.926800 0.495300
v -1.726400 4.184700 1.249400
v -1.706100 4.057800 1.073600
v -1.700800 3.979800 1.118100
v -1.697400 4.156900 1.322500
v -1.641900 4.131300 1.384500
v -1.624700 3.968200 1.196400
v -1.782400 3.423900 0.750500
v -1.766900 3.484900 0.723000
v -1.783000 3.516000 0.715000
v -1.799400 3.503000 0.726600
v -1.770000 3.460200 0.734000
v -1.803100 3.562800 0.700400
v -1.766600 3.561900 0.680600
v -1.753400 3.590000 0.720000
v -1.765800 3.627600 0.654200
v -1.797600 3.623500 0.663300
v 0.323800 3.574200 2.161800
v 0.351600 3.612300 2.243200
v 0.254400 3.601000 2.263000
v 0.306300 3.591100 2.028400
v 0.227400 3.578700 2.161700
v 0.211900 3.616700 2.026700
v 0.385000 3.692200 2.273200
v 0.414000 3.776600 2.269000
v 0.328200 3.803500 2.289200
v 0.296100 3.699200 2.303400
v -0.439300 4.515400 1.787300
v -0.456600 4.477600 1.732500
v -0.617100 4.561500 1.733200
v -0.605800 4.604600 1.789200
v 0.313700 5.504100 4.708300
v 0.489400 5.497900 4.795800
v 0.451500 5.509500 4.869700
v 0.266300 5.507800 4.808400
v 0.518100 5.489400 4.714700
v 0.342100 5.500200 4.616200
v 0.519100 5.450600 4.645800
v 0.504800 5.353400 4.564200
v 0.325600 5.445600 4.563700
v 0.308700 5.358400 4.493500
v -0.598000 6.075700 3.878000
v -0.595700 6.144500 3.929100
v -0.254200 6.013800 4.072900
v -0.259100 5.945500 4.020800
v -0.596500 5.998300 3.816400
v -0.263800 5.870300 3.957300
v -0.593000 4.689100 2.114400
v -0.589900 4.686900 2.051400
v -0.406900 4.595000 2.077500
v -0.411400 4.604700 2.139900
v -0.387600 4.621600 2.021800
v -0.570900 4.715600 1.994500
v -0.713900 7.230200 6.195900
v -0.565800 7.213100 6.347300
v -0.642000 7.270500 6.382300
v -0.785400 7.280000 6.230900
v -1.795700 9.034400 6.723900
v -1.863500 8.947900 6.764800
v -1.701200 9.089500 6.681100
v -1.773800 9.041300 6.529800
v -1.882800 8.987400 6.581500
v -1.954200 8.888000 6.623800
v -1.585200 9.082400 6.621000
v -1.643200 9.030700 6.459600
v -1.505400 8.969900 6.586000
v -1.546400 8.914100 6.409400
v -1.457900 8.690600 6.520700
v -1.475500 8.825700 6.549700
v -1.499900 8.761800 6.368900
v -1.497800 8.618000 6.353500
v -1.445700 8.610000 6.516400
v -1.494400 8.537200 6.364400
v -1.401600 8.521400 6.531400
v -1.451100 8.455400 6.381400
v -0.037800 7.023900 5.769700
v 0.078400 7.027900 5.929100
v 0.080200 6.937300 5.878400
v -0.027000 6.944300 5.734000
v 0.091200 6.812400 5.797900
v -0.023000 6.839400 5.676600
v 0.382100 6.110700 4.693000
v 0.334500 6.137500 4.781800
v 0.568100 6.029400 4.836200
v 0.616400 6.008700 4.756000
v 0.494200 6.073400 4.959500
v 0.271700 6.189500 4.899600
v 0.456500 6.140300 4.572700
v 0.680400 6.005800 4.659300
v -1.509100 7.970800 5.663700
v -1.403800 7.876800 5.662600
v -1.548800 7.798800 5.337100
v -1.638300 7.874000 5.329900
v -1.449200 7.713400 5.331200
v -1.277600 7.770600 5.649500
v -1.101300 7.639900 5.610000
v -1.327100 7.605400 5.295600
v 0.087200 6.462100 5.329400
v 0.010200 6.653100 5.537100
v 0.145300 6.600000 5.643600
v 0.243500 6.372500 5.427400
v 0.180600 6.301100 5.100300
v 0.370600 6.187700 5.179200
v -0.617800 4.125100 1.151100
v -0.765400 4.202400 1.152900
v -0.806200 4.090900 0.950000
v -0.668200 4.013500 0.949100
v 0.179100 3.613000 1.852300
v 0.280000 3.565800 1.851300
v 0.217400 3.456100 1.687000
v 0.102900 3.517000 1.691200
v -0.116200 3.327100 1.361700
v -0.056900 3.446500 1.540800
v -0.126200 3.491100 1.534300
v -0.182700 3.373600 1.349400
v -0.034500 3.274800 1.370200
v 0.029600 3.396700 1.542900
v 0.014900 3.562500 1.691600
v -0.058600 3.602700 1.688800
v 0.039100 3.677100 1.985800
v 0.017800 3.688000 1.827700
v 0.093900 3.652800 1.842400
v 0.121700 3.641400 2.010200
v -0.063000 3.724600 1.816300
v -0.130400 3.646600 1.684100
v -0.039600 3.723600 1.963500
v 0.074200 3.207700 1.373600
v 0.146200 3.331000 1.541000
v -0.247100 3.421700 1.335400
v -0.192600 3.538900 1.524700
v -0.361400 2.981600 0.425300
v -0.408500 3.021300 0.432000
v -0.381700 3.040500 0.512300
v -0.332700 3.003600 0.511200
v -0.336100 3.765300 0.913700
v -0.274400 3.866000 1.129000
v -0.185000 3.766000 1.134700
v -0.243300 3.670000 0.910800
v -0.110000 3.875700 1.345200
v -0.203700 3.974500 1.336400
v -0.492600 3.894400 0.929700
v -0.422400 4.019700 1.123600
v -0.348800 3.949800 1.123700
v -0.416900 3.836400 0.920300
v -0.286200 4.054500 1.331800
v -0.369300 4.117600 1.335000
v -0.508500 4.071300 1.137200
v -0.459500 4.169900 1.345700
v -0.571400 3.948800 0.942100
v -0.318300 4.207600 1.524000
v -0.228100 4.147200 1.521200
v -0.172200 4.229900 1.661200
v -0.267700 4.293200 1.660200
v -0.068900 4.163900 1.656400
v -0.135000 4.074000 1.522600
v -0.412800 4.262900 1.530600
v -0.367900 4.349900 1.664500
v 0.095500 4.143600 1.713200
v 0.042400 4.076500 1.656600
v -0.021900 4.225600 1.725500
v -0.131500 4.283600 1.743300
v -0.232300 4.347800 1.738000
v -0.202400 4.399500 1.780400
v -0.090800 4.360200 1.746200
v -0.031600 3.981700 1.527600
v 0.316400 5.181700 4.370800
v 0.496400 5.164000 4.425100
v 0.494400 4.928000 4.227700
v 0.334600 4.953600 4.193300
v -0.311600 4.451700 1.784700
v -0.333000 4.413100 1.730700
v 0.490500 4.679700 3.988400
v 0.348600 4.713000 3.960200
v 0.358200 4.489000 3.673900
v 0.483000 4.447600 3.701200
v 0.197100 4.993900 4.151200
v 0.224200 4.754900 3.923800
v 0.110900 4.803100 3.881400
v 0.076700 5.048100 4.098800
v 0.142700 4.579200 3.609000
v 0.248000 4.535300 3.641400
v -0.279400 5.737400 3.831800
v -0.593600 5.859500 3.702700
v -0.304000 5.554800 3.667000
v -0.578300 5.684200 3.537400
v 0.030600 4.612700 3.583500
v -0.009000 4.841400 3.847200
v -0.051800 5.090600 4.058500
v -0.313600 5.354100 3.458700
v -0.556100 5.483500 3.341700
v -0.544200 5.283400 3.131300
v -0.326800 5.156500 3.232100
v -0.136800 5.475800 3.750800
v -0.159200 5.270700 3.534800
v -0.045500 5.213600 3.587000
v -0.021000 5.423800 3.809800
v -0.066100 5.016700 3.334900
v -0.179900 5.074000 3.294300
v 0.049600 4.961900 3.373600
v 0.069400 5.156800 3.638800
v 0.098300 5.374400 3.865800
v 0.359800 4.305400 3.343200
v 0.466800 4.253500 3.368500
v 0.357800 4.152400 2.999900
v 0.452800 4.099400 3.017200
v 0.260000 4.360800 3.315000
v 0.154200 4.399500 3.295000
v 0.148600 4.232400 2.983100
v 0.257700 4.200600 2.987300
v 0.045400 4.433500 3.276800
v 0.041300 4.270700 2.973600
v -0.538400 5.133600 2.905100
v -0.343900 5.003400 2.994600
v -0.374800 4.861800 2.761100
v -0.565500 4.980000 2.693700
v -0.129900 4.727400 2.829900
v -0.235300 4.788400 2.799800
v -0.204700 4.921800 3.045500
v -0.093600 4.865100 3.077400
v 0.375800 5.605000 4.986900
v 0.411900 5.540600 4.931800
v 0.218600 5.554000 4.903200
v 0.182400 5.644100 4.978800
v -0.022600 4.672600 2.856000
v 0.019400 4.811600 3.107500
v 0.309600 5.787900 5.115900
v 0.349300 5.712100 5.034500
v 0.134500 5.856900 5.090900
v 0.161100 5.762400 5.031700
v -0.151500 5.743500 4.902100
v -0.008400 5.666300 4.976000
v -0.006400 5.802600 5.007700
v -0.134100 5.861600 4.927900
v -0.000900 5.911700 5.026500
v -0.126500 5.947400 4.956200
v -0.558500 4.727100 1.929000
v -0.378800 4.637600 1.949600
v -0.384900 4.625700 1.875100
v -0.556800 4.715700 1.862200
v -0.249300 5.919700 4.837400
v -0.271800 5.821100 4.810400
v -0.249100 5.985700 4.881900
v 0.026700 3.617400 2.130600
v -0.061900 3.665500 2.114200
v -0.075000 3.646700 2.280000
v 0.029400 3.601200 2.285500
v -0.170800 3.736200 2.118200
v -0.187300 3.734800 2.271000
v -0.409600 4.575200 1.824800
v -0.572600 4.673100 1.810100
v 0.126400 3.588200 2.148900
v 0.145600 3.592400 2.278000
v -0.335500 3.864400 2.266100
v -0.318200 3.949100 2.325100
v -0.157100 3.831000 2.388800
v -0.030100 3.744600 2.428300
v 0.086900 3.705800 2.414800
v 0.028600 3.894000 2.425400
v 0.139300 3.851800 2.401100
v -0.330400 3.829900 2.160500
v 0.157800 3.996800 2.468200
v 0.258300 3.956000 2.445700
v 0.254000 4.048800 2.683800
v 0.150000 4.088100 2.692200
v 0.354300 4.012800 2.676300
v 0.352600 3.912900 2.428700
v 0.198700 3.699000 2.360100
v 0.237700 3.826900 2.340400
v 0.054600 4.038000 2.485300
v 0.044700 4.129500 2.696300
v 0.434200 3.865800 2.427600
v 0.428400 3.816600 2.313600
v 0.345600 3.852300 2.325600
v 0.253000 3.887900 2.357600
v 0.152800 3.919000 2.401200
v 0.445100 3.972300 2.679300
v 0.045500 3.957400 2.430300
v -0.599000 4.695400 2.179100
v -0.602600 4.732100 2.288000
v -0.417600 4.636400 2.322100
v -0.413800 4.612800 2.204800
v -0.409300 4.719500 2.528600
v -0.590300 4.835400 2.474700
v -0.875200 6.996200 5.997800
v -0.768400 7.035700 6.095100
v -0.813400 7.129100 6.101900
v -0.916700 7.098200 6.006000
v -0.676500 7.156700 6.191400
v -0.635100 7.071400 6.181800
v -0.843400 7.203300 6.095300
v -0.938300 7.177000 5.996700
v -0.669300 6.877300 5.830800
v -0.785900 6.887300 5.934000
v -0.865600 6.882500 5.806300
v -0.754700 6.872900 5.712600
v -0.949900 6.984600 5.867800
v -0.484700 7.051700 6.308500
v -0.403400 6.961900 6.253100
v -0.557500 6.969400 6.134200
v -0.459100 6.929100 6.048800
v -0.303800 6.937100 6.169600
v -0.681800 6.933900 6.036500
v -0.575200 6.904100 5.939400
v -0.525700 7.137100 6.331000
v -0.984800 7.084900 5.878100
v -1.002100 7.165000 5.873100
v -0.002800 7.389600 6.149200
v -0.154000 7.409700 6.018500
v 0.076400 7.296500 6.016000
v -0.052300 7.327200 5.859800
v -0.267800 7.414100 6.172400
v -0.103900 7.397800 6.298100
v 0.088400 7.155200 5.960100
v -0.010000 7.175300 5.777100
v -0.349600 6.441800 4.518400
v -0.714800 6.534700 4.341800
v -0.747100 6.636000 4.483500
v -0.394500 6.549200 4.677100
v -0.775700 6.770700 4.636200
v -0.440000 6.689300 4.864200
v -0.682200 6.481300 4.259800
v -0.648400 6.439900 4.198500
v -0.315400 6.389100 4.436000
v -0.290100 6.333800 4.379700
v 0.077100 6.259200 4.555000
v 0.030200 6.270700 4.632000
v 0.170300 6.221900 4.709800
v 0.227500 6.225700 4.625000
v 0.117700 6.274500 4.817100
v -0.014600 6.322700 4.729300
v -0.147300 6.368200 4.641700
v -0.207000 6.470800 4.815000
v -0.084000 6.423500 4.911300
v -0.271600 6.607400 5.023500
v -0.156300 6.564700 5.125700
v -0.107200 6.318500 4.552200
v -0.073100 6.280100 4.486600
v 0.359200 5.683500 4.220400
v 0.640300 5.606000 4.337200
v 0.609100 5.445600 4.192400
v 0.314600 5.514200 4.110700
v 0.041500 6.379000 5.006500
v -0.038800 6.523700 5.227200
v -0.066600 5.805800 4.034500
v -0.096600 5.665200 3.914800
v 0.017300 5.614800 3.981300
v 0.058000 5.768800 4.089000
v 0.655600 5.709100 4.409800
v 0.382200 5.786700 4.277200
v 0.181500 5.731900 4.146400
v 0.208100 5.831700 4.191100
v 0.081400 5.861100 4.132200
v 0.111900 5.946600 4.143500
v 0.242900 5.920500 4.204900
v 0.138000 5.570200 4.040100
v -0.282800 5.572000 4.262100
v -0.589200 5.664000 4.185900
v -0.563100 5.500800 4.064400
v -0.262700 5.397300 4.150400
v -0.034400 5.963500 4.120200
v -0.050300 5.889400 4.084800
v 0.151000 5.386600 4.442500
v 0.169700 5.219800 4.320500
v 0.045200 5.274100 4.265800
v 0.025300 5.442400 4.383500
v -0.604900 5.750200 4.250000
v -0.289400 5.657800 4.325800
v -0.298700 5.703800 4.379000
v -0.620200 5.793000 4.285400
v -0.107900 5.570600 4.400900
v -0.117200 5.600000 4.457400
v -0.102300 5.496200 4.331400
v 0.020000 5.505600 4.460100
v 0.016100 5.526500 4.515800
v -0.084300 5.321500 4.220200
v -0.184400 6.065800 5.058600
v -0.072000 6.038600 5.137300
v -0.176300 6.174600 5.290200
v -0.280800 6.200600 5.201800
v -0.068600 6.115700 5.384700
v 0.045700 5.974200 5.217100
v -0.188900 6.329700 5.584500
v -0.288300 6.373900 5.475900
v -0.385700 6.394500 5.378000
v 0.158100 5.455500 4.515000
v 0.167800 5.485000 4.565800
v -0.298100 6.092300 4.981900
v -0.388100 6.223500 5.116500
v -0.489100 6.408000 5.285100
v 0.211100 5.885600 5.270700
v 0.275400 5.824600 5.174500
v 0.103500 5.906400 5.137500
v -0.018900 5.971200 5.062700
v -0.138900 5.998700 4.989700
v 0.079700 6.034000 5.467100
v -0.053400 6.273900 5.689200
v -0.231400 6.309700 4.281500
v -0.600600 6.407800 4.120900
v -0.539100 6.398300 4.017100
v -0.175900 6.279900 4.161200
v -0.261500 6.024700 4.919600
v 0.316200 6.065500 4.220700
v 0.177600 6.095800 4.158800
v 0.183600 6.202500 4.295500
v 0.322800 6.164000 4.357700
v -0.549000 6.279600 3.946600
v -0.184500 6.162200 4.062800
v 0.047400 6.239800 4.232300
v 0.036900 6.118400 4.111000
v 0.142400 6.256300 4.434500
v -0.011000 6.263500 4.376000
v -0.742600 5.867000 4.508100
v -0.700500 5.836800 4.414400
v -0.420000 5.705700 4.560300
v -0.461500 5.771600 4.660400
v 0.288900 6.219900 4.499400
v 0.020100 5.545500 4.893100
v -0.133500 5.624700 4.823600
v -0.076500 5.563900 4.703500
v 0.079100 5.493100 4.767400
v -0.651700 5.826200 4.339400
v -0.352300 5.705300 4.462600
v -0.218000 5.640100 4.640100
v -0.157200 5.623800 4.541300
v -0.020600 5.542000 4.599000
v -0.273500 5.699100 4.751900
v -0.502100 6.896800 5.871200
v -0.596500 6.874800 5.769700
v -0.453700 6.798700 5.803600
v -0.545200 6.793200 5.702400
v -0.340500 6.812000 5.901400
v -0.389800 6.914900 5.977800
v 0.135300 5.486800 4.654200
v -0.628100 6.800300 5.591400
v -0.686600 6.864200 5.661500
v -0.150500 6.559200 5.881500
v -0.209800 6.805300 6.020200
v -0.280100 6.586600 5.767300
v -0.381900 6.604300 5.659500
v -0.467300 6.621100 5.552200
v -0.239700 6.930400 6.091500
v -0.519500 6.950500 5.175600
v -0.841300 7.011000 4.849700
v -0.852800 7.082900 4.892400
v -0.519100 7.032200 5.233600
v -0.813100 6.898800 4.762700
v -0.494400 6.820200 5.046900
v -0.560300 6.630000 5.450000
v -0.107500 6.692900 5.431700
v -0.222600 6.721500 5.329300
v -0.244500 6.882600 5.466600
v -0.134100 6.862200 5.568500
v -0.352900 6.904400 5.363300
v -0.346500 6.996000 5.422700
v -0.238100 6.977100 5.520300
v -0.346000 7.076000 5.448700
v -0.235000 7.057400 5.541900
v -0.331600 6.755000 5.223500
v -0.918400 7.784200 6.375000
v -0.677500 7.607700 6.335600
v -0.786600 7.605200 6.162500
v -1.011200 7.772300 6.201500
v -0.569200 7.498800 6.113100
v -0.452600 7.483100 6.284900
v -0.666500 7.522400 5.943000
v -0.877200 7.621800 5.993400
v -1.093700 7.773000 6.035400
v -0.136000 6.956600 5.622600
v -0.139500 7.036200 5.647100
v -0.964800 7.642900 5.825200
v -1.172100 7.779400 5.869000
v -0.757800 7.559000 5.769600
v -0.337800 7.437300 6.243300
v -0.173300 7.422200 6.389200
v -0.300400 7.475400 6.461500
v -0.543800 7.626800 6.520500
v -0.803800 7.824900 6.558500
v -1.136100 7.198300 5.704400
v -1.329900 7.139200 5.408100
v -1.384000 7.210700 5.439200
v -1.207400 7.269700 5.749400
v -1.349800 7.586300 6.236900
v -1.197800 7.436600 6.141600
v -1.135600 7.455100 6.256600
v -1.288100 7.609900 6.351100
v -0.977700 7.341000 6.160400
v -1.041700 7.324600 6.044800
v -1.024800 7.234900 5.879400
v -0.964600 7.247100 6.000400
v -1.100200 7.312200 5.925000
v -1.483200 7.300800 5.498900
v -1.586800 7.402400 5.561200
v -1.343600 7.382900 5.836100
v -1.479100 7.519200 5.920900
v -1.253000 7.427800 6.022200
v -1.402900 7.573500 6.117000
v -0.886700 7.269900 6.108300
v -1.825200 8.409300 6.720400
v -1.708700 8.319000 6.676000
v -1.617800 8.421300 6.817400
v -1.707100 8.507000 6.845800
v -1.539400 8.311100 6.803500
v -1.604200 8.203700 6.648800
v -1.948500 8.188700 6.477500
v -1.820900 8.136400 6.425500
v -1.780300 8.211200 6.560000
v -1.912000 8.285900 6.615600
v -1.654900 8.135600 6.505000
v -1.703600 8.082800 6.372600
v -1.509400 8.073900 6.630300
v -1.452800 8.167000 6.788700
v -1.693000 8.172200 5.653700
v -1.787000 8.040500 5.309500
v -1.807300 8.112900 5.287900
v -1.725700 8.243600 5.643400
v -1.812100 8.193900 5.275900
v -1.731800 8.330600 5.646100
v -1.845800 8.092000 6.274700
v -1.749300 8.035000 6.236200
v -1.958000 8.129800 6.318600
v -1.551700 8.331600 6.043300
v -1.613600 8.264700 5.876300
v -1.651900 8.334900 5.868700
v -1.593800 8.402800 6.033500
v -1.660000 8.422000 5.871500
v -1.592500 8.488500 6.025800
v -1.613400 8.074400 5.661000
v -1.723000 7.957200 5.322000
v -1.802000 8.635100 5.723700
v -1.930300 8.377600 5.346500
v -2.040000 8.412100 5.379900
v -1.933200 8.728900 5.769000
v -1.850400 8.298500 5.299600
v -1.739400 8.483300 5.675100
v -1.546600 8.467800 6.202900
v -1.499800 8.393400 6.215500
v -1.527800 8.554400 6.183000
v -2.169300 8.782800 6.385000
v -2.144700 8.624700 6.411800
v -2.065600 8.704200 6.534700
v -2.070500 8.840900 6.508800
v -2.042200 8.571800 6.561600
v -2.098900 8.478500 6.429000
v -1.959600 8.661700 6.696900
v -1.968500 8.778400 6.659200
v -2.169100 8.547900 6.265400
v -2.119300 8.398200 6.280200
v -2.202800 8.703200 6.236500
v -1.820500 8.601600 6.886000
v -1.883700 8.732700 6.872600
v -1.917000 8.529000 6.727300
v -1.997900 8.425900 6.599100
v -2.046400 8.322000 6.466100
v -1.884000 8.847400 6.818500
v -1.307200 8.085300 6.228200
v -1.418800 8.252600 6.225800
v -1.361900 8.303200 6.397000
v -1.238500 8.122700 6.403800
v -1.357600 8.061600 6.052900
v -1.468800 8.206900 6.051100
v -2.063400 8.242600 6.313800
v -1.530000 8.153600 5.882700
v -1.419100 8.029500 5.884000
v -1.095800 7.955200 6.395400
v -0.993700 8.002300 6.582100
v -1.146800 8.175700 6.585700
v -1.243100 7.919600 6.051400
v -1.175000 7.931600 6.219900
v -1.295900 8.360200 6.564300
v -1.730000 7.827000 6.017100
v -1.664500 7.915900 6.231400
v -1.574800 7.796600 6.216900
v -1.639400 7.720800 6.008500
v -1.522900 7.840600 6.341200
v -1.608000 7.968500 6.357000
v -1.310200 7.909500 5.883300
v -1.553400 8.019400 6.483900
v -1.464100 7.890700 6.460900
v -1.565500 7.626500 5.976500
v -1.664700 7.492500 5.609300
v -1.737600 7.574800 5.636000
v -1.445900 7.719300 6.301100
v -1.496900 7.691500 6.179000
v -1.824800 7.654900 5.632700
v -1.385700 7.756400 6.417200
v -0.690300 3.681300 -0.029300
v -0.697000 3.662300 0.024200
v -0.642900 3.618400 0.004900
v -0.632100 3.645200 -0.036900
v -0.766100 3.714700 -0.023800
v -0.776300 3.693800 0.034800
v -0.579200 3.601300 -0.050500
v -0.584400 3.577500 -0.008800
v -0.871200 3.756500 -0.016300
v -0.888100 3.722200 0.040900
v -0.146300 4.545000 1.853200
v -0.133200 4.581400 1.939000
v -0.017300 4.568800 1.923400
v -0.034000 4.522600 1.827600
v -0.022800 4.553300 2.027500
v -0.136200 4.576100 2.030600
v -0.244700 4.597000 1.950500
v -0.248100 4.591200 2.031700
v -0.256100 4.571800 1.872000
v -0.170700 4.478800 1.800700
v -0.059600 4.445100 1.770900
v -0.282200 4.512800 1.824800
v -0.267500 4.556000 2.090500
v -0.288300 4.523500 2.149600
v -0.176000 4.490600 2.158700
v -0.152900 4.542600 2.099800
v -0.163900 4.525400 2.375500
v -0.280800 4.565500 2.354100
v -0.265700 4.655300 2.559600
v -0.152600 4.606900 2.584000
v -0.065400 4.462200 2.169700
v -0.080700 4.429700 2.260800
v -0.180800 4.476700 2.247300
v -0.061100 4.482500 2.393700
v -0.041900 4.512200 2.104700
v -0.285700 4.535100 2.229000
v -0.051800 4.552100 2.608700
v -0.459400 7.456500 6.082300
v -0.385300 7.442200 6.021000
v -0.553500 7.494500 5.910800
v -0.474100 7.495400 5.854500
v -0.204800 7.214300 5.528200
v -0.103400 7.195900 5.639400
v -0.244900 7.384200 5.586500
v -0.149600 7.359300 5.718600
v -0.569000 7.530900 5.683200
v -0.451200 7.527800 5.567600
v -0.342600 7.510300 5.718000
v -0.363100 7.390800 5.468800
v -0.649300 7.524600 5.736200
v -0.252200 7.464900 5.872000
v -0.328500 7.224700 5.435000
v -1.999800 8.983700 6.448500
v -1.856300 9.046200 6.368800
v -1.940600 9.025100 6.204500
v -2.110300 8.959400 6.304600
v -2.156600 8.857700 6.154500
v -2.010800 8.922500 6.061500
v -1.843100 8.889600 5.987800
v -1.764300 8.970000 6.128700
v -1.629400 8.835900 6.073700
v -1.714300 8.759800 5.943100
v -1.563500 8.890900 6.227200
v -1.694900 9.015900 6.288700
v -1.530900 8.706800 6.197900
v -1.599500 8.646300 6.046400
v -1.664600 8.584600 5.898900
v -0.661800 8.993200 8.385300
v -0.611500 9.035700 8.413300
v -0.841600 9.350700 8.542000
v -0.870200 9.269900 8.458900
v -1.083800 9.444900 8.562000
v -1.109600 9.394000 8.479400
v -1.006100 9.370300 8.483100
v -0.982400 9.418900 8.567500
v -1.232900 9.612600 8.490100
v -1.266700 9.563900 8.401200
v -1.213700 9.461000 8.455000
v -1.182300 9.511400 8.538700
v -1.276300 9.667500 8.347000
v -1.242300 9.717300 8.439100
v -1.232800 9.765300 8.289600
v -1.199900 9.817400 8.383900
v -1.093400 9.886900 8.331400
v -1.122200 9.828900 8.236500
v -1.002100 9.858900 8.185100
v -0.969000 9.909500 8.283400
v -0.787800 9.799400 8.206200
v -0.833600 9.750500 8.111500
v -0.903100 9.833100 8.132400
v -0.864700 9.880100 8.232000
v -0.751500 9.696900 8.228300
v -0.792200 9.648900 8.136000
v -0.780100 9.553300 8.186600
v -0.739500 9.604200 8.276200
v -0.662600 9.360100 8.235500
v -0.476500 9.066000 8.211800
v -0.409800 9.108900 8.342200
v -0.611500 9.442400 8.370600
v -0.693600 9.546700 8.315100
v -0.740000 9.493900 8.218200
v -0.514000 9.067900 8.429800
v -0.683100 9.365400 8.504500
v -1.024100 9.597600 8.775500
v -1.060900 9.514700 8.669800
v -0.960900 9.489400 8.666500
v -0.934200 9.566600 8.767900
v -0.857800 9.481400 8.649600
v -0.842000 9.561800 8.734500
v -1.092500 9.662700 8.767300
v -1.143900 9.584900 8.651900
v -1.189000 9.682800 8.617800
v -1.132500 9.750300 8.750100
v -1.128400 9.852000 8.723200
v -1.190500 9.789300 8.577400
v -1.141300 9.886200 8.533100
v -1.078300 9.943800 8.692500
v -0.991100 10.000600 8.668500
v -1.043300 9.949500 8.494400
v -0.888000 10.014500 8.641800
v -0.928800 9.962500 8.458100
v -0.724300 9.903400 8.564100
v -0.740900 9.866200 8.372600
v -0.825700 9.934700 8.409400
v -0.792700 9.973400 8.601700
v -0.973100 9.664000 8.874800
v -1.038700 9.715100 8.872600
v -0.978600 9.778800 8.938100
v -0.912600 9.744400 8.944800
v -1.026500 9.813900 8.913000
v -1.076900 9.789600 8.859700
v -1.009500 9.880700 8.918500
v -1.075900 9.878900 8.842300
v -0.990800 9.944100 8.888400
v -1.030200 9.960400 8.820500
v -0.694900 9.754300 8.545000
v -0.696000 9.684100 8.402700
v -0.706600 9.771000 8.376400
v -0.691400 9.828600 8.544100
v -0.924500 9.969200 8.904300
v -0.949300 10.011900 8.804500
v -0.835800 9.970600 8.891200
v -0.850500 10.026800 8.784400
v -0.857700 9.864300 8.960700
v -0.936200 9.877500 8.956600
v -0.759900 9.729700 8.866000
v -0.738200 9.825000 8.878200
v -0.787400 9.843600 8.930900
v -0.838100 9.732300 8.923300
v -0.756100 9.943100 8.864200
v -0.703600 9.897200 8.823900
v -0.762800 9.985100 8.748900
v -0.704700 9.920500 8.710700
v -0.736300 9.637500 8.596900
v -0.773100 9.585200 8.660200
v -0.750600 9.507400 8.583200
v -0.689800 9.563700 8.489400
v -0.814200 9.641500 8.816600
v -0.889500 9.640800 8.863300
v -0.713200 9.692600 8.560800
v -0.688300 9.801900 8.749500
v -0.710800 9.773000 8.794500
v -0.707700 9.737000 8.692900
v -0.684800 9.790400 8.666200
v -0.737900 9.686300 8.729500
v -0.770100 9.638400 8.745500
v -0.711700 9.816200 8.832300
v -0.687600 9.846100 8.777000
v -0.681400 9.853000 8.677800
v -1.567400 3.770800 1.090800
v -1.625800 3.797400 1.055100
v -1.626300 3.655300 0.945700
v -1.569700 3.627900 0.957700
v -1.681500 3.664700 0.957900
v -1.706200 3.795400 1.040400
v -1.509500 3.735900 1.126900
v -1.504500 3.597500 0.980300
v -1.423700 3.566900 1.016100
v -1.449000 3.683000 1.179900
v -1.568900 3.443100 0.812200
v -1.494400 3.398300 0.804100
v -1.498400 3.492200 0.878100
v -1.569800 3.525500 0.872400
v -1.408500 3.465800 0.900200
v -1.397000 3.369500 0.813000
v -1.570700 3.352300 0.762300
v -1.492100 3.294000 0.744600
v -1.386700 3.268400 0.732200
v -1.150300 3.713600 1.187600
v -1.337600 3.637800 1.236800
v -1.308400 3.529600 1.068800
v -1.135000 3.619100 1.008900
v -1.283600 3.452000 0.937100
v -1.118300 3.554500 0.874400
v -1.263700 3.388600 0.826600
v -1.102100 3.492000 0.764200
v -1.250200 3.323500 0.713300
v -1.085900 3.427200 0.651300
v -0.892000 3.653900 1.150100
v -0.640700 3.542800 1.121200
v -0.897400 3.541700 0.981900
v -0.665600 3.435400 0.948900
v -0.892100 3.461500 0.859300
v -0.672800 3.358800 0.826900
v -0.881200 3.396800 0.758500
v -0.670000 3.301400 0.728100
v -0.868300 3.335600 0.654100
v -0.665500 3.249000 0.626500
v -0.475000 3.451300 1.110400
v -0.368600 3.375200 1.113700
v -0.505500 3.356400 0.929300
v -0.398500 3.289700 0.925000
v -0.518200 3.287500 0.804500
v -0.413800 3.226700 0.796800
v -0.521000 3.234400 0.706500
v -0.421500 3.175800 0.698800
v -0.523500 3.183400 0.607500
v -0.430100 3.124700 0.601400
v -0.049400 2.879200 0.588500
v 0.017500 2.841900 0.575700
v 0.045200 2.874800 0.674800
v -0.020900 2.913300 0.691100
v 0.086500 2.806100 0.561100
v 0.113600 2.838500 0.656600
v 0.041900 2.977500 0.935500
v 0.112500 2.932400 0.915900
v 0.195500 2.984300 1.135900
v 0.107300 3.039200 1.150400
v 0.186000 2.892500 0.893500
v 0.284900 2.937900 1.115100
v 0.070200 2.901800 0.774800
v 0.005100 2.942100 0.794100
v 0.138400 2.864600 0.753700
v 0.008500 3.106400 1.154500
v -0.042700 3.033600 0.945600
v -0.086700 3.171700 1.152000
v -0.127000 3.091800 0.947800
v 0.386300 2.826800 0.851400
v 0.495600 2.878600 1.058200
v 0.389900 2.898400 1.090100
v 0.281600 2.854600 0.873100
v 0.568400 2.846000 0.788000
v 0.643300 2.919700 0.978300
v 0.582800 2.890000 1.018600
v 0.488100 2.821400 0.823200
v 0.228200 2.827600 0.735600
v 0.327900 2.797300 0.718100
v 0.199700 2.801600 0.639900
v 0.293400 2.770700 0.623900
v 0.169600 2.769000 0.545700
v 0.257900 2.737400 0.531100
v 0.704400 2.975100 0.909400
v 0.680000 2.947500 0.942300
v 0.616200 2.876200 0.753200
v 0.648700 2.905600 0.721700
v 0.428300 2.782800 0.697400
v 0.513000 2.797500 0.667500
v 0.386600 2.752500 0.607500
v 0.467100 2.761100 0.581300
v 0.344900 2.716700 0.518700
v 0.420600 2.724200 0.494100
v 0.566400 2.825400 0.632700
v 0.603200 2.856800 0.597600
v 0.519900 2.788700 0.545800
v 0.555500 2.821900 0.506800
v 0.470800 2.754000 0.458000
v 0.504300 2.790200 0.416500
v 0.717600 3.022000 0.875300
v 0.662600 3.049800 0.866800
v 0.661800 2.958200 0.692700
v 0.603300 2.989800 0.688600
v 0.618500 2.914300 0.564300
v 0.562300 2.954400 0.555200
v 0.572400 2.877200 0.465500
v 0.527900 2.925900 0.445000
v 0.521300 2.842100 0.368900
v 0.492000 2.893800 0.334500
v 0.159400 3.150500 0.765500
v 0.323600 3.077400 0.810800
v 0.289100 3.033000 0.611600
v 0.126700 3.103500 0.566800
v 0.467100 3.048800 0.850100
v 0.426000 3.001100 0.656500
v 0.583000 3.044900 0.864200
v 0.529600 2.991400 0.680000
v 0.496100 2.962600 0.543200
v 0.402200 2.975200 0.516200
v 0.470300 2.939200 0.431000
v 0.383700 2.950100 0.404100
v 0.443500 2.910500 0.317700
v 0.362800 2.917700 0.291900
v -0.209000 3.391300 0.527400
v -0.178100 3.453400 0.711600
v -0.021800 3.289000 0.734100
v -0.050900 3.235900 0.540700
v 0.265800 3.003200 0.467300
v 0.103200 3.072600 0.418800
v 0.244500 2.973400 0.351400
v 0.076600 3.037700 0.299800
v 0.218100 2.931600 0.238200
v 0.045700 2.995100 0.182200
v -0.071700 3.199300 0.395800
v -0.231200 3.346400 0.389900
v -0.096400 3.161000 0.278500
v -0.254400 3.304400 0.277100
v -0.121900 3.121700 0.159200
v -0.272500 3.269300 0.158300
v -0.293300 3.584100 0.705900
v -0.387600 3.679000 0.713500
v -0.332700 3.513900 0.531100
v -0.434500 3.602200 0.546500
v -0.359000 3.466100 0.398400
v -0.461700 3.557100 0.414100
v -0.380400 3.427900 0.286200
v -0.479300 3.526900 0.299800
v -0.597200 3.704700 0.581900
v -0.550900 3.789200 0.744000
v -0.472200 3.742300 0.727000
v -0.519800 3.661500 0.563400
v -0.400500 3.392700 0.170000
v -0.493200 3.500900 0.183200
v -1.069300 4.198900 0.690900
v -1.209700 4.251700 0.673400
v -0.961600 4.094900 0.733500
v -0.979800 4.011500 0.569700
v -1.094300 4.108100 0.533900
v -1.240200 4.153800 0.532400
v -1.032100 3.764700 0.100300
v -1.169000 3.856200 0.153000
v -1.177000 3.819300 0.100100
v -1.029500 3.801900 0.158600
v -1.154500 3.908100 0.234700
v -1.019800 3.847200 0.244800
v -1.308000 3.957100 0.259600
v -1.136500 3.969600 0.328800
v -1.285000 4.024700 0.335300
v -1.007400 3.897100 0.346800
v -0.903100 3.717000 0.096400
v -0.908500 3.737700 0.161100
v -0.815000 3.661800 0.156500
v -0.800300 3.666300 0.086000
v -1.264000 4.083500 0.425400
v -1.117100 4.033200 0.421500
v -0.995000 3.948200 0.448200
v -1.385000 4.243400 0.692300
v -1.511100 4.133400 0.784300
v -1.408400 4.150600 0.582400
v -1.535300 4.062100 0.683700
v -1.560900 4.038700 0.589400
v -1.424000 4.080200 0.498900
v -1.443000 4.023500 0.420900
v -1.580900 3.999700 0.516000
v -1.464400 3.968900 0.347300
v -1.602900 3.959900 0.446000
v -1.655000 4.139400 0.804400
v -1.760100 4.130000 0.835500
v -1.678600 4.080700 0.715800
v -1.776000 4.068600 0.759400
v -1.694500 4.039100 0.645500
v -1.784100 4.024200 0.691200
v -1.707600 4.001400 0.583200
v -1.792200 3.989900 0.624700
v -1.766200 3.976700 0.827300
v -1.747000 4.021400 0.913000
v -1.783400 4.073400 0.880800
v -1.790500 4.018800 0.801500
v -1.723200 3.962700 0.520900
v -1.802600 3.955400 0.557800
v -1.687700 3.383200 0.770400
v -1.629800 3.405100 0.782500
v -1.677500 3.445300 0.818100
v -1.627900 3.483900 0.827900
v -1.677600 3.510500 0.860100
v -1.736300 3.392900 0.748100
v -1.842900 3.891500 0.517500
v -1.855100 3.852600 0.535200
v -1.627900 3.558200 0.876400
v -1.679400 3.574300 0.906600
v -1.837000 3.784600 0.554000
v -1.811400 3.900900 0.675400
v -1.815000 3.946800 0.655500
v -1.830400 3.914300 0.583200
v -1.833800 3.864700 0.600000
v -1.708600 3.881300 0.885000
v -1.700100 3.920400 0.976800
v -1.710700 3.985200 0.949600
v -1.728000 3.939900 0.855600
v -1.788200 3.937400 0.749800
v -1.801600 3.979100 0.727400
v -1.755600 3.528300 0.715400
v -1.745100 3.547700 0.750300
v -1.742500 3.485900 0.726200
v -1.730100 3.503300 0.760100
v -1.748000 3.893700 0.771400
v -1.722400 3.833600 0.802100
v -1.772400 3.846100 0.693100
v -1.740700 3.781000 0.723800
v -1.798400 3.797900 0.613600
v -1.763300 3.727000 0.644900
v -1.728700 3.442900 0.729600
v -1.713300 3.454700 0.772700
v -1.710400 3.495100 0.811500
v -1.731100 3.541100 0.797400
v -1.714100 3.551400 0.854000
v -1.728600 3.591700 0.834200
v -1.724400 3.702100 0.893300
v -1.709400 3.792300 0.896400
v -1.718400 3.757600 0.832200
v -1.725200 3.689300 0.851200
v -1.732600 3.713600 0.768500
v -1.733100 3.656600 0.806000
v -1.750300 3.668500 0.705500
v -1.744100 3.621200 0.759900
v -1.717900 3.806300 0.968300
v -1.723900 3.686300 0.939700
v -1.716200 3.609200 0.896700
v -1.728100 3.640200 0.871000
v -1.732600 3.619000 0.820700
v -1.727900 3.649500 0.850600
v -1.739300 3.581000 0.785200
v -0.291600 3.317700 1.123000
v -0.227600 3.270600 1.134300
v -0.322100 3.235300 0.929300
v -0.259700 3.188600 0.936900
v -0.340500 3.174500 0.799000
v -0.280500 3.130800 0.803900
v -0.351500 3.127300 0.699200
v -0.294800 3.087100 0.702400
v -0.162200 3.224200 1.144600
v -0.197100 3.142100 0.944000
v -0.186900 2.849100 0.409000
v -0.259400 2.898500 0.415600
v -0.156000 2.882800 0.501400
v -0.227600 2.927700 0.507500
v -0.283900 2.967000 0.510200
v -0.314600 2.942000 0.420200
v -0.364300 3.079200 0.601100
v -0.311500 3.042000 0.602800
v -0.125700 2.922900 0.598000
v -0.199400 2.967200 0.603400
v -0.098900 2.959400 0.701400
v -0.175600 3.007000 0.706000
v -0.238600 3.048200 0.705400
v -0.258800 3.005900 0.604200
v -0.843500 3.987200 0.762000
v -0.876900 3.896000 0.602500
v -0.718500 3.905900 0.764900
v -0.761400 3.814200 0.606700
v -0.074400 2.991300 0.805600
v -0.153900 3.042900 0.809900
v -0.220500 3.088100 0.808400
v -0.627700 3.840600 0.758600
v -0.673500 3.751600 0.598900
v -0.899000 3.799300 0.366100
v -0.891900 3.838800 0.475900
v -0.784800 3.755400 0.480400
v -0.798600 3.715200 0.370000
v -0.648600 3.603900 0.052000
v -0.717600 3.635100 0.070200
v -0.720200 3.641800 0.135900
v -0.677300 3.551700 0.117200
v -0.570300 3.573600 0.094900
v -0.592000 3.550700 0.032200
v -0.812800 3.678700 0.258300
v -0.905500 3.765100 0.255600
v -0.639800 3.624200 0.208900
v -0.716100 3.656200 0.232600
v -0.707000 3.675800 0.350300
v -0.631800 3.639100 0.328700
v -0.559100 3.593900 0.312800
v -0.569200 3.574200 0.194800
v -0.695400 3.703900 0.466500
v -0.618900 3.664100 0.446300
v -0.543700 3.620800 0.428800
v -0.683500 9.619300 8.434700
vn -0.7327 -0.5891 0.3407
vn -0.7390 -0.5685 0.3616
vn -0.8540 -0.4580 0.2467
vn -0.8599 -0.4474 0.2455
vn -0.8246 -0.4859 0.2896
vn -0.7659 -0.5531 0.3280
vn -0.8094 -0.5093 0.2925
vn -0.8268 -0.4969 0.2637
vn -0.7748 -0.5039 0.3818
vn -0.7647 -0.5617 0.3157
vn -0.7970 -0.5239 0.3004
vn -0.8240 -0.4876 0.2885
vn -0.8269 -0.4857 0.2833
vn -0.7568 -0.5653 0.3281
vn -0.7447 -0.5748 0.3392
vn 0.0297 -0.8584 0.5121
vn -0.0786 -0.9639 0.2545
vn -0.3443 -0.8301 0.4386
vn -0.3252 -0.8072 0.4926
vn -0.2500 -0.9499 0.1875
vn -0.4141 -0.8014 0.4316
vn 0.0697 -0.8485 0.5246
vn -0.2908 -0.8072 0.5137
vn -0.1597 -0.8178 0.5529
vn 0.1356 -0.8687 0.4763
vn -0.4286 -0.7130 0.5549
vn -0.3456 -0.7905 0.5057
vn -0.4096 -0.7469 0.5238
vn -0.4979 -0.6621 0.5601
vn -0.3250 -0.8113 0.4860
vn -0.3197 -0.8193 0.4759
vn -0.3473 -0.7895 0.5061
vn -0.4653 -0.7219 0.5123
vn -0.5518 -0.6634 0.5054
vn -0.1765 -0.8465 0.5023
vn -0.1470 -0.8484 0.5085
vn -0.1571 -0.8820 0.4443
vn -0.0419 -0.7284 0.6838
vn 0.1897 0.0812 0.9785
vn 0.0093 -0.1258 0.9920
vn -0.3346 -0.8636 0.3772
vn -0.2128 -0.8605 0.4629
vn -0.2825 -0.7446 0.6048
vn 0.1332 -0.5611 0.8170
vn 0.1534 -0.1735 0.9728
vn -0.3540 -0.8122 0.4637
vn -0.3656 -0.8048 0.4676
vn -0.3317 -0.8014 0.4977
vn -0.3189 -0.8222 0.4714
vn -0.3862 -0.8012 0.4570
vn -0.3650 -0.8079 0.4626
vn -0.4288 -0.8204 0.3783
vn -0.4271 -0.8292 0.3605
vn -0.5233 -0.7726 0.3596
vn -0.5154 -0.7637 0.3888
vn 0.5212 -0.4521 0.7239
vn 0.3775 0.1058 0.9200
vn 0.6656 0.6271 -0.4047
vn 0.6558 0.6248 -0.4237
vn 0.7207 0.5809 -0.3784
vn 0.6189 0.6585 -0.4282
vn 0.3777 0.7506 -0.5421
vn 0.2300 0.7806 -0.5811
vn 0.5113 0.6923 -0.5092
vn 0.7451 0.5559 -0.3684
vn 0.5678 0.6882 -0.4516
vn 0.3550 0.6443 -0.6773
vn 0.3816 0.7390 -0.5552
vn 0.4274 0.7162 -0.5517
vn 0.3599 0.6628 -0.6566
vn 0.4646 0.7378 -0.4896
vn 0.3867 0.7818 -0.4892
vn 0.5412 0.6697 -0.5086
vn 0.5292 0.6247 -0.5743
vn 0.6229 0.4008 -0.6718
vn 0.7534 0.3386 -0.5637
vn 0.7359 0.4736 -0.4839
vn 0.6129 0.5453 -0.5719
vn -0.3596 0.7053 -0.6109
vn -0.1207 0.7979 -0.5905
vn -0.2513 0.7841 -0.5674
vn -0.4457 0.6770 -0.5857
vn -0.3697 0.7565 -0.5394
vn -0.4750 0.6759 -0.5635
vn -0.7768 -0.4504 0.4402
vn -0.5143 -0.5005 0.6964
vn -0.4657 -0.5871 0.6621
vn -0.7387 -0.5180 0.4312
vn -0.3274 -0.5788 0.7468
vn -0.3661 -0.4919 0.7899
vn -0.2824 -0.6786 0.6780
vn -0.4956 -0.6712 0.5513
vn -0.7343 -0.5847 0.3448
vn -0.3245 -0.8600 0.3938
vn -0.4229 -0.7725 0.4737
vn -0.3852 -0.7040 0.5967
vn -0.2609 -0.7235 0.6392
vn -0.6585 -0.6189 0.4281
vn -0.7307 -0.5755 0.3673
vn 0.0228 -0.3215 0.9466
vn -0.0990 -0.4787 0.8724
vn -0.2802 -0.6242 0.7293
vn -0.1293 -0.5384 0.8327
vn -0.3960 -0.5781 0.7134
vn -0.5386 -0.6180 0.5727
vn -0.8100 -0.5210 0.2691
vn -0.7983 -0.5546 0.2350
vn -0.7500 -0.5840 0.3105
vn -0.7786 -0.5593 0.2846
vn -0.7575 -0.5697 0.3188
vn -0.8091 -0.5282 0.2576
vn -0.6863 -0.5861 0.4307
vn -0.8205 -0.5045 0.2688
vn -0.2299 -0.9714 0.0591
vn -0.3624 -0.9219 0.1370
vn -0.3647 -0.9163 -0.1654
vn -0.3100 -0.9452 -0.1024
vn -0.3459 -0.8782 0.3304
vn -0.3696 -0.9050 0.2107
vn -0.2638 -0.5997 0.7555
vn -0.2479 -0.5613 0.7896
vn -0.0940 -0.2317 0.9682
vn -0.1239 -0.1776 0.9763
vn -0.1153 -0.1381 0.9837
vn -0.0120 -0.1084 0.9940
vn -0.4016 -0.8821 0.2463
vn -0.4427 -0.8360 0.3242
vn -0.4883 -0.8625 -0.1326
vn -0.4526 -0.8762 -0.1658
vn 0.5007 -0.5371 -0.6788
vn 0.8436 -0.3377 -0.4175
vn 0.5963 -0.8024 0.0225
vn 0.2740 -0.9216 -0.2751
vn 0.7049 -0.6643 0.2489
vn 0.9723 -0.1547 -0.1751
vn 0.2403 -0.8088 0.5367
vn 0.0873 -0.9385 0.3340
vn -0.0380 -0.9975 0.0595
vn 0.6720 -0.1077 0.7327
vn 0.5569 -0.4215 0.7157
vn 0.3852 -0.6320 0.6724
vn 0.7565 -0.3906 0.5245
vn 0.9799 0.0912 0.1776
vn 0.8244 0.2610 0.5023
vn 0.2299 -0.2224 -0.9475
vn 0.1497 -0.6228 -0.7679
vn 0.4591 -0.7532 -0.4712
vn 0.2564 0.1718 -0.9512
vn 0.5879 -0.3514 -0.7286
vn 0.3549 0.2513 -0.9005
vn 0.1596 0.2506 -0.9548
vn 0.3731 -0.0806 -0.9243
vn 0.6202 0.3992 -0.6752
vn 0.7027 0.1717 -0.6905
vn 0.6024 0.5520 -0.5765
vn 0.6747 0.3107 -0.6695
vn 0.4190 0.1619 -0.8935
vn 0.4725 0.3387 -0.8137
vn -0.1705 -0.7098 0.6835
vn -0.2454 -0.8389 0.4858
vn -0.3500 -0.8165 0.4592
vn -0.2902 -0.6613 0.6917
vn -0.3273 -0.9233 0.2012
vn -0.2210 -0.9405 0.2582
vn -0.3697 -0.8170 0.4426
vn -0.3777 -0.9188 0.1147
vn -0.3266 -0.6542 0.6822
vn -0.2390 -0.9110 0.3362
vn -0.2201 -0.8938 0.3908
vn -0.1148 -0.6732 0.7305
vn -0.1749 -0.7324 0.6580
vn -0.0471 -0.6238 0.7802
vn -0.2266 -0.9155 0.3325
vn 0.4643 0.6037 -0.6480
vn 0.1757 0.1400 -0.9744
vn 0.1727 0.1195 -0.9777
vn 0.4627 0.5636 -0.6843
vn 0.1583 0.1250 -0.9794
vn 0.1761 0.1394 -0.9744
vn 0.0374 0.0730 -0.9966
vn 0.0715 0.2968 -0.9523
vn 0.2536 0.7109 -0.6560
vn 0.5472 0.7049 0.4513
vn 0.5902 0.8072 -0.0124
vn 0.6334 0.7736 -0.0197
vn 0.5989 0.6520 0.4650
vn 0.4390 0.8945 -0.0849
vn 0.4806 0.7709 0.4180
vn 0.5422 0.5170 0.6623
vn 0.4570 0.6117 0.6457
vn 0.5270 0.6924 0.4928
vn 0.6043 0.6731 0.4263
vn 0.5347 0.7689 0.3507
vn 0.4834 0.5892 0.6474
vn 0.5901 0.6814 -0.4329
vn 0.6751 0.5739 -0.4635
vn 0.6603 0.7020 -0.2669
vn 0.6034 0.7402 -0.2967
vn 0.5427 0.7667 -0.3430
vn 0.5087 0.5371 -0.6729
vn 0.5342 0.7991 0.2758
vn 0.5405 0.8402 -0.0444
vn 0.6670 0.7359 -0.1167
vn 0.7081 0.7047 0.0453
vn 0.6638 0.7108 -0.2327
vn 0.7350 0.6566 -0.1690
vn -0.7909 -0.5315 0.3034
vn -0.5306 -0.6208 0.5772
vn -0.5467 -0.5385 0.6411
vn -0.8202 -0.4446 0.3599
vn -0.2955 -0.5608 0.7734
vn -0.2454 -0.6192 0.7459
vn -0.1771 -0.6216 0.7630
vn -0.2390 -0.5957 0.7668
vn -0.3332 -0.6523 0.6808
vn -0.2837 -0.6702 0.6858
vn -0.4416 -0.5732 0.6902
vn -0.3716 -0.5100 0.7758
vn -0.4425 -0.6996 0.5611
vn -0.4727 -0.6816 0.5586
vn -0.5371 -0.6974 0.4746
vn -0.4921 -0.7262 0.4800
vn -0.5665 -0.6607 0.4925
vn -0.5076 -0.6533 0.5618
vn -0.4401 -0.7760 0.4517
vn -0.4756 -0.7571 0.4478
vn -0.4528 -0.7771 0.4371
vn -0.4402 -0.7840 0.4377
vn -0.4736 -0.7300 0.4928
vn -0.5154 -0.7003 0.4940
vn 0.4686 0.7875 -0.4003
vn 0.8284 0.2659 -0.4931
vn 0.9556 -0.1105 -0.2732
vn 0.9141 0.1722 -0.3671
vn 0.6423 0.6836 -0.3468
vn 0.4021 0.8056 -0.4352
vn 0.4026 0.8684 -0.2895
vn 0.5909 0.5426 -0.5970
vn 0.5418 0.7396 -0.3993
vn 0.4212 0.7829 -0.4580
vn 0.4742 0.7551 -0.4526
vn 0.5900 0.6830 -0.4307
vn 0.4275 0.7707 -0.4724
vn 0.4132 0.7815 -0.4675
vn 0.4393 0.7409 -0.5080
vn 0.4661 0.7145 -0.5218
vn 0.5346 0.6326 -0.5604
vn 0.8037 0.5224 -0.2849
vn 0.7793 0.5358 -0.3249
vn 0.5920 0.6331 -0.4987
vn 0.6213 0.6282 -0.4683
vn 0.5915 0.6161 -0.5201
vn 0.7604 0.5452 -0.3529
vn 0.5784 0.6279 -0.5208
vn 0.5523 0.6528 -0.5184
vn 0.5566 0.6399 -0.5299
vn -0.3885 -0.7509 0.5341
vn -0.3834 -0.8385 0.3872
vn -0.4125 -0.8373 0.3589
vn -0.4151 -0.7317 0.5407
vn -0.3250 -0.9017 0.2851
vn -0.2380 -0.9081 0.3446
vn -0.4434 -0.8643 0.2374
vn -0.4435 -0.8234 0.3539
vn -0.4329 -0.7294 0.5297
vn 0.1425 0.6368 -0.7577
vn 0.1890 0.5954 -0.7809
vn 0.7069 0.5917 -0.3875
vn 0.6862 0.6159 -0.3870
vn 0.7418 0.5506 -0.3828
vn 0.2012 0.5854 -0.7854
vn 0.6944 0.7045 0.1468
vn 0.7437 0.6298 0.2240
vn 0.8113 0.4556 0.3663
vn 0.7743 0.5553 0.3034
vn 0.9123 0.4013 0.0812
vn 0.7965 0.6021 0.0544
vn 0.8330 0.2126 0.5108
vn 0.9863 0.0515 0.1568
vn -0.0335 -0.4362 0.8992
vn -0.0347 -0.4029 0.9146
vn -0.0834 -0.4635 0.8822
vn -0.0471 -0.4640 0.8846
vn -0.0002 -0.2683 0.9633
vn -0.1604 -0.4822 0.8612
vn 0.7913 0.5836 0.1822
vn 0.7192 0.6892 -0.0881
vn 0.7226 0.6701 0.1698
vn 0.7975 0.5978 0.0809
vn 0.5698 0.7874 0.2352
vn 0.5944 0.8014 -0.0667
vn 0.8273 0.5327 -0.1782
vn 0.8231 0.5159 -0.2372
vn 0.6618 0.6386 -0.3927
vn 0.6841 0.6801 -0.2638
vn 0.5747 0.6793 -0.4564
vn 0.6041 0.7377 -0.3014
vn -0.2288 -0.4698 0.8526
vn -0.5994 -0.5172 0.6109
vn -0.6367 -0.5249 0.5649
vn -0.2662 -0.4913 0.8293
vn -0.8131 -0.4948 0.3066
vn -0.7992 -0.5110 0.3164
vn -0.5557 -0.5903 0.5855
vn -0.2256 -0.5527 0.8022
vn -0.7883 -0.5359 0.3023
vn -0.0556 -0.5132 0.8565
vn 0.0116 -0.4262 0.9046
vn 0.0256 -0.3731 0.9274
vn 0.0521 -0.3043 0.9511
vn -0.0914 -0.5414 0.8358
vn -0.1861 -0.6395 0.7459
vn -0.1193 -0.3369 0.9340
vn -0.2476 -0.5204 0.8173
vn -0.3677 -0.7651 0.5286
vn -0.2958 -0.6381 0.7109
vn -0.4018 -0.7176 0.5688
vn -0.4446 -0.7603 0.4735
vn -0.3742 -0.7514 0.5435
vn -0.3668 -0.7802 0.5067
vn -0.3404 -0.5177 0.7849
vn -0.3297 -0.3935 0.8582
vn -0.2663 -0.1974 0.9435
vn -0.2729 -0.0858 0.9582
vn -0.4077 -0.8020 0.4365
vn -0.3997 -0.8260 0.3974
vn 0.7944 0.5188 -0.3159
vn 0.8588 0.3718 -0.3525
vn 0.9028 0.3495 -0.2507
vn 0.8068 0.5440 -0.2304
vn 0.9762 -0.0902 -0.1970
vn 0.9481 -0.1320 -0.2893
vn 0.8636 0.3856 -0.3249
vn 0.6206 0.7230 -0.3034
vn 0.9479 -0.1532 -0.2793
vn 0.5306 0.8470 -0.0315
vn 0.5501 0.8299 -0.0936
vn 0.4752 0.8122 -0.3384
vn 0.4883 0.8040 -0.3392
vn 0.4395 0.8287 -0.3465
vn 0.4942 0.8511 -0.1771
vn 0.4476 0.7999 -0.3997
vn 0.4196 0.8120 -0.4058
vn 0.4488 0.8091 -0.3795
vn 0.6975 0.6896 -0.1950
vn 0.8009 0.5987 -0.0131
vn 0.6066 0.7799 -0.1546
vn 0.6867 0.6223 -0.3757
vn 0.6846 0.6377 -0.3531
vn 0.0327 0.7045 -0.7090
vn 0.0791 0.6896 -0.7198
vn 0.5587 -0.7761 0.2924
vn 0.3746 -0.9272 -0.0043
vn 0.6650 -0.7175 -0.2074
vn 0.7197 -0.6744 0.1650
vn 0.4220 -0.6842 -0.5948
vn 0.2675 -0.8828 -0.3861
vn 0.5932 -0.5340 -0.6025
vn 0.7643 -0.5878 -0.2654
vn 0.7865 -0.6131 0.0745
vn -0.8921 0.3772 0.2488
vn -0.8486 0.5167 0.1139
vn -0.8906 0.3619 -0.2753
vn -0.9889 0.1012 0.1092
vn -0.7787 0.4270 -0.4596
vn -0.8275 0.5614 0.0019
vn -0.4034 0.0762 -0.9118
vn -0.6828 -0.0924 -0.7247
vn -0.9099 -0.3594 -0.2072
vn -0.6202 0.3308 0.7112
vn -0.5750 0.4560 0.6793
vn -0.7516 0.5280 0.3953
vn -0.8160 0.3157 0.4843
vn -0.7331 0.5797 0.3558
vn -0.5672 0.5052 0.6504
vn 0.6903 -0.5668 0.4496
vn 0.5578 -0.6114 0.5613
vn 0.1782 -0.3191 0.9308
vn 0.2657 -0.2321 0.9357
vn -0.0941 -0.4509 0.8876
vn 0.2813 -0.7240 0.6299
vn 0.7301 -0.6476 -0.2183
vn 0.7005 -0.7024 0.1261
vn 0.6104 -0.5563 -0.5638
vn 0.4190 -0.7614 -0.4947
vn 0.4103 -0.9042 -0.1184
vn 0.1989 -0.9388 0.2812
vn 0.3664 -0.4317 -0.8242
vn 0.1960 -0.3425 -0.9189
vn 0.2889 -0.5970 -0.7484
vn -0.1688 -0.0787 -0.9825
vn 0.0301 -0.1899 -0.9813
vn -0.7199 0.6824 -0.1266
vn -0.6203 0.4282 -0.6572
vn -0.2600 0.4505 -0.8541
vn -0.3706 0.8605 -0.3497
vn -0.4870 0.6086 0.6264
vn -0.6262 0.7132 0.3150
vn -0.3549 0.9201 0.1655
vn -0.2768 0.7696 0.5754
vn -0.2921 0.2838 0.9133
vn -0.2866 0.3670 0.8849
vn 0.0397 -0.1735 0.9840
vn -0.1105 0.1118 0.9876
vn -0.2000 0.5112 0.8359
vn 0.0156 -0.5658 0.8244
vn 0.4834 -0.6855 0.5444
vn -0.0012 -0.9998 -0.0188
vn -0.0817 -0.8744 0.4783
vn 0.1001 -0.9122 -0.3973
vn -0.0157 -0.9428 -0.3330
vn -0.0846 -0.9941 0.0675
vn -0.1804 -0.7883 0.5883
vn 0.1444 -0.6528 -0.7436
vn 0.1763 -0.2273 -0.9577
vn 0.1804 -0.1782 -0.9673
vn 0.0477 -0.6421 -0.7651
vn 0.0663 0.8502 -0.5223
vn 0.1288 0.3776 -0.9170
vn 0.2431 0.3370 -0.9096
vn 0.1519 0.7526 -0.6407
vn -0.1157 0.8608 0.4956
vn -0.0292 0.9995 0.0109
vn -0.0120 0.9923 -0.1234
vn -0.1281 0.8755 0.4659
vn -0.1495 0.2184 0.9643
vn -0.1582 0.5819 0.7977
vn -0.2200 0.2379 0.9460
vn -0.1765 0.5715 0.8014
vn -0.2531 -0.2667 0.9300
vn -0.1339 -0.3409 0.9305
vn 0.0333 -0.9550 -0.2948
vn -0.0385 -0.9522 -0.3031
vn 0.1122 -0.8512 -0.5127
vn 0.1929 -0.8708 -0.4522
vn -0.3331 -0.8462 -0.4160
vn -0.1874 -0.6559 -0.7312
vn 0.1840 -0.3338 -0.9245
vn 0.3097 -0.4347 -0.8457
vn 0.4090 -0.5004 -0.7631
vn -0.3386 -0.9312 0.1349
vn -0.3348 -0.9421 -0.0205
vn -0.7871 -0.3605 0.5005
vn -0.3324 -0.9220 0.1986
vn -0.6679 -0.3888 0.6346
vn -0.5727 -0.4254 0.7007
vn 0.1002 -0.9308 -0.3516
vn 0.1499 -0.8557 -0.4953
vn -0.5147 0.5309 0.6732
vn -0.3455 0.5432 0.7652
vn -0.5971 0.0097 0.8021
vn -0.6951 0.1540 0.7022
vn -0.3955 0.4317 0.8107
vn -0.5818 -0.0861 0.8088
vn -0.3981 0.7921 0.4628
vn -0.1604 0.8443 0.5113
vn 0.0224 0.9854 0.1689
vn -0.0753 0.9867 0.1439
vn 0.1016 0.9772 0.1866
vn -0.0950 0.8338 0.5439
vn 0.2924 0.9259 -0.2392
vn 0.2950 0.9242 -0.2424
vn 0.4908 0.6159 -0.6163
vn 0.5342 0.5919 -0.6036
vn 0.5026 0.5424 -0.6732
vn 0.3300 0.9106 -0.2489
vn 0.5822 -0.0030 -0.8130
vn 0.5610 -0.1795 -0.8081
vn 0.4342 -0.7175 -0.5446
vn 0.5079 0.0535 -0.8597
vn 0.4866 -0.6069 -0.6284
vn 0.2787 -0.8655 -0.4163
vn 0.3570 -0.7776 -0.5176
vn 0.0625 -0.6815 -0.7291
vn -0.0100 -0.9575 -0.2884
vn 0.1305 -0.1476 -0.9804
vn 0.0520 -0.7105 -0.7018
vn 0.0601 -0.1540 -0.9862
vn -0.0655 -0.9374 -0.3420
vn 0.1131 0.3430 -0.9325
vn 0.0372 0.3679 -0.9291
vn 0.0772 0.7443 -0.6633
vn 0.0588 0.7751 -0.6290
vn -0.1244 0.8530 0.5068
vn -0.0250 0.9927 -0.1184
vn -0.0117 0.9968 -0.0792
vn -0.1014 0.8290 0.5500
vn -0.2683 0.2564 0.9286
vn -0.1845 0.5517 0.8134
vn -0.1717 0.5372 0.8258
vn -0.2987 0.2660 0.9165
vn -0.3591 -0.2122 0.9089
vn -0.3633 -0.7288 0.5804
vn -0.5823 -0.6756 0.4522
vn -0.4936 -0.1378 0.8587
vn -0.3513 -0.9361 -0.0195
vn -0.1759 -0.9784 0.1089
vn 0.0089 -0.0624 -0.9980
vn -0.1180 -0.5812 -0.8051
vn -0.6025 -0.1441 -0.7850
vn -0.2475 0.1541 -0.9565
vn -0.9189 -0.3365 -0.2060
vn -0.4659 -0.7754 -0.4262
vn -0.9026 -0.3536 0.2454
vn -0.7826 0.1790 0.5962
vn -0.9052 0.2491 0.3442
vn -0.9473 -0.2517 -0.1982
vn -0.8115 0.5066 0.2914
vn -0.6298 0.4851 0.6067
vn -0.0412 0.9018 -0.4301
vn -0.1484 0.9681 -0.2021
vn -0.5661 0.7252 -0.3920
vn -0.2508 0.5881 -0.7690
vn -0.5837 0.8019 0.1271
vn -0.0062 0.9999 0.0095
vn -0.7621 0.4373 -0.4775
vn 0.0175 0.8249 -0.5650
vn -0.0423 0.4557 -0.8891
vn -0.4553 0.7636 0.4578
vn -0.0229 0.9835 0.1792
vn -0.0251 0.8304 0.5566
vn 0.0599 0.9970 -0.0482
vn 0.1298 0.9872 -0.0927
vn 0.0410 0.8534 0.5197
vn -0.3728 0.3266 0.8686
vn -0.1505 0.5534 0.8192
vn -0.1592 0.6351 0.7558
vn -0.4343 0.3950 0.8095
vn -0.9965 -0.0319 -0.0778
vn -0.9364 0.3211 -0.1416
vn 0.5861 0.7635 -0.2712
vn 0.6039 0.6714 -0.4296
vn 0.3738 0.9220 -0.1005
vn 0.3617 0.9311 -0.0468
vn 0.7223 0.4830 -0.4950
vn 0.7856 0.5692 -0.2426
vn 0.8228 0.3532 -0.4453
vn 0.6444 0.1112 -0.7565
vn 0.4400 -0.4209 -0.7932
vn 0.7620 0.0922 -0.6410
vn 0.5092 0.8325 -0.2183
vn 0.5196 0.8493 -0.0928
vn 0.6247 -0.1494 -0.7665
vn 0.3198 -0.6635 -0.6764
vn 0.2263 -0.3686 -0.9016
vn 0.2603 -0.6128 -0.7462
vn 0.0265 -0.6691 -0.7427
vn -0.0869 -0.3361 -0.9378
vn -0.5137 -0.7762 -0.3654
vn -0.5954 -0.4880 -0.6383
vn -0.2830 -0.1681 -0.9443
vn -0.5976 -0.3489 -0.7219
vn -0.6227 -0.3028 -0.7215
vn -0.4256 -0.1326 -0.8951
vn -0.8871 -0.3095 -0.3425
vn -0.8912 -0.3023 -0.3381
vn -0.6748 -0.2964 -0.6759
vn -0.6669 -0.3623 -0.6512
vn -0.4593 -0.1725 -0.8714
vn -0.4043 -0.2513 -0.8794
vn -0.8092 -0.4221 -0.4087
vn -0.8521 -0.3732 -0.3670
vn -0.8876 -0.3886 -0.2474
vn -0.7891 -0.4677 -0.3981
vn -0.8725 -0.4760 0.1101
vn -0.9195 -0.3692 0.1350
vn -0.8430 -0.4658 -0.2692
vn -0.8432 -0.5334 0.0674
vn -0.9114 -0.4037 -0.0796
vn -0.3749 -0.2618 -0.8893
vn -0.5056 -0.1504 -0.8496
vn -0.3968 -0.2208 -0.8910
vn -0.8882 -0.3219 -0.3280
vn -0.5916 -0.2595 -0.7633
vn -0.4793 -0.1730 -0.8604
vn -0.8040 -0.2529 -0.5382
vn 0.0103 0.0071 -0.9999
vn -0.1011 -0.1479 -0.9838
vn 0.1178 0.1591 -0.9802
vn -0.2716 0.0009 -0.9624
vn -0.6900 -0.2393 -0.6831
vn -0.1571 -0.3500 -0.9235
vn -0.6281 -0.4410 -0.6411
vn -0.7156 -0.4008 -0.5721
vn -0.2283 -0.4737 -0.8506
vn -0.8905 -0.4133 -0.1902
vn 0.3425 -0.4828 -0.8060
vn 0.3915 -0.2101 -0.8959
vn 0.7504 -0.0848 -0.6555
vn 0.7470 -0.3587 -0.5598
vn 0.6828 0.1026 -0.7234
vn 0.3910 -0.0113 -0.9203
vn 0.3789 -0.0470 -0.9242
vn 0.7332 0.4577 -0.5029
vn 0.5450 0.4003 -0.7367
vn 0.4958 0.7620 -0.4166
vn 0.6869 0.6340 -0.3553
vn 0.1867 -0.0018 -0.9824
vn 0.1567 0.2886 -0.9445
vn -0.4964 0.4027 -0.7691
vn -0.0862 0.0309 -0.9958
vn -0.3585 0.0659 -0.9312
vn -0.9578 0.0814 -0.2755
vn -0.9970 -0.0762 -0.0127
vn -0.8692 0.4569 0.1888
vn -0.9537 0.2983 0.0376
vn -0.9563 -0.2101 -0.2033
vn -0.4213 0.8240 0.3788
vn -0.4027 0.7967 0.4507
vn 0.0260 0.8928 0.4498
vn -0.0308 0.8476 0.5297
vn -0.8426 -0.2224 -0.4905
vn -0.7753 -0.2860 -0.5631
vn -0.4893 -0.5557 -0.6721
vn -0.3419 -0.5688 -0.7480
vn -0.7787 0.6260 -0.0418
vn -0.8671 0.3150 -0.3859
vn -0.9047 -0.1310 -0.4053
vn -0.8951 0.4456 0.0170
vn -0.6510 -0.3778 -0.6584
vn -0.7467 -0.0067 -0.6651
vn 0.6597 -0.4801 -0.5782
vn 0.9104 -0.1250 -0.3944
vn 0.9232 -0.3226 -0.2088
vn 0.6519 -0.5781 -0.4907
vn 0.9609 0.2605 -0.0939
vn 0.9820 0.1635 0.0943
vn 0.9562 -0.1854 -0.2265
vn 0.9843 0.1754 -0.0220
vn 0.2354 -0.6806 -0.6938
vn 0.1701 -0.6785 -0.7147
vn 0.7024 0.7117 -0.0043
vn 0.6382 0.6976 0.3257
vn 0.2266 0.9583 0.1740
vn 0.0403 0.8910 0.4523
vn 0.5930 0.7081 0.3832
vn 0.6064 0.4198 -0.6754
vn 0.7176 -0.1295 -0.6843
vn 0.0887 -0.4152 -0.9054
vn -0.1031 0.3595 -0.9274
vn -0.3882 0.8130 0.4339
vn -0.3506 0.9136 0.2057
vn -0.2879 0.8982 -0.3322
vn 0.4823 0.8176 -0.3145
vn 0.8340 0.3656 -0.4133
vn -0.2422 0.6320 -0.7362
vn 0.0575 0.6126 -0.7883
vn 0.0052 0.7350 -0.6780
vn -0.2729 0.6898 -0.6706
vn 0.0817 0.5675 -0.8193
vn -0.2462 0.6006 -0.7607
vn -0.2604 0.6052 -0.7523
vn 0.1063 0.6144 -0.7818
vn -0.2088 0.6394 -0.7400
vn -0.2107 0.6169 -0.7583
vn -0.0677 0.6040 -0.7941
vn -0.1028 0.6215 -0.7766
vn -0.0633 0.5817 -0.8109
vn -0.2151 0.6266 -0.7491
vn -0.2739 0.6292 -0.7274
vn 0.1415 0.6949 -0.7050
vn -0.2725 0.6561 -0.7038
vn 0.2011 0.7693 -0.6064
vn -0.0502 0.6530 -0.7557
vn -0.1812 0.6393 -0.7473
vn -0.1993 0.6853 -0.7004
vn -0.0882 0.7574 -0.6470
vn -0.2474 0.6702 -0.6997
vn 0.2789 0.7830 -0.5560
vn -0.1943 0.6904 -0.6968
vn 0.3745 0.7881 -0.4886
vn -0.2728 0.6864 -0.6741
vn -0.1134 0.7642 -0.6349
vn -0.3159 0.6645 -0.6773
vn -0.1180 0.7354 -0.6673
vn 0.0017 0.7466 -0.6653
vn 0.0230 0.7300 -0.6831
vn 0.6888 0.6535 -0.3138
vn 0.6456 0.7025 -0.2995
vn 0.5106 0.7693 -0.3841
vn -0.1085 0.7246 -0.6806
vn -0.3165 0.6550 -0.6861
vn -0.1382 0.7181 -0.6821
vn -0.2876 0.6355 -0.7166
vn -0.1524 0.6962 -0.7014
vn -0.2110 0.7064 -0.6756
vn -0.2072 0.6771 -0.7062
vn -0.1236 0.6726 -0.7296
vn -0.4413 0.6050 -0.6627
vn -0.2310 0.7181 -0.6565
vn -0.4831 0.6307 -0.6073
vn -0.1863 0.7650 -0.6165
vn -0.5562 0.6610 -0.5037
vn -0.9732 0.0443 -0.2258
vn -0.9880 0.0245 -0.1526
vn -0.8795 -0.4272 0.2098
vn -0.8653 -0.4494 0.2220
vn -0.9998 -0.0055 -0.0169
vn -0.8556 -0.4326 0.2842
vn -0.1560 0.6446 -0.7484
vn -0.1909 0.6095 -0.7695
vn -0.5809 0.4612 -0.6707
vn -0.5404 0.5381 -0.6469
vn -0.8655 -0.4796 0.1444
vn -0.9679 -0.0764 -0.2394
vn -0.9527 0.0153 -0.3034
vn -0.9003 -0.4342 0.0290
vn -0.2554 0.6145 -0.7465
vn -0.2130 0.5742 -0.7905
vn -0.5962 0.4990 -0.6289
vn -0.6456 0.5106 -0.5679
vn -0.8312 -0.4912 0.2604
vn -0.7515 -0.6128 0.2446
vn -0.7590 -0.6031 0.2452
vn -0.8347 -0.4837 0.2634
vn -0.7625 -0.6179 0.1919
vn -0.7034 -0.6488 0.2904
vn -0.7852 -0.5623 0.2592
vn -0.6896 -0.6448 0.3298
vn -0.8130 -0.5084 0.2839
vn -0.9425 0.2173 -0.2538
vn -0.9411 0.1496 -0.3031
vn -0.9671 -0.2544 0.0026
vn -0.9870 -0.1597 0.0169
vn -0.8658 -0.4734 0.1621
vn -0.8697 -0.4505 0.2017
vn -0.6793 -0.6291 0.3777
vn -0.7046 -0.5661 0.4278
vn -0.7160 -0.5353 0.4482
vn -0.7171 -0.6028 0.3497
vn -0.6906 0.4818 -0.5394
vn -0.2934 0.6484 -0.7025
vn -0.2621 0.6747 -0.6900
vn -0.7124 0.4493 -0.5391
vn -0.8829 -0.3913 0.2594
vn -0.8814 -0.4164 0.2232
vn -0.9917 -0.1279 0.0111
vn -0.9931 -0.1171 0.0024
vn -0.9473 0.1690 -0.2720
vn -0.9461 0.2247 -0.2334
vn -0.7103 0.4754 -0.5190
vn -0.2386 0.7079 -0.6648
vn -0.2448 0.7479 -0.6170
vn -0.6995 0.5214 -0.4887
vn -0.9533 0.1603 -0.2561
vn -0.9949 -0.0913 0.0432
vn -0.9928 -0.0540 0.1068
vn -0.9586 0.2005 -0.2022
vn -0.7308 -0.4574 0.5067
vn -0.8719 -0.3324 0.3595
vn -0.7965 -0.3907 0.4614
vn -0.8703 -0.2625 0.4167
vn -0.8131 -0.4793 0.3303
vn -0.7612 -0.5188 0.3890
vn -0.9789 -0.0366 0.2011
vn -0.9580 0.2477 -0.1445
vn -0.9571 0.2515 -0.1442
vn -0.9858 -0.0008 0.1679
vn -0.6771 0.5648 -0.4717
vn -0.6786 0.5477 -0.4894
vn -0.2530 0.7652 -0.5920
vn -0.2860 0.7215 -0.6306
vn -0.9180 -0.1276 0.3755
vn -0.8756 -0.2158 0.4321
vn -0.2104 0.6560 -0.7249
vn -0.2426 0.6033 -0.7597
vn -0.2372 0.5694 -0.7871
vn -0.5589 0.5055 -0.6573
vn -0.8739 -0.4436 0.1988
vn -0.8460 -0.4600 0.2696
vn -0.8691 -0.3690 0.3295
vn -0.9163 -0.3490 0.1964
vn -0.3689 0.6441 -0.6701
vn -0.7213 0.4567 -0.5207
vn -0.9476 -0.2646 0.1787
vn -0.9157 -0.2408 0.3218
vn -0.9894 -0.0798 0.1212
vn -0.9936 -0.1128 0.0034
vn -0.9283 0.1805 -0.3250
vn -0.9569 0.1886 -0.2207
vn -0.5781 0.4538 -0.6781
vn -0.2492 0.5498 -0.7972
vn -0.2582 0.5281 -0.8090
vn -0.5896 0.4161 -0.6923
vn -0.9267 -0.3695 0.0685
vn -0.8971 -0.4243 0.1232
vn -0.9428 -0.3232 0.0815
vn -0.9662 -0.2576 0.0113
vn -0.9792 -0.2000 0.0354
vn -0.9631 -0.2579 0.0773
vn -0.9924 -0.0985 -0.0733
vn -0.9935 -0.0595 -0.0968
vn -0.8932 0.1864 -0.4092
vn -0.9002 0.1902 -0.3917
vn -0.2929 0.5152 -0.8055
vn -0.6051 0.4020 -0.6872
vn -0.6453 0.3930 -0.6551
vn -0.3393 0.4705 -0.8146
vn -0.9632 -0.2637 0.0517
vn -0.9626 -0.2679 0.0410
vn -0.9852 -0.1604 -0.0603
vn -0.9823 -0.1151 -0.1480
vn -0.9864 -0.1040 -0.1272
vn -0.9885 -0.1501 -0.0159
vn -0.9924 -0.0498 -0.1123
vn -0.9858 -0.0462 -0.1616
vn -0.9196 0.1423 -0.3662
vn -0.9000 0.1738 -0.3998
vn -0.9085 -0.4167 0.0311
vn -0.9467 -0.3177 0.0537
vn -0.9707 -0.1475 -0.1895
vn -0.9457 -0.1889 -0.2646
vn -0.9310 -0.3649 -0.0113
vn -0.7200 -0.6364 0.2768
vn -0.6685 -0.7273 -0.1553
vn -0.8477 -0.4390 0.2978
vn -0.8854 -0.3972 0.2413
vn -0.8719 -0.3831 0.3049
vn -0.9157 -0.3727 0.1505
vn -0.8876 -0.4489 0.1029
vn -0.9449 -0.3133 0.0950
vn -0.6100 -0.1851 0.7705
vn -0.6754 -0.2146 0.7056
vn -0.9779 -0.2086 -0.0152
vn -0.9663 0.2382 -0.0974
vn -0.9982 -0.0483 0.0352
vn -0.5251 0.4855 -0.6990
vn -0.3716 0.7458 -0.5530
vn -0.2414 0.9135 -0.3274
vn -0.8441 0.5063 -0.1765
vn -0.9830 -0.0435 0.1783
vn -0.8807 -0.2802 0.3819
vn -0.3359 0.9418 -0.0113
vn -0.7899 0.6041 -0.1052
vn -0.6699 0.7111 0.2134
vn -0.8519 0.5105 -0.1170
vn -0.9564 0.2918 0.0085
vn -0.9771 0.1809 0.1124
vn -0.5632 -0.5401 0.6254
vn -0.3882 -0.5318 0.7527
vn -0.4513 -0.3720 0.8112
vn -0.6056 -0.4048 0.6851
vn -0.4783 -0.4578 0.7494
vn -0.5380 -0.3509 0.7664
vn -0.6454 -0.2659 0.7161
vn -0.5251 -0.0976 0.8454
vn -0.5614 -0.2794 0.7790
vn -0.4054 -0.7915 0.4573
vn -0.3822 -0.8431 0.3784
vn -0.2651 -0.7148 0.6471
vn -0.2812 -0.6596 0.6971
vn -0.2526 -0.7842 0.5668
vn -0.3793 -0.8678 0.3210
vn -0.2130 -0.7199 0.6606
vn -0.2840 -0.6435 0.7108
vn -0.2742 -0.6127 0.7413
vn -0.3985 -0.8789 0.2621
vn -0.2398 -0.8395 0.4875
vn -0.2435 -0.8377 0.4889
vn -0.4779 -0.8456 0.2379
vn -0.0821 -0.7886 0.6094
vn -0.1187 -0.7873 0.6051
vn -0.6315 -0.7669 -0.1145
vn -0.5832 -0.7927 -0.1775
vn -0.5073 -0.8538 0.1171
vn -0.5410 -0.8219 0.1786
vn -0.4909 -0.8700 0.0461
vn -0.5832 -0.7797 -0.2279
vn -0.5337 -0.0701 -0.8428
vn -0.4862 -0.1112 -0.8667
vn -0.6314 -0.6158 -0.4713
vn -0.6798 -0.5754 -0.4548
vn -0.6055 -0.5983 -0.5248
vn -0.4617 -0.1639 -0.8718
vn -0.6329 -0.7105 -0.3077
vn -0.5396 -0.8419 -0.0030
vn -0.6670 -0.7430 -0.0548
vn -0.7547 -0.5135 -0.4084
vn -0.8912 -0.3263 -0.3151
vn -0.8195 -0.5730 -0.0073
vn -0.6663 -0.7104 0.2267
vn -0.0230 0.6028 -0.7975
vn -0.0232 0.5772 -0.8163
vn -0.1568 0.4823 -0.8618
vn -0.2404 0.4341 -0.8682
vn -0.0617 0.5049 -0.8610
vn -0.1897 0.5224 -0.8313
vn -0.5999 -0.0652 -0.7974
vn -0.6751 -0.0335 -0.7370
vn -0.9115 -0.0327 -0.4100
vn -0.9620 -0.0416 -0.2698
vn -0.9562 0.0303 -0.2910
vn -0.9063 -0.0048 -0.4227
vn -0.3911 0.3337 -0.8577
vn -0.4098 0.3252 -0.8522
vn -0.7999 0.1664 -0.5765
vn -0.8422 -0.0853 -0.5324
vn 0.2775 0.5839 -0.7629
vn 0.3300 0.5747 -0.7489
vn -0.9100 -0.0366 -0.4129
vn -0.9198 0.1080 -0.3773
vn -0.2741 0.0618 -0.9597
vn 0.1684 0.3117 -0.9351
vn -0.6783 -0.2975 -0.6719
vn -0.6496 -0.0950 -0.7543
vn -0.8298 -0.0824 -0.5520
vn -0.8377 -0.0123 -0.5460
vn -0.6286 0.2335 -0.7418
vn -0.5658 -0.3837 -0.7298
vn -0.2936 0.2047 -0.9338
vn -0.4184 0.4855 -0.7676
vn -0.1040 0.4391 -0.8924
vn -0.9388 -0.0187 -0.3441
vn -0.8126 0.1874 -0.5518
vn -0.8873 -0.3974 -0.2339
vn -0.9045 -0.3889 -0.1751
vn -0.6022 0.2041 -0.7718
vn -0.8255 -0.2515 -0.5052
vn -0.9365 -0.3480 0.0439
vn -0.9742 -0.2200 -0.0505
vn -0.9329 -0.3560 0.0543
vn -0.9082 -0.3546 0.2224
vn -0.9444 -0.2752 -0.1802
vn -0.9224 -0.0540 -0.3824
vn -0.8686 -0.4397 -0.2283
vn -0.8881 -0.3152 -0.3345
vn -0.9227 -0.3703 -0.1076
vn -0.8993 -0.1377 -0.4151
vn -0.3945 -0.8958 0.2049
vn -0.6748 -0.7319 0.0951
vn -0.5709 -0.3995 0.7172
vn -0.6585 -0.3413 0.6708
vn 0.0424 0.5915 -0.8052
vn 0.3493 0.5533 -0.7562
vn 0.3887 0.0946 -0.9165
vn 0.1057 0.1006 -0.9893
vn -0.1151 0.9885 -0.0977
vn -0.5582 0.8079 0.1891
vn -0.2736 0.8182 0.5056
vn 0.0634 0.9955 0.0707
vn -0.5502 0.3228 0.7701
vn -0.7976 0.2977 0.5246
vn -0.6381 -0.1311 0.7587
vn -0.7572 -0.1247 0.6411
vn -0.0800 0.8857 -0.4574
vn 0.1862 0.9166 -0.3539
vn -0.7330 0.2070 -0.6480
vn -0.9344 0.3454 -0.0872
vn -0.5300 0.7704 -0.3544
vn -0.3904 0.4567 -0.7994
vn -0.9461 -0.3022 0.1162
vn -0.6584 -0.4440 -0.6078
vn -0.3039 -0.1423 -0.9420
vn -0.6228 -0.4991 0.6025
vn -0.1286 -0.9258 0.3554
vn -0.3825 -0.8337 -0.3984
vn -0.0925 -0.5313 -0.8421
vn -0.7812 -0.0212 0.6239
vn -0.4393 -0.0582 0.8964
vn -0.2872 0.1720 0.9423
vn -0.4885 0.1605 -0.8577
vn -0.4731 0.1663 -0.8652
vn -0.7644 -0.5475 -0.3405
vn -0.7794 -0.4300 -0.4557
vn -0.7451 -0.5143 -0.4247
vn -0.8148 -0.5782 0.0421
vn -0.7275 -0.6857 0.0237
vn -0.7113 -0.5847 -0.3902
vn -0.7993 -0.5997 -0.0388
vn -0.8565 -0.4981 0.1351
vn -0.6389 -0.6729 -0.3729
vn -0.7120 -0.6171 -0.3351
vn -0.7287 -0.6651 -0.1632
vn -0.6913 -0.7208 -0.0504
vn -0.6520 -0.6492 -0.3918
vn -0.6973 -0.7168 0.0004
vn -0.7702 -0.6105 -0.1849
vn -0.9417 -0.3281 0.0746
vn -0.9219 -0.3775 0.0868
vn -0.9290 -0.3233 -0.1804
vn -0.8975 -0.3455 -0.2742
vn -0.7217 -0.5021 -0.4765
vn -0.9148 -0.3888 0.1094
vn -0.8132 -0.5697 -0.1186
vn -0.4316 -0.3022 -0.8499
vn -0.6131 -0.2967 -0.7322
vn -0.5928 -0.4705 -0.6536
vn -0.5871 -0.4531 -0.6708
vn -0.9491 -0.3140 -0.0250
vn -0.5851 -0.1849 -0.7896
vn -0.3600 -0.2397 -0.9017
vn -0.6275 -0.4010 -0.6674
vn -0.4175 -0.5811 0.6986
vn -0.5244 -0.5949 0.6092
vn -0.5619 -0.5238 0.6402
vn -0.4749 -0.6881 0.5487
vn -0.3513 -0.6840 0.6393
vn -0.4969 -0.5908 0.6357
vn -0.5264 -0.4992 0.6883
vn -0.5240 -0.4503 0.7230
vn -0.9438 -0.1565 -0.2910
vn -0.9872 -0.0967 -0.1269
vn -0.5212 0.2638 -0.8117
vn -0.4112 0.1512 -0.8989
vn -0.8355 -0.2626 -0.4827
vn -0.7160 -0.1917 -0.6713
vn -0.1457 0.4509 -0.8806
vn -0.3002 0.2098 -0.9305
vn -0.5546 -0.0138 -0.8320
vn -0.0333 0.5676 -0.8226
vn -0.1868 0.4631 -0.8664
vn -0.1478 0.4075 -0.9012
vn -0.6356 0.1103 -0.7641
vn -0.6578 0.1171 -0.7440
vn -0.5880 0.0296 -0.8083
vn -0.1569 0.2992 -0.9412
vn -0.2595 0.4512 -0.8539
vn -0.6866 0.0524 -0.7251
vn -0.4631 -0.6691 0.5812
vn -0.4163 -0.7112 0.5665
vn -0.2787 -0.6776 0.6805
vn -0.2959 -0.6690 0.6819
vn -0.2568 -0.6911 0.6756
vn -0.4100 -0.7148 0.5665
vn -0.3057 -0.7138 0.6301
vn -0.2850 -0.7563 0.5889
vn -0.7492 -0.6615 -0.0341
vn -0.8095 -0.5869 -0.0153
vn -0.8443 -0.3143 -0.4340
vn -0.8084 -0.4072 -0.4251
vn -0.8713 -0.2342 -0.4312
vn -0.8593 -0.5114 0.0061
vn -0.5119 -0.6227 0.5918
vn -0.3358 -0.6248 0.7049
vn -0.8805 -0.2192 -0.4203
vn -0.8515 -0.3026 -0.4282
vn -0.8868 -0.4622 0.0050
vn -0.8799 -0.4751 -0.0029
vn -0.6914 -0.7202 -0.0574
vn -0.5703 -0.7808 0.2551
vn -0.5815 -0.7466 0.3233
vn -0.4303 -0.7175 0.5478
vn -0.6266 -0.6923 0.3579
vn -0.6728 -0.6396 0.3719
vn -0.7483 -0.5001 -0.4358
vn -0.6972 -0.6142 0.3697
vn -0.7379 -0.5527 0.3873
vn 0.7829 0.5447 -0.3007
vn 0.7668 0.5428 -0.3425
vn 0.7743 0.5139 -0.3691
vn 0.7505 0.5686 -0.3368
vn 0.6006 0.6046 -0.5233
vn 0.5930 0.6109 -0.5246
vn 0.5813 0.5901 -0.5603
vn 0.5772 0.6180 -0.5338
vn 0.7839 0.5653 -0.2568
vn 0.5720 0.6290 -0.5265
vn 0.5578 0.6264 -0.5445
vn 0.7932 0.5554 -0.2498
vn 0.5438 0.5418 -0.6408
vn 0.5697 0.5594 -0.6022
vn 0.4177 0.6691 -0.6147
vn 0.3971 0.6511 -0.6468
vn 0.3919 0.5965 -0.7005
vn 0.3558 0.6059 -0.7115
vn 0.4530 0.5789 -0.6780
vn 0.3994 0.5665 -0.7208
vn 0.9127 -0.1154 -0.3920
vn 0.6945 0.3420 -0.6331
vn 0.6455 0.4097 -0.6446
vn 0.9092 -0.0256 -0.4156
vn 0.8590 -0.5120 0.0050
vn 0.9153 -0.3747 -0.1476
vn -0.3544 -0.6171 0.7026
vn -0.3657 -0.6768 0.6389
vn -0.4123 -0.6517 0.6366
vn -0.4168 -0.6160 0.6685
vn -0.4336 -0.6454 0.6289
vn -0.4169 -0.6002 0.6826
vn -0.4891 -0.5800 0.6514
vn -0.4989 -0.6104 0.6152
vn -0.5230 -0.6380 0.5652
vn -0.4963 -0.6419 0.5845
vn -0.5727 -0.6285 0.5263
vn -0.5684 -0.6139 0.5478
vn -0.4817 -0.6251 0.6142
vn -0.3014 -0.6566 0.6914
vn -0.3648 -0.5653 0.7398
vn -0.5031 -0.5552 0.6623
vn -0.5810 -0.5998 0.5502
vn -0.5522 -0.6143 0.5637
vn -0.5547 -0.5815 0.5951
vn -0.5703 -0.5854 0.5763
vn -0.5790 -0.5989 0.5533
vn -0.5626 -0.5960 0.5730
vn -0.4564 -0.6627 0.5938
vn -0.4764 -0.6022 0.6407
vn -0.1636 -0.7305 0.6631
vn -0.4804 -0.7649 0.4290
vn 0.0522 -0.7038 0.7085
vn -0.2734 -0.8186 0.5051
vn -0.1259 -0.6622 0.7386
vn -0.2304 -0.6716 0.7041
vn -0.4821 -0.7912 0.3763
vn -0.4281 -0.7938 0.4320
vn -0.4673 -0.5437 0.6971
vn -0.4824 -0.7769 0.4046
vn -0.3135 -0.6983 0.6435
vn -0.3271 -0.2345 0.9154
vn -0.2875 0.0920 0.9533
vn -0.4219 -0.0775 0.9033
vn -0.5411 -0.4296 0.7229
vn -0.5254 -0.7514 0.3991
vn -0.5254 -0.7349 0.4288
vn -0.5542 -0.6634 0.5028
vn -0.5550 -0.6859 0.4707
vn -0.5777 -0.4015 0.7107
vn -0.5823 -0.4975 0.6430
vn -0.3840 -0.8493 0.3623
vn -0.4242 -0.8348 0.3508
vn -0.4893 -0.5854 0.6465
vn -0.4251 -0.6493 0.6307
vn -0.3931 -0.8199 0.4161
vn -0.3645 -0.8826 0.2969
vn -0.3773 -0.8947 0.2391
vn -0.3907 -0.8900 0.2349
vn -0.4303 -0.7646 0.4799
vn 0.3937 0.3563 -0.8474
vn 0.5011 0.2624 -0.8246
vn 0.5339 0.3444 -0.7722
vn 0.4257 0.4130 -0.8051
vn 0.6072 0.2816 -0.7430
vn 0.5028 0.0078 -0.8644
vn 0.5754 0.7273 -0.3742
vn 0.5219 0.7234 -0.4520
vn 0.3911 0.7832 -0.4834
vn 0.7888 0.3507 -0.5049
vn 0.5601 0.4248 -0.7112
vn 0.4528 -0.0533 -0.8900
vn 0.7169 -0.0129 -0.6971
vn 0.4978 0.1642 -0.8516
vn 0.5245 0.5362 -0.6614
vn 0.5128 0.8296 -0.2209
vn 0.5373 0.8139 -0.2211
vn 0.4211 0.9070 0.0096
vn 0.4481 0.8749 0.1838
vn 0.4415 0.8903 -0.1119
vn 0.5776 0.8109 -0.0940
vn 0.4454 0.8951 -0.0184
vn 0.5311 0.7785 -0.3344
vn 0.5181 0.8185 -0.2483
vn 0.4746 0.0221 -0.8799
vn 0.6002 0.3698 -0.7093
vn 0.5629 0.6434 -0.5188
vn 0.6192 0.0592 -0.7830
vn 0.4770 0.8362 -0.2707
vn 0.5222 0.1736 -0.8350
vn 0.4846 0.8651 -0.1293
vn 0.6357 0.6555 -0.4076
vn 0.4229 0.9060 -0.0196
vn 0.7850 0.5301 -0.3206
vn 0.8636 0.4601 -0.2060
vn 0.5652 0.4800 -0.6709
vn 0.6654 0.4537 -0.5928
vn 0.8468 0.4266 -0.3177
vn 0.9594 0.2320 -0.1606
vn 0.8094 0.5040 -0.3015
vn 0.7168 0.4046 -0.5679
vn 0.7914 0.5220 -0.3181
vn 0.7945 0.4262 -0.4327
vn 0.7115 0.4416 -0.5466
vn 0.7413 0.6450 -0.1854
vn 0.6684 0.6505 -0.3606
vn 0.6986 0.6162 -0.3637
vn 0.4020 0.1448 -0.9041
vn 0.6394 0.2238 -0.7356
vn 0.6152 0.3003 -0.7290
vn 0.4352 0.2467 -0.8659
vn 0.4157 0.4227 -0.8053
vn 0.5678 0.3836 -0.7283
vn 0.6186 0.7814 -0.0824
vn 0.3698 0.9140 -0.1669
vn 0.4008 0.9116 0.0914
vn 0.7233 0.6730 -0.1546
vn 0.1762 0.9787 0.1055
vn 0.2066 0.9648 -0.1630
vn 0.5890 0.4117 -0.6954
vn 0.6752 0.3458 -0.6515
vn 0.6391 0.5194 -0.5672
vn 0.7288 0.4255 -0.5365
vn 0.7680 0.4566 -0.4491
vn 0.7566 0.6513 -0.0580
vn 0.7667 0.6416 -0.0224
vn 0.7629 0.5766 -0.2923
vn 0.7450 0.5897 -0.3119
vn 0.7884 0.2738 -0.5508
vn 0.7529 0.2523 -0.6078
vn 0.8912 0.4414 -0.1047
vn 0.8844 0.1063 -0.4544
vn 0.4895 0.7835 0.3827
vn 0.7049 0.6834 -0.1903
vn 0.6838 0.7101 -0.1680
vn 0.7509 0.3478 -0.5614
vn 0.7807 0.2960 -0.5504
vn 0.7365 0.0484 -0.6747
vn 0.7059 0.1049 -0.7005
vn 0.7310 -0.0470 -0.6807
vn 0.8509 0.2278 -0.4734
vn 0.6625 -0.2757 -0.6965
vn 0.7271 -0.2235 -0.6491
vn 0.6728 0.0782 -0.7357
vn 0.6061 -0.4127 -0.6799
vn 0.6874 -0.4654 -0.5575
vn 0.5889 -0.6150 -0.5243
vn 0.5381 -0.6153 -0.5761
vn 0.7096 -0.5896 -0.3858
vn 0.7935 -0.3021 -0.5283
vn 0.7581 -0.3099 -0.5738
vn 0.9639 -0.0373 -0.2638
vn 0.9111 -0.4121 -0.0116
vn 0.6991 -0.5935 -0.3988
vn 0.8001 0.3642 0.4766
vn 0.9775 0.1637 0.1332
vn 0.9068 0.3972 -0.1410
vn 0.8450 0.4922 0.2092
vn 0.6466 0.0912 0.7574
vn 0.8900 -0.1862 0.4162
vn 0.5384 -0.8364 -0.1026
vn 0.3760 -0.8700 -0.3190
vn 0.6640 -0.7067 0.2442
vn 0.2941 -0.9060 0.3045
vn 0.2639 -0.9622 0.0676
vn 0.2680 -0.9519 -0.1487
vn 0.3997 -0.2846 0.8714
vn 0.6373 -0.5270 0.5623
vn 0.2696 -0.7934 0.5457
vn 0.1142 -0.5520 0.8260
vn -0.0119 -0.5155 0.8568
vn 0.0913 -0.7935 0.6017
vn -0.0612 -0.3927 0.9176
vn -0.0756 -0.7919 0.6059
vn 0.1611 -0.9137 0.3730
vn -0.0622 -0.9680 0.2430
vn -0.5588 -0.3043 0.7715
vn -0.5261 -0.1815 0.8308
vn -0.5120 -0.0654 0.8565
vn -0.4771 0.0447 0.8777
vn -0.5117 -0.1525 0.8455
vn -0.5449 -0.1997 0.8144
vn -0.5733 -0.5851 0.5735
vn -0.4656 -0.8268 0.3158
vn -0.5607 -0.6058 0.5645
vn -0.5573 -0.5568 0.6159
vn -0.4563 -0.6824 0.5710
vn -0.2740 -0.9427 0.1902
vn -0.1121 -0.7962 0.5945
vn -0.0302 -0.8504 0.5253
vn -0.4101 -0.2923 0.8639
vn -0.4078 -0.0657 0.9107
vn -0.4367 -0.8006 0.4104
vn -0.4602 -0.5945 0.6594
vn -0.4509 -0.7027 0.5504
vn -0.3180 -0.3053 0.8976
vn -0.3496 -0.6083 0.7126
vn -0.4275 -0.8740 0.2309
vn -0.3557 -0.8252 0.4388
vn -0.2354 -0.8970 0.3742
vn -0.3518 -0.9118 0.2119
vn -0.2434 -0.9686 -0.0498
vn -0.3404 -0.9375 0.0718
vn -0.2725 -0.9610 -0.0480
vn -0.3694 -0.9280 -0.0481
vn -0.4688 -0.8620 0.1927
vn -0.3003 -0.9369 0.1789
vn -0.1647 -0.9474 0.2744
vn -0.0056 -0.8160 0.5781
vn -0.1759 -0.9803 -0.0896
vn -0.0535 -0.7680 0.6383
vn -0.0598 -0.8199 0.5694
vn -0.4417 -0.8939 0.0767
vn -0.2175 -0.8113 0.5427
vn -0.3403 -0.7134 0.6126
vn -0.2697 -0.9621 -0.0411
vn -0.5168 -0.8081 0.2825
vn -0.2225 -0.7014 0.6771
vn -0.2625 -0.6700 0.6944
vn -0.4244 -0.7612 0.4903
vn -0.3810 -0.8040 0.4566
vn -0.4225 -0.7277 0.5403
vn -0.3233 -0.8341 0.4469
vn -0.2915 -0.5666 0.7707
vn -0.2048 -0.6720 0.7117
vn -0.1730 -0.4641 0.8688
vn -0.0983 -0.7982 0.5944
vn -0.1582 -0.3296 0.9308
vn -0.1165 -0.7199 0.6842
vn -0.2840 -0.8593 0.4254
vn -0.2178 -0.8361 0.5036
vn -0.1109 -0.9355 0.3354
vn -0.1595 -0.9248 0.3455
vn -0.3252 -0.8477 0.4191
vn -0.2216 -0.8955 0.3860
vn -0.0698 -0.8855 0.4594
vn -0.0381 -0.9343 0.3545
vn -0.2944 -0.8240 0.4841
vn -0.2558 -0.8431 0.4730
vn -0.2128 -0.8761 0.4326
vn -0.3838 -0.7156 0.5836
vn -0.1350 -0.9346 0.3291
vn -0.3577 -0.7770 0.5180
vn -0.4930 -0.5522 0.6723
vn -0.5171 -0.5941 0.6162
vn -0.0233 -0.9467 0.3212
vn -0.0758 -0.9383 0.3373
vn -0.0233 -0.9855 0.1681
vn 0.0217 -0.9911 0.1313
vn -0.1672 -0.9133 0.3714
vn -0.0244 -0.9498 0.3118
vn -0.0175 -0.9951 0.0971
vn -0.0125 -0.9939 0.1100
vn -0.2535 -0.9052 0.3412
vn -0.2363 -0.9309 0.2784
vn -0.5158 -0.6688 0.5353
vn -0.5510 -0.5847 0.5954
vn -0.4938 -0.7602 0.4223
vn -0.4261 -0.8099 0.4031
vn -0.4914 -0.7394 0.4602
vn -0.4193 -0.8125 0.4051
vn -0.4764 -0.7292 0.4913
vn -0.4130 -0.7977 0.4395
vn -0.3561 -0.8181 0.4515
vn -0.4246 -0.7744 0.4691
vn -0.1883 -0.9451 0.2672
vn -0.1661 -0.9447 0.2828
vn -0.1306 -0.9675 0.2164
vn -0.4514 -0.8266 0.3363
vn -0.3765 -0.8079 0.4533
vn -0.0856 -0.9690 0.2318
vn -0.5982 -0.5651 0.5682
vn -0.7212 -0.5591 0.4089
vn -0.5273 -0.7307 0.4336
vn -0.5351 -0.7402 0.4071
vn -0.5430 -0.6878 0.4817
vn -0.5761 -0.6592 0.4832
vn -0.5724 -0.6317 0.5228
vn -0.5277 -0.6718 0.5198
vn -0.4343 -0.7707 0.4662
vn -0.4807 -0.7410 0.4689
vn -0.2264 -0.9292 0.2922
vn -0.1613 -0.9496 0.2688
vn -0.1775 -0.9804 0.0858
vn -0.2160 -0.9558 0.1996
vn -0.1554 -0.9828 0.0998
vn -0.2567 -0.9537 0.1568
vn -0.1006 -0.9916 0.0809
vn -0.1577 -0.9573 0.2424
vn -0.4124 -0.7807 0.4695
vn -0.4004 -0.8139 0.4210
vn -0.5095 -0.7518 0.4186
vn -0.4586 -0.6921 0.5574
vn -0.5292 -0.5009 0.6848
vn -0.4703 -0.7752 0.4217
vn -0.6333 -0.4582 0.6237
vn -0.3662 -0.6763 0.6392
vn -0.3681 -0.7369 0.5670
vn 0.6929 0.3813 -0.6120
vn 0.5902 0.2780 -0.7579
vn 0.6599 0.3358 -0.6722
vn 0.6831 0.4204 -0.5972
vn 0.7443 0.2741 -0.6090
vn 0.7424 0.2552 -0.6195
vn 0.5526 0.7126 -0.4322
vn 0.5573 0.6431 -0.5252
vn 0.5171 0.4661 -0.7179
vn 0.8045 0.1699 -0.5692
vn 0.7532 0.3870 -0.5319
vn 0.7339 0.4578 -0.5018
vn 0.8078 0.2000 -0.5545
vn 0.5989 0.6688 -0.4405
vn 0.6085 0.6377 -0.4723
vn 0.5712 0.7370 -0.3613
vn 0.5699 0.7195 -0.3969
vn 0.4941 0.7564 -0.4287
vn 0.5740 0.6502 -0.4977
vn 0.6150 0.6678 -0.4192
vn 0.5918 0.6353 -0.4962
vn 0.6725 0.4578 -0.5815
vn 0.7428 0.3806 -0.5508
vn 0.7989 0.1358 -0.5859
vn 0.7044 0.4127 -0.5775
vn 0.7862 0.1220 -0.6058
vn 0.8001 -0.0384 -0.5987
vn 0.6649 0.5565 -0.4981
vn 0.6997 0.4602 -0.5465
vn 0.6255 0.5593 -0.5440
vn 0.7528 0.3688 -0.5453
vn 0.7208 0.5031 -0.4768
vn 0.7134 0.5736 -0.4025
vn 0.6784 0.4844 -0.5524
vn 0.6969 0.6293 -0.3440
vn 0.7539 0.5808 -0.3069
vn 0.5503 0.8190 -0.1625
vn 0.5719 0.7515 -0.3289
vn 0.5814 0.6693 -0.4626
vn 0.7312 0.6574 0.1823
vn 0.5963 0.7507 0.2844
vn 0.6471 0.7600 0.0597
vn 0.7069 0.6956 -0.1283
vn 0.7386 0.5762 -0.3500
vn 0.6193 0.7842 -0.0381
vn 0.7539 0.1605 -0.6371
vn 0.6927 0.4794 -0.5388
vn 0.5532 0.7130 -0.4307
vn 0.6370 0.6665 -0.3873
vn 0.7186 0.6344 -0.2847
vn 0.7022 0.6447 -0.3022
vn 0.7223 0.6826 -0.1113
vn 0.7994 0.6008 -0.0019
vn 0.7116 0.6867 -0.1483
vn 0.9245 0.1563 -0.3476
vn 0.9280 0.3494 -0.1296
vn 0.7118 0.6895 -0.1341
vn 0.7646 0.5684 -0.3038
vn 0.7476 0.5502 -0.3720
vn 0.8175 0.5312 -0.2226
vn 0.8335 0.2954 -0.4670
vn 0.7193 0.6295 -0.2940
vn 0.7408 0.6671 -0.0787
vn 0.7948 -0.0409 -0.6055
vn 0.7726 -0.0136 -0.6348
vn 0.7956 0.1227 -0.5932
vn 0.0846 0.9865 -0.1400
vn 0.3009 0.9146 -0.2703
vn 0.3789 0.8782 -0.2918
vn 0.2473 0.9669 -0.0635
vn 0.0604 0.9941 -0.0899
vn 0.2302 0.9455 -0.2305
vn 0.1485 0.9825 -0.1121
vn 0.1990 0.9672 -0.1577
vn 0.4260 0.8440 -0.3259
vn 0.5075 0.7753 -0.3760
vn 0.3148 0.9154 -0.2509
vn 0.2045 0.9578 -0.2018
vn 0.4252 0.8433 -0.3286
vn 0.4957 0.7830 -0.3758
vn 0.1518 0.9693 -0.1933
vn 0.1447 0.9717 -0.1868
vn -0.0189 0.9782 -0.2069
vn 0.1339 0.9046 -0.4048
vn 0.3950 0.8255 -0.4030
vn 0.4437 0.7925 -0.4184
vn 0.3754 0.8437 -0.3837
vn 0.2923 0.8762 -0.3833
vn 0.0164 0.9801 -0.1976
vn 0.0733 0.9479 -0.3100
vn 0.0855 0.9499 -0.3008
vn 0.0384 0.9665 -0.2537
vn 0.2155 0.8874 -0.4076
vn 0.2077 0.8603 -0.4655
vn 0.1693 0.9213 -0.3500
vn 0.1119 0.9619 -0.2494
vn 0.0873 0.9775 -0.1921
vn -0.5815 -0.4978 0.6434
vn -0.6038 -0.4037 0.6873
vn -0.5740 -0.4907 0.6556
vn -0.5673 -0.4993 0.6549
vn -0.6516 -0.4877 0.5810
vn -0.6310 -0.5134 0.5817
vn -0.7040 -0.2705 0.6567
vn -0.6677 -0.3347 0.6650
vn -0.6636 -0.4722 0.5802
vn -0.6658 -0.4929 0.5601
vn -0.7646 -0.4740 0.4368
vn -0.7125 -0.5167 0.4746
vn -0.6136 -0.4031 0.6789
vn -0.5535 -0.4305 0.7130
vn -0.5709 -0.3415 0.7466
vn -0.6554 -0.2486 0.7132
vn -0.6467 -0.3899 0.6556
vn -0.6938 -0.1945 0.6934
vn -0.6829 -0.0211 0.7302
vn -0.5268 -0.2917 0.7984
vn -0.6789 -0.1000 0.7274
vn -0.4467 -0.2617 0.8555
vn -0.3412 -0.6037 0.7205
vn -0.4712 -0.4986 0.7276
vn -0.5790 -0.5066 0.6389
vn -0.5570 -0.5851 0.5894
vn -0.7166 -0.1796 0.6740
vn -0.6655 -0.4061 0.6263
vn -0.6878 -0.3669 0.6264
vn -0.5830 -0.6064 0.5407
vn -0.3319 -0.4545 0.8266
vn -0.0276 -0.6737 0.7385
vn -0.5352 -0.5361 0.6528
vn -0.2626 -0.7804 0.5674
vn 0.1349 0.9860 -0.0980
vn 0.2941 0.9035 -0.3118
vn 0.4502 0.7989 -0.3989
vn 0.3499 0.9358 -0.0437
vn 0.5878 0.6890 -0.4241
vn 0.5122 0.7787 -0.3624
vn 0.5157 0.8447 -0.1430
vn 0.5057 0.8591 -0.0789
vn 0.3142 0.9295 0.1931
vn 0.3147 0.9189 0.2378
vn 0.2909 0.9318 0.2172
vn 0.3929 0.8969 0.2031
vn 0.2615 0.9574 0.1223
vn 0.5178 0.8555 0.0052
vn 0.7521 -0.6459 0.1307
vn 0.3877 -0.6570 0.6465
vn 0.1620 -0.8065 0.5686
vn 0.5785 -0.8124 0.0732
vn 0.8776 -0.4142 0.2416
vn 0.6254 -0.3509 0.6970
vn 0.3241 -0.2246 0.9190
vn 0.0488 -0.3596 0.9318
vn -0.1977 -0.4687 0.8609
vn 0.5936 0.8044 0.0225
vn 0.1524 0.7912 0.5923
vn 0.4462 0.6876 0.5728
vn 0.8597 0.4328 -0.2713
vn 0.7931 0.4356 -0.4257
vn 0.7858 0.6061 0.1233
vn 0.4651 0.8852 -0.0001
vn 0.7773 0.4510 -0.4386
vn 0.0335 0.8219 0.5686
vn -0.3003 0.1718 0.9382
vn -0.0769 0.2893 0.9541
vn -0.0170 0.5438 0.8390
vn -0.1540 0.5273 0.8356
vn 0.3558 0.2335 0.9049
vn 0.4087 0.4474 0.7955
vn 0.9071 0.1512 0.3929
vn 0.8937 0.3705 0.2530
vn 0.9520 0.0778 -0.2960
vn 0.9207 0.2068 -0.3310
vn 0.3251 -0.0035 0.9457
vn -0.0813 -0.0320 0.9962
vn -0.3405 -0.1144 0.9333
vn 0.7960 -0.0640 0.6019
vn 0.9891 -0.1310 -0.0671
vn 0.8208 -0.4429 -0.3608
vn 0.9023 -0.2923 -0.3168
vn 0.8626 0.0554 -0.5029
vn 0.8580 0.0210 -0.5132
vn 0.8218 0.1840 -0.5392
vn 0.8022 0.1987 -0.5631
vn -0.0821 0.8893 -0.4498
vn -0.0534 0.8892 -0.4544
vn 0.1701 0.8616 -0.4782
vn 0.1550 0.8485 -0.5060
vn 0.3716 0.7761 -0.5095
vn 0.0776 0.8553 -0.5122
vn 0.7378 0.5065 -0.4462
vn 0.5487 0.6787 -0.4881
vn 0.4901 0.6894 -0.5334
vn -0.3108 0.8667 -0.3902
vn -0.2837 0.8746 -0.3933
vn -0.5948 0.7637 -0.2509
vn -0.6166 0.7413 -0.2650
vn -0.5851 0.7439 -0.3229
vn -0.1983 0.8597 -0.4707
vn 0.0149 0.9342 -0.3564
vn -0.0776 0.8472 -0.5255
vn 0.2080 0.7903 -0.5763
vn 0.2251 0.9245 -0.3077
vn 0.5290 0.6480 -0.5480
vn 0.3152 0.9310 -0.1839
vn -0.2123 0.9266 -0.3104
vn -0.3146 0.8282 -0.4638
vn -0.6510 0.6883 -0.3201
vn -0.6377 0.7471 -0.1874
vn 0.4214 0.8975 0.1301
vn 0.3030 0.9224 0.2396
vn 0.2010 0.9293 0.3100
vn 0.5004 0.8435 0.1954
vn 0.4266 0.8885 -0.1693
vn -0.9049 0.4232 0.0454
vn -0.3943 0.8775 0.2728
vn -0.7714 0.3086 0.5565
vn -0.7285 0.5125 0.4546
vn -0.1306 0.6949 0.7072
vn -0.7778 -0.0117 0.6284
vn -0.3376 0.5276 0.7795
vn 0.8085 0.5802 -0.0984
vn 0.6893 0.7113 0.1377
vn 0.6822 0.7061 -0.1900
vn 0.5943 0.8017 -0.0641
vn -0.1743 0.7163 0.6757
vn -0.0567 0.7586 0.6491
vn 0.2316 0.9480 0.2183
vn 0.1181 0.9287 0.3514
vn 0.0322 0.9330 0.3583
vn 0.2426 0.8058 0.5402
vn 0.0368 0.6990 0.7142
vn -0.0101 0.9711 0.2384
vn 0.2226 0.9711 -0.0862
vn 0.3680 0.9214 -0.1250
vn 0.3862 0.9223 0.0118
vn 0.1631 0.9794 -0.1187
vn 0.0775 0.6479 0.7578
vn 0.2004 0.8294 0.5215
vn 0.0557 0.7298 0.6814
vn 0.4216 0.8549 0.3024
vn -0.0768 0.9817 0.1741
vn -0.9252 0.3561 -0.1311
vn -0.8892 0.4217 -0.1773
vn -0.9570 0.2897 -0.0123
vn -0.9466 0.2927 -0.1354
vn -0.7127 -0.5951 0.3714
vn -0.6133 -0.6061 0.5064
vn -0.3828 -0.6799 0.6254
vn -0.4663 -0.7009 0.5397
vn -0.8532 -0.1501 0.4995
vn -0.7485 -0.1596 0.6437
vn -0.7913 -0.5219 0.3186
vn -0.9521 -0.3057 0.0044
vn -0.6732 -0.5448 0.5000
vn -0.9149 -0.2537 0.3141
vn -0.9996 -0.0182 -0.0229
vn -0.6892 0.1686 0.7047
vn -0.9957 0.0921 0.0014
vn -0.1279 -0.7944 0.5937
vn -0.3286 -0.7603 0.5603
vn -0.0111 -0.8067 0.5908
vn 0.0820 -0.8380 0.5395
vn -0.9389 0.3442 -0.0028
vn -0.8746 0.4601 -0.1531
vn -0.8606 0.5042 -0.0722
vn -0.9490 0.3008 0.0946
vn -0.8817 -0.2146 0.4201
vn -0.9687 0.1769 0.1739
vn -0.9544 0.0714 0.2898
vn -0.8182 -0.2698 0.5077
vn -0.5447 -0.5799 0.6058
vn -0.6190 -0.5505 0.5601
vn -0.9618 0.2364 0.1379
vn -0.8558 0.5147 -0.0520
vn -0.8694 0.4818 -0.1100
vn -0.9807 0.1554 0.1187
vn -0.3045 -0.7869 0.5368
vn -0.4656 -0.7116 0.5261
vn -0.4749 -0.6665 0.5746
vn -0.2081 -0.7902 0.5765
vn -0.7975 -0.3691 0.4772
vn -0.8014 -0.4137 0.4320
vn -0.9372 -0.0932 0.3361
vn -0.9409 -0.1444 0.3064
vn -0.9858 0.1476 0.0799
vn -0.8492 0.4879 -0.2021
vn -0.9946 0.0875 0.0550
vn -0.8625 0.4474 -0.2364
vn -0.4986 0.7302 -0.4670
vn -0.5256 0.7338 -0.4305
vn -0.3948 -0.8179 0.4185
vn -0.6960 -0.5981 0.3973
vn -0.5238 -0.6980 0.4883
vn -0.3205 -0.8073 0.4955
vn -0.8400 -0.3762 0.3911
vn -0.8969 -0.2889 0.3348
vn -0.9607 -0.1245 0.2480
vn -0.9566 -0.1180 0.2665
vn -0.8199 0.5692 -0.0610
vn -0.5569 0.7899 -0.2567
vn -0.6197 0.7455 -0.2454
vn -0.8087 0.5828 -0.0792
vn -0.3169 0.8488 -0.4231
vn -0.2171 0.8887 -0.4038
vn -0.3029 0.8927 -0.3335
vn -0.6351 0.7605 -0.1350
vn -0.8531 0.5211 0.0260
vn -0.9094 -0.1849 0.3725
vn -0.9589 0.2440 0.1446
vn -0.9591 0.2154 0.1836
vn -0.9058 -0.1857 0.3809
vn -0.8893 -0.1889 0.4165
vn -0.9549 0.2231 0.1962
vn -0.3437 -0.7581 0.5542
vn -0.5635 -0.6059 0.5616
vn -0.5657 -0.6468 0.5115
vn -0.3618 -0.7698 0.5259
vn -0.5914 -0.6364 0.4953
vn -0.4453 -0.7217 0.5299
vn 0.0941 0.2124 -0.9726
vn 0.0920 0.1271 -0.9876
vn 0.1453 0.1924 -0.9705
vn 0.1219 0.2255 -0.9666
vn 0.3411 0.6419 -0.6867
vn 0.2567 0.5523 -0.7931
vn 0.3314 0.7778 0.5340
vn 0.4027 0.9146 -0.0355
vn 0.2722 0.8475 0.4556
vn 0.3603 0.8893 -0.2816
vn 0.3119 0.6972 0.6455
vn 0.3616 0.8887 0.2819
vn 0.2418 0.9418 0.2336
vn 0.2121 0.8012 0.5595
vn 0.4739 0.5583 -0.6810
vn 0.4472 0.5962 -0.6668
vn 0.4601 0.4942 -0.7376
vn 0.4194 0.3445 -0.8399
vn 0.4945 0.5284 -0.6901
vn 0.4349 0.5528 -0.7109
vn 0.3884 0.5280 -0.7553
vn 0.3790 0.5758 -0.7244
vn 0.8376 -0.3572 0.4132
vn 0.7570 -0.1310 0.6402
vn 0.3592 -0.6795 0.6397
vn 0.4753 -0.4964 0.7264
vn -0.1479 -0.9889 0.0139
vn -0.0289 -0.9211 -0.3883
vn -0.0181 -0.9998 0.0055
vn 0.2458 -0.9312 -0.2693
vn 0.2838 -0.9459 0.1574
vn 0.4486 -0.8202 0.3550
vn 0.8414 -0.5375 0.0558
vn 0.7426 -0.6625 -0.0983
vn 0.2849 -0.9463 -0.1527
vn 0.4767 -0.8134 -0.3334
vn -0.0067 -0.9998 0.0201
vn 0.4638 -0.8755 -0.1360
vn 0.8175 -0.5598 -0.1351
vn 0.7426 -0.5943 -0.3088
vn 0.3929 -0.9186 0.0425
vn 0.3599 -0.8972 0.2558
vn -0.1603 -0.9366 0.3117
vn -0.2344 -0.8403 0.4889
vn -0.0507 -0.9949 -0.0872
vn 0.2097 -0.9759 0.0598
vn 0.0076 -0.0700 0.9975
vn 0.4104 0.1291 0.9027
vn 0.3929 -0.2361 0.8888
vn -0.0757 -0.1534 0.9853
vn 0.0414 0.8412 0.5391
vn 0.3756 0.9262 -0.0335
vn 0.3389 0.9332 -0.1191
vn 0.2129 0.8854 0.4133
vn 0.7325 0.4920 -0.4705
vn 0.6536 0.5310 -0.5392
vn -0.0689 0.4530 0.8888
vn -0.2029 0.0006 0.9792
vn 0.2400 0.3533 0.9042
vn 0.0691 -0.2045 0.9764
vn 0.4567 -0.8248 0.3334
vn 0.9363 -0.3471 -0.0537
vn 0.8239 -0.5002 -0.2666
vn 0.4721 -0.8787 0.0709
vn 0.8721 0.0117 -0.4892
vn 0.8453 0.1489 -0.5131
vn 0.7732 0.2076 -0.5992
vn 0.7197 0.2360 -0.6530
vn 0.7475 0.6025 -0.2797
vn 0.8350 0.4994 -0.2310
vn 0.8482 0.5005 0.1732
vn 0.7341 0.6784 0.0313
vn 0.7443 0.2863 0.6034
vn 0.8366 0.2117 0.5053
vn -0.3391 -0.8294 0.4440
vn -0.4567 -0.8145 0.3578
vn -0.3866 -0.7715 0.5053
vn -0.3922 -0.6953 0.6023
vn -0.3528 -0.7274 0.5885
vn -0.5480 -0.6831 0.4828
vn -0.4385 -0.5965 0.6723
vn -0.6287 -0.5138 0.5838
vn -0.3573 -0.6569 0.6639
vn 0.6279 0.5470 -0.5536
vn 0.5533 0.5819 -0.5960
vn 0.6129 0.6040 -0.5094
vn 0.6525 0.5774 -0.4908
vn 0.4680 0.6949 -0.5460
vn 0.3121 0.6611 -0.6823
vn 0.5215 0.7246 -0.4505
vn 0.6407 0.6267 -0.4436
vn 0.6953 0.5778 -0.4275
vn -0.2915 -0.6681 0.6846
vn -0.3456 -0.6388 0.6874
vn -0.3969 -0.7167 0.5735
vn -0.3325 -0.7568 0.5628
vn -0.1835 -0.7232 0.6658
vn -0.2347 -0.8092 0.5387
vn 0.8529 -0.3652 -0.3731
vn 0.6508 -0.7591 -0.0168
vn 0.6880 -0.7253 -0.0255
vn 0.8203 -0.5581 -0.1253
vn 0.8192 -0.4040 -0.4071
vn 0.6280 -0.7781 -0.0147
vn 0.4379 -0.8785 0.1909
vn 0.5020 -0.8510 0.1540
vn 0.6009 -0.7967 0.0648
vn 0.5495 -0.8294 -0.1006
vn 0.2590 -0.9551 0.1438
vn 0.7050 -0.6477 -0.2889
vn 0.6809 -0.0852 -0.7274
vn 0.3299 0.4448 -0.8326
vn 0.6143 0.3158 -0.7231
vn 0.4048 0.5857 -0.7022
vn 0.7149 0.3405 -0.6107
vn 0.9403 -0.0453 -0.3373
vn 0.4520 0.7256 -0.5189
vn 0.4733 0.6782 -0.5622
vn 0.1356 0.4623 -0.8763
vn 0.2830 0.4153 -0.8645
vn 0.1842 0.3033 -0.9349
vn 0.1152 0.3445 -0.9317
vn 0.3292 0.3477 -0.8779
vn 0.4178 0.4297 -0.8005
vn 0.4109 0.5124 -0.7541
vn 0.5452 0.5003 -0.6727
vn 0.1788 0.5747 -0.7986
vn -0.0528 -0.7656 0.6411
vn 0.3161 -0.8250 0.4685
vn 0.1900 -0.7715 0.6072
vn 0.5654 -0.7405 0.3633
vn 0.8169 -0.5696 0.0906
vn 0.4638 0.5129 -0.7224
vn 0.4519 0.5519 -0.7008
vn 0.4827 0.5755 -0.6601
vn 0.5240 0.4893 -0.6971
vn 0.4101 0.6741 -0.6143
vn 0.4599 0.6352 -0.6205
vn 0.4466 0.5237 -0.7255
vn 0.3802 0.5843 -0.7170
vn 0.5025 0.4619 -0.7309
vn 0.8566 -0.5135 0.0510
vn 0.8980 -0.4382 -0.0403
vn 0.5168 -0.7566 0.4007
vn 0.5051 -0.8148 0.2845
vn 0.7377 -0.6553 -0.1624
vn 0.8457 -0.4876 -0.2168
vn 0.3508 -0.9361 0.0257
vn 0.1112 -0.9910 0.0743
vn 0.8282 -0.5494 -0.1109
vn 0.3743 -0.9134 0.1602
vn 0.8917 0.2656 -0.3664
vn 0.4105 0.8658 -0.2861
vn 0.5693 0.7528 -0.3303
vn 0.5457 0.7016 -0.4583
vn 0.3845 0.7865 -0.4832
vn -0.4660 -0.6601 0.5892
vn -0.5082 -0.6772 0.5321
vn -0.4993 -0.4610 0.7336
vn -0.4585 -0.5529 0.6958
vn -0.4229 -0.3823 0.8216
vn -0.4398 -0.6354 0.6347
vn 0.8283 0.3769 -0.4145
vn 0.8532 0.5200 -0.0401
vn 0.6615 0.7326 -0.1606
vn 0.5433 0.6536 -0.5269
vn 0.7100 0.1616 -0.6855
vn 0.3705 0.4836 -0.7930
vn 0.0907 -0.7340 0.6730
vn 0.1529 -0.7245 0.6721
vn 0.0195 -0.8574 0.5142
vn 0.0830 -0.8742 0.4784
vn -0.0065 -0.9895 0.1447
vn -0.0787 -0.9599 0.2690
vn 0.2324 0.9508 -0.2048
vn 0.3987 0.8662 -0.3012
vn 0.4694 0.8206 -0.3261
vn 0.3278 0.9235 -0.1991
vn 0.3703 0.9090 -0.1911
vn 0.2603 0.9651 -0.0292
vn -0.1981 -0.9001 0.3880
vn -0.2526 -0.8824 0.3970
vn -0.2980 -0.8466 0.4410
vn -0.2196 -0.8440 0.4893
vn -0.2496 -0.8440 0.4747
vn -0.3467 -0.8677 0.3562
vn -0.2144 -0.7575 0.6166
vn -0.2998 -0.8082 0.5068
vn -0.2006 -0.7621 0.6156
vn -0.2792 -0.5502 0.7870
vn 0.0316 -0.8820 0.4701
vn -0.0055 -0.8685 0.4956
vn -0.1620 -0.6178 0.7695
vn -0.3104 -0.2086 0.9274
vn -0.1097 -0.3564 0.9279
vn 0.5706 0.4535 -0.6846
vn 0.5127 0.3518 -0.7832
vn 0.5423 0.3103 -0.7808
vn 0.6613 0.2409 -0.7104
vn 0.5528 0.2452 -0.7965
vn 0.5180 0.3452 -0.7826
vn 0.4711 0.5395 -0.6979
vn 0.4854 0.4145 -0.7698
vn 0.6401 0.2796 -0.7156
vn 0.2618 0.8023 -0.5365
vn 0.2623 0.8427 -0.4702
vn 0.2721 0.8419 -0.4660
vn 0.2626 0.9644 0.0315
vn 0.2568 0.9654 -0.0456
vn 0.2945 0.9398 -0.1734
vn 0.2516 0.9676 -0.0199
vn 0.2839 0.9155 -0.2849
vn 0.2848 0.9383 -0.1961
vn 0.3476 0.9000 -0.2630
vn 0.2530 0.9445 -0.2096
vn 0.1853 0.9784 -0.0917
vn 0.4038 0.8538 -0.3286
vn 0.4036 0.8707 -0.2810
vn 0.2441 0.9119 -0.3300
vn 0.3163 0.8480 -0.4252
vn 0.3293 0.8953 -0.3000
vn 0.4368 0.7946 -0.4216
vn 0.8862 -0.1380 -0.4422
vn 0.8229 -0.2098 -0.5280
vn 0.6349 0.3152 -0.7054
vn 0.6369 0.3558 -0.6839
vn 0.6490 0.4128 -0.6391
vn 0.9292 -0.0460 -0.3666
vn -0.3924 -0.6210 0.6785
vn -0.4362 -0.6164 0.6556
vn -0.4381 -0.6014 0.6681
vn -0.4095 -0.6510 0.6391
vn -0.4441 -0.6178 0.6489
vn -0.3865 -0.5732 0.7225
vn -0.3140 -0.9351 0.1645
vn -0.4263 -0.7906 0.4395
vn -0.4175 -0.6916 0.5894
vn -0.3512 -0.9097 0.2217
vn -0.4282 -0.7396 0.5193
vn -0.3549 -0.9165 0.1846
vn 0.8941 0.2366 0.3802
vn 0.5681 -0.6054 0.5575
vn 0.3510 -0.5885 0.7284
vn 0.5589 0.8255 -0.0789
vn 0.7871 0.2365 0.5697
vn 0.5281 0.8488 0.0277
vn 0.6565 0.6808 -0.3248
vn 0.9326 0.3537 0.0715
vn 0.5587 -0.5240 0.6428
vn 0.8714 0.2879 0.3973
vn 0.6274 0.7786 0.0110
vn 0.4789 -0.3774 0.7926
vn 0.2668 0.9353 -0.2324
vn 0.2985 0.9416 -0.1558
vn 0.3949 0.6010 -0.6949
vn 0.4107 0.6176 -0.6708
vn 0.3039 0.9457 -0.1153
vn 0.4097 0.3158 -0.8558
vn 0.3801 0.2125 -0.9002
vn -0.2958 -0.9552 -0.0110
vn -0.1920 -0.9162 -0.3518
vn -0.4121 -0.9067 0.0901
vn -0.4048 -0.8752 0.2648
vn -0.3077 -0.9490 0.0683
vn -0.0971 -0.8925 -0.4404
vn -0.1870 -0.9433 -0.2742
vn -0.1474 -0.9271 -0.3446
vn -0.2445 -0.9690 -0.0346
vn 0.8081 0.5190 -0.2787
vn 0.9598 -0.0163 0.2802
vn 0.9109 0.1027 0.3996
vn 0.7870 0.4433 -0.4292
vn 0.3560 -0.5961 0.7196
vn 0.2342 -0.4743 0.8487
vn 0.5262 -0.6195 0.5825
vn 0.9854 -0.1225 0.1186
vn 0.8721 0.2244 -0.4348
vn 0.5433 0.6431 -0.5397
vn 0.4543 0.6924 -0.5606
vn 0.5963 0.5131 -0.6174
vn 0.4991 0.4799 -0.7215
vn 0.4247 0.6408 -0.6395
vn 0.4161 0.3790 -0.8266
vn 0.4766 0.3873 -0.7892
vn 0.4213 0.5205 -0.7426
vn 0.6155 0.4085 -0.6740
vn 0.3036 0.3512 0.8857
vn 0.2052 0.8665 0.4550
vn 0.2112 0.9753 0.0653
vn 0.4155 0.6376 0.6487
vn 0.0431 -0.2352 0.9710
vn 0.2251 -0.2271 0.9475
vn -0.4244 -0.7642 0.4856
vn -0.4387 -0.7544 0.4884
vn -0.5304 -0.6101 0.5885
vn -0.5194 -0.6274 0.5801
vn -0.5117 -0.7098 0.4841
vn -0.3954 -0.8069 0.4389
vn 0.7545 0.4184 -0.5056
vn 0.7268 0.3473 -0.5926
vn 0.8419 0.1601 -0.5154
vn 0.8836 0.2003 -0.4232
vn 0.8419 0.1654 -0.5136
vn 0.7209 0.3797 -0.5798
vn 0.7739 0.3295 -0.5408
vn 0.7809 0.2967 -0.5497
vn 0.8803 0.2114 -0.4248
vn 0.2062 0.7714 -0.6020
vn 0.2554 0.7924 -0.5539
vn 0.2447 0.8164 -0.5230
vn 0.0912 0.4402 -0.8933
vn 0.0627 0.3434 -0.9371
vn 0.0756 0.3061 -0.9490
vn 0.1544 0.4521 -0.8785
vn 0.1978 0.4930 -0.8472
vn 0.3418 0.6153 -0.7103
vn 0.3116 0.8584 0.4076
vn 0.2433 0.9546 0.1721
vn 0.4848 0.8743 0.0233
vn 0.5701 0.8084 0.1468
vn 0.6096 0.7902 -0.0627
vn 0.4625 0.8812 0.0977
vn 0.3571 0.7344 -0.5772
vn 0.4315 0.6955 -0.5745
vn 0.4325 0.6323 -0.6428
vn 0.2965 0.6797 -0.6709
vn 0.3892 0.5573 -0.7335
vn 0.2987 0.6029 -0.7398
vn 0.4072 0.2937 -0.8648
vn 0.4180 0.3291 -0.8467
vn 0.3818 0.2232 -0.8969
vn 0.4192 0.2119 -0.8828
vn 0.3869 0.5408 -0.7469
vn 0.4705 0.5728 -0.6712
vn -0.3093 -0.8454 0.4354
vn -0.1981 -0.7635 0.6146
vn -0.0312 -0.8491 0.5273
vn -0.1935 -0.9154 0.3530
vn 0.0050 -0.7272 0.6864
vn -0.0814 -0.5987 0.7968
vn -0.3584 -0.9335 0.0104
vn -0.3677 -0.9296 0.0265
vn -0.3560 -0.9319 -0.0701
vn -0.3945 -0.9146 0.0884
vn -0.3349 -0.9292 0.1561
vn -0.3900 -0.8687 0.3053
vn -0.3029 -0.6445 0.7020
vn -0.3364 -0.6982 0.6319
vn -0.0438 -0.7843 0.6189
vn -0.0682 -0.7185 0.6921
vn -0.1639 -0.8507 0.4995
vn -0.3950 -0.7550 0.5233
vn 0.0846 0.9964 -0.0022
vn 0.2532 0.9291 -0.2696
vn 0.1623 0.9277 -0.3362
vn -0.0406 0.9907 -0.1295
vn 0.5567 0.5488 -0.6236
vn 0.4793 0.5296 -0.6999
vn 0.5865 0.7297 -0.3515
vn 0.4199 0.7665 -0.4860
vn 0.4109 0.8631 -0.2935
vn 0.5255 0.8382 -0.1457
vn 0.6145 0.4821 -0.6244
vn 0.3448 0.7636 -0.5460
vn 0.4167 0.7835 -0.4610
vn 0.4384 0.5271 -0.7280
vn 0.4780 0.5770 -0.6622
vn 0.5216 0.5279 -0.6702
vn 0.6215 0.5215 -0.5847
vn 0.0560 0.8779 -0.4756
vn 0.3256 0.8231 -0.4654
vn 0.1937 0.7856 -0.5876
vn 0.0273 0.8198 -0.5720
vn 0.0809 0.7134 -0.6961
vn 0.1458 0.7055 -0.6935
vn 0.1571 0.4562 -0.8759
vn 0.1832 0.4004 -0.8978
vn 0.0755 0.4800 -0.8740
vn 0.1244 0.5369 -0.8344
vn 0.1615 0.4096 -0.8979
vn 0.2428 0.5160 -0.8214
vn 0.4170 0.6580 -0.6270
vn 0.0964 0.4532 -0.8862
vn 0.1170 0.5553 -0.8234
vn 0.5750 0.7716 -0.2719
vn 0.5330 0.7605 -0.3709
vn 0.6542 0.7561 0.0194
vn 0.6797 0.7210 0.1348
vn 0.6794 0.7335 0.0183
vn 0.4014 0.7566 -0.5162
vn 0.6847 0.6857 -0.2469
vn 0.4402 0.8590 -0.2613
vn 0.4676 0.8472 -0.2523
vn 0.7279 0.6243 -0.2836
vn 0.1836 0.9728 -0.1409
vn 0.1656 0.9619 -0.2177
vn 0.2778 0.9260 -0.2556
vn 0.3935 0.8142 -0.4269
vn 0.4001 0.8085 -0.4316
vn 0.3021 0.9207 -0.2471
vn 0.3726 0.7100 -0.5975
vn 0.3808 0.6201 -0.6859
vn 0.4737 0.5339 -0.7004
vn 0.3710 0.8060 -0.4613
vn 0.3083 0.9174 -0.2516
vn 0.4471 0.5317 -0.7193
vn 0.4566 0.5205 -0.7215
vn 0.4302 0.5170 -0.7400
vn 0.4353 0.5524 -0.7109
vn 0.4698 0.2929 -0.8328
vn 0.5522 0.1894 -0.8119
vn 0.4329 0.5045 -0.7470
vn 0.4249 0.5095 -0.7482
vn 0.0043 -0.8340 0.5518
vn -0.1047 -0.8910 0.4417
vn -0.1717 -0.8549 0.4895
vn -0.0507 -0.7707 0.6352
vn -0.2665 -0.9370 0.2259
vn -0.2417 -0.9580 0.1546
vn -0.2159 -0.9515 0.2192
vn -0.3229 -0.9097 0.2610
vn -0.1924 -0.7329 0.6526
vn -0.0601 -0.7791 0.6240
vn -0.0014 -0.9912 0.1323
vn -0.0899 -0.9891 0.1170
vn 0.0981 -0.8434 0.5282
vn 0.0319 -0.9416 0.3352
vn 0.2022 -0.8927 0.4027
vn 0.0254 -0.5525 0.8331
vn -0.0487 -0.4582 0.8875
vn -0.0987 -0.4994 0.8607
vn -0.2249 -0.7408 0.6329
vn -0.2732 -0.8419 0.4654
vn 0.0629 -0.6782 0.7322
vn -0.2638 -0.7161 0.6462
vn -0.3293 -0.8061 0.4917
vn -0.3802 -0.7576 0.5306
vn -0.4037 -0.6935 0.5967
vn -0.3583 -0.8279 0.4315
vn -0.2545 -0.9660 -0.0459
vn -0.1413 -0.9635 -0.2274
vn -0.3929 -0.8416 0.3706
vn -0.3086 -0.7693 0.5594
vn -0.4317 -0.8735 0.2250
vn -0.3749 -0.8392 0.3939
vn -0.4128 -0.8286 0.3782
vn -0.4724 -0.8534 0.2203
vn -0.3859 -0.7508 0.5361
vn -0.4069 -0.6630 0.6283
vn -0.4127 -0.5946 0.6900
vn -0.1674 -0.9198 0.3549
vn -0.2551 -0.9444 0.2073
vn -0.4310 -0.5943 0.6790
vn -0.2666 -0.4140 0.8704
vn -0.3450 -0.5687 0.7467
vn -0.3191 -0.6334 0.7050
vn -0.0842 -0.5445 0.8345
vn -0.2841 -0.8081 0.5161
vn -0.2089 -0.8417 0.4979
vn 0.0556 -0.8143 0.5777
vn -0.2365 -0.8324 0.5011
vn 0.0079 -0.6649 0.7469
vn 0.0510 -0.4216 0.9054
vn 0.1321 -0.5765 0.8064
vn 0.1786 -0.7484 0.6388
vn -0.1117 -0.2245 0.9680
vn -0.2974 -0.3963 0.8686
vn -0.4054 -0.6606 0.6318
vn -0.3719 -0.7197 0.5863
vn -0.3660 -0.8131 0.4528
vn -0.4618 -0.6347 0.6196
vn -0.2414 -0.8425 0.4816
vn -0.1366 -0.9800 0.1446
vn 0.0054 -0.9968 0.0799
vn -0.1156 -0.9266 0.3580
vn -0.1547 -0.8105 0.5649
vn -0.2373 -0.8651 0.4419
vn 0.0087 -0.8430 0.5378
vn -0.0668 -0.8688 0.4907
vn -0.1194 -0.7019 0.7022
vn -0.0387 -0.7188 0.6941
vn -0.1038 -0.7021 0.7045
vn -0.3966 -0.6773 0.6196
vn -0.2456 -0.6576 0.7122
vn -0.3042 -0.6270 0.7172
vn -0.4733 -0.5983 0.6465
vn -0.5333 -0.5383 0.6526
vn -0.3868 -0.5870 0.7112
vn -0.4370 -0.6380 0.6340
vn -0.4516 -0.6656 0.5942
vn -0.0463 -0.5078 0.8602
vn -0.0935 -0.5823 0.8076
vn -0.4085 -0.6719 0.6178
vn -0.1197 -0.5205 0.8454
vn -0.4083 -0.7041 0.5810
vn -0.5571 -0.5547 0.6180
vn -0.6778 -0.4621 0.5719
vn -0.4104 -0.7090 0.5734
vn -0.8632 -0.0448 0.5028
vn -0.8259 -0.1687 0.5380
vn -0.9000 0.2718 0.3407
vn -0.8745 0.3655 0.3187
vn -0.7376 0.6685 0.0950
vn -0.7126 0.6971 0.0795
vn -0.4247 0.8910 -0.1606
vn -0.4112 0.9020 -0.1317
vn -0.0876 0.9489 -0.3031
vn -0.1607 0.9329 -0.3222
vn 0.3299 0.8325 -0.4452
vn 0.3057 0.8187 -0.4860
vn 0.7422 0.4330 -0.5115
vn 0.7304 0.5018 -0.4633
vn 0.9126 0.1283 -0.3883
vn 0.9073 0.0719 -0.4142
vn 0.9090 0.0794 -0.4091
vn 0.9107 0.1537 -0.3835
vn 0.2247 0.9593 -0.1710
vn 0.0029 0.9896 -0.1440
vn 0.1866 0.9699 -0.1565
vn 0.2839 0.9329 -0.2215
vn 0.0847 0.9847 -0.1524
vn 0.2174 0.9108 -0.3510
vn 0.5135 0.4759 -0.7140
vn 0.0233 0.9986 -0.0475
vn 0.1249 0.9688 -0.2139
vn 0.5721 0.1822 -0.7997
vn 0.5677 0.2158 -0.7944
vn 0.5539 0.3370 -0.7613
vn 0.5334 0.4473 -0.7179
vn 0.5081 0.6269 -0.5906
vn 0.5810 0.4427 -0.6830
vn 0.6265 0.3625 -0.6900
vn 0.5956 0.5141 -0.6172
vn 0.6235 0.2986 -0.7226
vn 0.6334 0.2356 -0.7371
vn 0.1614 0.9828 -0.0894
vn 0.3034 0.9431 -0.1360
vn 0.0874 0.9878 -0.1292
vn 0.1170 0.9851 -0.1262
vn 0.2235 0.9296 -0.2930
vn 0.3464 0.7871 -0.5103
vn 0.4682 0.8768 -0.1092
vn 0.3241 0.9425 -0.0810
vn 0.2964 0.9179 -0.2639
vn 0.2240 0.9363 -0.2705
vn 0.3998 0.7592 -0.5137
vn 0.5273 0.6134 -0.5880
vn 0.3137 0.9199 -0.2353
vn -0.2118 -0.6247 0.7516
vn -0.3509 -0.6304 0.6925
vn -0.2938 -0.7544 0.5869
vn -0.1347 -0.7806 0.6103
vn 0.1844 -0.8558 0.4834
vn -0.0388 -0.8707 0.4903
vn -0.4484 -0.7031 0.5518
vn -0.3247 -0.8079 0.4918
vn -0.4994 -0.5851 0.6390
vn 0.2105 0.8103 -0.5469
vn -0.0823 0.8847 -0.4588
vn 0.3529 0.6247 -0.6965
vn 0.1735 -0.8439 0.5077
vn 0.3337 -0.8815 0.3340
vn 0.4787 -0.8550 0.1997
vn 0.2380 -0.8974 0.3715
vn -0.0461 -0.8707 0.4896
vn 0.0062 -0.7846 0.6200
vn 0.0892 0.6401 -0.7631
vn 0.2044 0.6077 -0.7674
vn 0.2881 0.5167 -0.8063
vn 0.5091 0.5409 -0.6696
vn 0.4091 0.5850 -0.7003
vn 0.3918 0.5172 -0.7609
vn -0.2660 -0.6597 0.7029
vn -0.4148 -0.6213 0.6648
vn -0.0861 -0.7158 0.6930
vn -0.4054 -0.8753 0.2637
vn -0.3832 -0.8742 0.2983
vn -0.3746 -0.8985 0.2287
vn 0.5197 0.8214 -0.2351
vn 0.3879 0.9102 -0.1448
vn 0.2557 0.9621 -0.0950
vn -0.4103 -0.7826 0.4681
vn -0.3957 -0.8735 0.2835
vn -0.2305 -0.9513 0.2046
vn -0.3944 -0.0428 0.9179
vn -0.5217 0.0296 0.8526
vn -0.3053 -0.2717 0.9127
vn -0.4314 -0.2747 0.8593
vn -0.5704 0.0085 -0.8213
vn -0.1550 0.2734 -0.9493
vn -0.2087 0.5123 -0.8330
vn -0.6497 0.2530 -0.7168
vn -0.8483 -0.4530 0.2742
vn -0.9479 -0.1670 -0.2714
vn -0.8370 -0.3601 -0.4121
vn -0.8396 -0.5376 0.0773
vn -0.6663 0.5739 -0.4762
vn -0.1908 0.7691 -0.6100
vn -0.5635 0.8040 -0.1898
vn -0.1555 0.9368 -0.3135
vn -0.9719 0.2296 0.0513
vn -0.8141 -0.1868 0.5498
vn -0.6215 0.1915 0.7596
vn -0.7191 0.6198 0.3141
vn -0.2868 0.6113 0.7376
vn -0.1860 0.9577 0.2197
vn -0.4267 -0.1677 0.8887
vn -0.2764 0.0088 0.9610
vn -0.5457 -0.3602 0.7566
vn -0.6293 -0.4644 0.6232
vn -0.7149 -0.5152 0.4727
vn 0.5391 0.7213 -0.4349
vn 0.6708 0.5958 -0.4416
vn 0.7521 0.4712 -0.4608
vn 0.6332 0.6230 -0.4593
vn 0.7382 0.4649 -0.4888
vn 0.7126 0.5312 -0.4583
vn 0.9068 0.2550 -0.3356
vn 0.8798 0.3470 -0.3249
vn 0.7745 0.4660 -0.4279
vn 0.7748 0.4534 -0.4407
vn 0.6361 0.6554 -0.4072
vn 0.5704 0.7174 -0.4000
vn 0.5473 0.7362 -0.3981
vn 0.5855 0.7026 -0.4044
vn 0.6956 0.5849 -0.4172
vn 0.7413 0.5220 -0.4219
vn 0.7066 0.5938 -0.3848
vn 0.6397 0.6558 -0.4010
vn 0.7592 0.5281 -0.3804
vn 0.7710 0.5223 -0.3644
vn 0.5249 0.7377 -0.4247
vn 0.3397 0.8446 -0.4138
vn 0.3705 0.7747 -0.5124
vn 0.4526 0.6856 -0.5702
vn 0.3563 0.7390 -0.5718
vn 0.4551 0.6609 -0.5967
vn 0.6954 0.4552 -0.5561
vn 0.6469 0.4571 -0.6104
vn 0.7049 0.4055 -0.5820
vn 0.7164 0.4163 -0.5598
vn 0.8368 0.2879 -0.4657
vn 0.7543 0.3829 -0.5333
vn 0.5351 0.5812 -0.6131
vn 0.5319 0.5879 -0.6095
vn 0.5772 0.5165 -0.6325
vn 0.5940 0.5143 -0.6186
vn 0.6708 0.5178 -0.5309
vn 0.6167 0.6175 -0.4881
vn 0.6783 0.4899 -0.5476
vn 0.6105 0.4741 -0.6344
vn 0.6645 0.4537 -0.5938
vn 0.3181 0.8914 -0.3229
vn 0.5086 0.7701 -0.3851
vn 0.5315 0.7745 -0.3430
vn 0.3933 0.9010 -0.1828
vn 0.7510 0.4151 -0.5136
vn 0.7823 0.4565 -0.4238
vn 0.8329 0.3681 -0.4133
vn 0.8249 0.2846 -0.4884
vn 0.6728 0.5379 -0.5079
vn 0.7079 0.5326 -0.4639
vn 0.7370 0.5149 -0.4379
vn 0.6829 0.5161 -0.5170
vn 0.6515 0.6119 -0.4484
vn 0.6602 0.5865 -0.4692
vn 0.4132 0.9105 -0.0149
vn 0.3995 0.9059 -0.1405
vn 0.5581 0.7709 -0.3069
vn 0.6571 0.7322 -0.1793
vn 0.7158 0.5261 -0.4592
vn 0.7089 0.5612 -0.4273
vn 0.8679 0.4962 0.0221
vn 0.8870 0.4603 0.0365
vn 0.6756 0.3253 0.6616
vn 0.4054 0.6490 0.6438
vn -0.1352 -0.4353 0.8901
vn 0.1074 -0.3693 0.9231
vn 0.5493 0.1084 0.8285
vn 0.5981 0.0238 0.8011
vn 0.0211 -0.3557 0.9344
vn -0.1763 -0.2868 0.9416
vn -0.3600 -0.7578 0.5442
vn -0.2809 -0.7627 0.5826
vn -0.1162 -0.5991 0.7922
vn -0.2614 -0.7032 0.6612
vn -0.6437 -0.4153 0.6428
vn -0.5123 -0.5137 0.6883
vn -0.3161 -0.4746 0.8215
vn -0.5429 -0.4285 0.7222
vn -0.5035 -0.6257 0.5958
vn -0.4107 -0.7053 0.5778
vn -0.4482 -0.7018 0.5537
vn -0.5458 -0.6253 0.5577
vn -0.4839 -0.6216 0.6160
vn -0.3489 -0.7220 0.5975
vn -0.4288 -0.7534 0.4986
vn -0.2883 -0.8081 0.5137
vn -0.3872 -0.8270 0.4076
vn -0.5382 -0.7347 0.4129
vn -0.6532 -0.5270 0.5437
vn -0.7167 -0.4229 0.5545
vn -0.7138 -0.4767 0.5131
vn -0.6999 -0.5310 0.4777
vn -0.6375 -0.5494 0.5402
vn -0.6488 -0.4652 0.6022
vn -0.6190 -0.4828 0.6195
vn -0.5852 -0.6051 0.5398
vn -0.5461 -0.6330 0.5488
vn -0.6228 -0.5437 0.5626
vn -0.6610 -0.5308 0.5305
vn -0.5058 -0.6953 0.5106
vn -0.3768 -0.8073 0.4542
vn -0.4019 -0.8040 0.4383
vn -0.5510 -0.6687 0.4992
vn -0.6287 -0.5533 0.5464
vn -0.6547 -0.4848 0.5800
vn -0.6706 -0.5097 0.5390
vn -0.6446 -0.5476 0.5335
vn -0.6741 -0.5074 0.5368
vn -0.6341 -0.5091 0.5820
vn -0.5781 -0.6972 0.4239
vn -0.4624 -0.7972 0.3882
vn -0.4483 -0.7959 0.4070
vn -0.5564 -0.6910 0.4614
vn -0.3788 -0.8573 0.3486
vn -0.3826 -0.8445 0.3747
vn -0.6544 -0.5638 0.5038
vn -0.6783 -0.5198 0.5193
vn -0.6972 -0.5433 0.4677
vn -0.6734 -0.5900 0.4455
vn -0.3888 -0.7541 0.5293
vn -0.4812 -0.7292 0.4866
vn -0.4558 -0.7320 0.5064
vn -0.6219 -0.6399 0.4514
vn -0.6195 -0.6300 0.4683
vn -0.4262 -0.7777 0.4622
vn -0.4114 -0.7600 0.5032
vn -0.4903 -0.7185 0.4933
vn -0.5290 -0.7027 0.4757
vn -0.5014 -0.7001 0.5084
vn -0.4996 -0.7472 0.4383
vn -0.5478 -0.7092 0.4438
vn -0.5874 -0.6834 0.4336
vn -0.5565 -0.6194 0.5537
vn -0.4944 -0.7395 0.4568
vn -0.2340 -0.8107 0.5366
vn -0.2773 -0.8345 0.4761
vn -0.2796 -0.8305 0.4818
vn -0.2240 -0.8434 0.4884
vn -0.2178 -0.8498 0.4800
vn -0.1959 -0.8521 0.4853
vn -0.0569 -0.8918 0.4489
vn 0.7165 0.6514 -0.2497
vn 0.7623 0.6194 -0.1877
vn 0.7185 0.6726 -0.1772
vn 0.6833 0.7139 -0.1533
vn 0.7258 0.6630 -0.1832
vn 0.7321 0.6705 -0.1202
vn 0.6483 0.7598 -0.0486
vn 0.7354 0.6635 -0.1375
vn 0.0221 0.8444 0.5353
vn -0.3494 0.5325 0.7710
vn 0.0531 0.9927 -0.1086
vn 0.2819 0.9011 -0.3295
vn 0.0727 0.8744 -0.4797
vn -0.3110 0.8716 -0.3789
vn -0.2298 0.9069 -0.3532
vn -0.1871 0.9553 -0.2290
vn -0.2594 0.9081 -0.3287
vn -0.2360 0.8650 -0.4428
vn -0.2309 0.8404 -0.4904
vn -0.3235 0.8452 -0.4254
vn -0.5174 0.7905 -0.3276
vn -0.9003 -0.3777 0.2164
vn -0.9547 -0.2627 0.1398
vn -0.9019 -0.2940 0.3164
vn -0.8196 -0.4657 0.3338
vn -0.7748 -0.5338 0.3387
vn -0.6993 -0.5222 0.4881
vn 0.0474 0.3350 0.9410
vn 0.0582 0.4028 0.9134
vn 0.3113 0.3717 0.8746
vn 0.1725 0.2922 0.9407
vn -0.6369 0.3325 0.6956
vn -0.9710 0.0428 0.2353
vn -0.6565 0.2775 0.7014
vn -0.1106 -0.9799 0.1659
vn 0.1092 -0.6838 0.7214
vn 0.1854 -0.8052 0.5633
vn -0.2890 -0.9572 0.0176
vn -0.0599 -0.9980 -0.0188
vn -0.2460 -0.9646 -0.0948
vn 0.1866 -0.2036 0.9611
vn -0.0310 -0.4081 0.9124
vn 0.2342 -0.3486 0.9075
vn 0.3923 -0.2411 0.8877
vn 0.2943 0.5893 -0.7524
vn 0.3436 0.6603 -0.6678
vn 0.3454 0.6862 -0.6402
vn 0.3219 0.4327 -0.8421
vn 0.0087 -0.9985 0.0544
vn -0.1678 -0.9844 0.0531
vn -0.2066 -0.9634 0.1710
vn -0.0186 -0.9728 0.2311
vn -0.2595 -0.9341 0.2450
vn -0.1406 -0.8955 0.4222
vn -0.3542 -0.7088 0.6101
vn -0.3350 -0.5628 0.7557
vn -0.2486 -0.6195 0.7446
vn -0.3086 -0.5737 0.7587
vn 0.5416 0.5097 -0.6684
vn 0.5033 0.2440 -0.8289
vn 0.3534 0.2017 -0.9135
vn 0.4503 0.5302 -0.7184
vn 0.5431 0.5354 -0.6468
vn 0.4840 0.5508 -0.6800
vn 0.4961 0.8678 -0.0268
vn 0.4558 0.8511 0.2605
vn 0.3779 0.8925 0.2463
vn 0.4896 0.8671 -0.0922
vn 0.2953 0.8814 0.3687
vn 0.4200 0.8239 0.3806
vn -0.4989 -0.6078 0.6178
vn -0.5798 -0.6521 0.4884
vn -0.4389 -0.8186 0.3706
vn -0.3710 -0.8318 0.4128
vn -0.6503 0.7596 -0.0064
vn -0.8417 0.4975 0.2098
vn -0.3250 0.9178 -0.2281
vn -0.2193 0.9752 -0.0287
vn -0.5440 0.8045 0.2383
vn -0.7667 0.4632 0.4446
vn 0.2905 0.8490 -0.4413
vn 0.3753 0.8863 -0.2712
vn 0.7816 0.4531 -0.4288
vn 0.8163 0.5215 -0.2485
vn 0.9387 0.1558 -0.3074
vn 0.9178 0.2373 -0.3182
vn 0.9610 0.1799 -0.2099
vn 0.9725 0.0335 -0.2303
vn 0.8900 0.2398 -0.3878
vn 0.9254 0.1656 -0.3408
vn 0.8084 0.3799 -0.4496
vn 0.8149 0.3958 -0.4233
vn 0.7946 0.1155 -0.5961
vn 0.7777 0.1940 -0.5980
vn 0.7188 0.3857 -0.5785
vn 0.7274 0.3553 -0.5870
vn 0.6834 0.4808 -0.5493
vn 0.6799 0.4506 -0.5785
vn 0.4182 0.8913 0.1754
vn 0.4823 0.8754 -0.0316
vn 0.3836 0.9219 -0.0547
vn 0.3490 0.9304 0.1119
vn 0.4276 0.8931 -0.1399
vn 0.5195 0.8395 -0.1589
vn 0.4189 0.9013 0.1105
vn 0.4242 0.9055 -0.0094
vn 0.6227 0.6503 -0.4351
vn 0.5940 0.6940 -0.4068
vn 0.5893 0.6869 -0.4253
vn 0.6338 0.6501 -0.4192
vn 0.5525 0.7188 -0.4221
vn 0.5464 0.7502 -0.3724
vn 0.4314 0.8301 -0.3532
vn 0.5088 0.7512 -0.4204
vn 0.6124 0.7140 -0.3393
vn 0.6273 0.6107 -0.4833
vn 0.6288 0.6117 -0.4801
vn 0.5861 0.7261 -0.3594
vn 0.5809 0.7776 -0.2406
vn 0.5066 0.8267 -0.2449
vn 0.3706 0.7869 -0.4935
vn 0.4738 0.7373 -0.4815
vn 0.5094 0.7117 -0.4836
vn 0.4225 0.7326 -0.5336
vn -0.3997 -0.8526 0.3366
vn -0.3615 -0.8441 0.3961
vn -0.3360 -0.6722 0.6597
vn -0.3479 -0.6771 0.6484
vn -0.5235 -0.6752 0.5197
vn -0.4298 -0.6442 0.6327
vn -0.4954 -0.6253 0.6030
vn -0.5684 -0.6518 0.5020
vn -0.4645 -0.6949 0.5490
vn -0.3736 -0.6585 0.6533
vn -0.3718 -0.6641 0.6486
vn -0.4116 -0.6499 0.6389
vn -0.4007 -0.8955 -0.1938
vn -0.4460 -0.8255 0.3459
vn -0.4331 -0.8438 0.3168
vn -0.2903 -0.9409 -0.1743
vn -0.4305 -0.8239 0.3686
vn -0.4469 -0.6614 0.6023
vn -0.4522 -0.8786 -0.1536
vn -0.4374 -0.6946 0.5711
vn -0.3660 -0.6424 0.6733
vn -0.5793 -0.6445 0.4990
vn -0.5300 -0.6196 0.5790
vn -0.5413 -0.7414 0.3968
vn -0.5561 -0.7294 0.3984
vn -0.5502 -0.7447 0.3777
vn -0.5436 -0.7338 0.4075
vn 0.5963 0.6576 -0.4604
vn 0.6523 0.5671 -0.5029
vn 0.6590 0.5778 -0.4815
vn 0.6662 0.6069 -0.4334
vn 0.6357 0.5449 -0.5468
vn 0.6203 0.5787 -0.5295
vn 0.4406 0.7010 -0.5608
vn 0.4788 0.6962 -0.5348
vn 0.6096 0.5912 -0.5281
vn 0.5138 0.6866 -0.5144
vn 0.5657 0.6568 -0.4986
vn 0.4569 0.7508 -0.4771
vn 0.3638 0.7792 -0.5104
vn 0.3801 0.7912 -0.4791
vn 0.4162 0.7112 -0.5665
vn 0.4282 0.7273 -0.5364
vn 0.4826 0.6839 -0.5471
vn 0.4246 0.6694 -0.6096
vn 0.4122 0.6603 -0.6278
vn 0.3906 0.6163 -0.6839
vn 0.5289 0.6091 -0.5909
vn 0.3759 0.7507 -0.5433
vn 0.3383 0.6604 -0.6704
vn 0.3109 0.4008 -0.8618
vn 0.4360 0.4766 -0.7634
vn 0.1719 0.3918 -0.9039
vn 0.1613 0.4485 -0.8791
vn 0.3848 0.5794 -0.7185
vn 0.0618 0.3680 -0.9278
vn -0.1325 0.2089 -0.9689
vn 0.5669 0.5357 -0.6258
vn -0.3391 -0.5730 0.7461
vn -0.3257 -0.5759 0.7499
vn -0.3217 -0.6294 0.7074
vn -0.3249 -0.6345 0.7013
vn 0.2455 0.5603 -0.7911
vn 0.3729 0.6363 -0.6753
vn -0.3468 -0.6909 0.6343
vn -0.3503 -0.7043 0.6174
vn -0.4166 -0.7560 0.5049
vn -0.3826 -0.7543 0.5335
vn -0.4581 -0.6026 0.6534
vn -0.4468 -0.6824 0.5785
vn -0.4459 -0.6748 0.5881
vn -0.4721 -0.5921 0.6531
vn -0.4052 -0.7705 0.4921
vn -0.4545 -0.7566 0.4701
vn 0.5102 0.5414 -0.6683
vn 0.5512 0.5582 -0.6201
vn 0.5571 0.5595 -0.6137
vn 0.5703 0.5986 -0.5625
vn -0.4046 -0.7628 0.5044
vn -0.4421 -0.6668 0.5999
vn -0.4628 -0.5872 0.6641
vn 0.5870 0.5840 -0.5607
vn 0.5882 0.5996 -0.5427
vn 0.6042 0.6246 -0.4949
vn 0.5854 0.6296 -0.5108
vn 0.5583 0.5300 -0.6383
vn 0.5715 0.5929 -0.5674
vn 0.5558 0.6075 -0.5675
vn 0.5505 0.5312 -0.6440
vn 0.5139 0.6851 -0.5162
vn 0.5497 0.6563 -0.5169
vn 0.4873 0.7101 -0.5083
vn 0.5139 0.6328 -0.5792
vn 0.4931 0.5577 -0.6677
vn -0.4975 -0.7733 0.3931
vn -0.4171 -0.8123 0.4077
vn -0.4635 -0.8047 0.3709
vn -0.3702 -0.8534 0.3669
vn -0.4520 -0.7883 0.4174
vn -0.3579 -0.8182 0.4499
vn -0.3072 -0.8480 0.4320
vn -0.3609 -0.8383 0.4086
vn -0.3897 -0.8055 0.4464
vn -0.3744 -0.8184 0.4360
vn 0.5898 0.6545 -0.4730
vn 0.5898 0.6637 -0.4601
vn 0.5448 0.6797 -0.4911
vn 0.5607 0.6449 -0.5193
vn 0.5148 0.7340 -0.4430
vn 0.5232 0.7197 -0.4564
vn 0.5392 0.6993 -0.4693
vn 0.4925 0.7251 -0.4814
vn -0.2945 -0.5883 0.7531
vn -0.2782 -0.8358 0.4733
vn -0.0767 -0.8081 0.5840
vn -0.0936 -0.5340 0.8403
vn 0.4596 0.7599 -0.4596
vn 0.4611 0.7455 -0.4814
vn -0.3614 -0.8085 0.4645
vn -0.3021 -0.6078 0.7344
vn -0.4186 -0.6459 0.6384
vn -0.2035 -0.5013 0.8410
vn -0.6142 -0.2884 0.7346
vn -0.3564 -0.4264 0.8314
vn -0.4339 -0.2025 0.8779
vn -0.6007 -0.1327 0.7884
vn -0.5614 -0.3784 0.7360
vn -0.5677 -0.4034 0.7176
vn 0.4801 0.8762 0.0427
vn 0.3819 0.9238 0.0262
vn 0.3968 0.7805 -0.4831
vn 0.4801 0.7819 -0.3977
vn -0.6132 -0.2416 0.7521
vn -0.6071 -0.1938 0.7706
vn -0.5746 -0.5533 0.6031
vn -0.3318 -0.9124 -0.2399
vn -0.4686 -0.8455 -0.2560
vn -0.5045 -0.8262 0.2508
vn -0.2358 -0.9208 0.3106
vn -0.5412 -0.8167 -0.2005
vn -0.6002 -0.7412 0.3006
vn 0.2826 0.4941 -0.8222
vn 0.3710 0.4169 -0.8298
vn -0.1517 -0.9756 -0.1586
vn 0.0491 -0.9084 0.4153
vn -0.4750 -0.6919 0.5437
vn -0.3177 -0.2587 0.9122
vn -0.4432 -0.2691 0.8551
vn -0.2530 -0.3629 0.8968
vn 0.1486 -0.4325 0.8893
vn 0.0033 -0.0217 0.9998
vn 0.3348 -0.0621 0.9402
vn -0.4918 -0.8700 -0.0357
vn -0.1896 -0.7902 0.5827
vn -0.2163 -0.8306 0.5131
vn -0.3011 -0.8762 0.3763
vn -0.3066 -0.8676 0.3915
vn -0.3507 -0.8680 0.3514
vn -0.3510 -0.8218 0.4488
vn 0.4128 -0.3517 0.8402
vn 0.4211 -0.2134 0.8816
vn -0.2845 -0.7506 0.5964
vn -0.3430 -0.8543 0.3905
vn -0.3950 -0.8189 0.4164
vn -0.2942 -0.7685 0.5682
vn -0.1029 -0.7266 0.6793
vn 0.1108 -0.5912 0.7989
vn 0.1348 -0.4159 0.8994
vn -0.2861 -0.8912 0.3519
vn -0.0868 -0.3518 0.9320
vn 0.5077 0.8495 -0.1437
vn 0.5210 0.7800 -0.3468
vn 0.4980 0.8213 -0.2782
vn 0.4816 0.8669 -0.1288
vn 0.5168 0.7414 -0.4280
vn 0.5414 0.7064 -0.4560
vn -0.5966 -0.5336 0.5995
vn -0.4315 -0.4920 0.7562
vn -0.5662 -0.2510 0.7851
vn -0.7461 -0.2472 0.6183
vn -0.5754 -0.3544 0.7371
vn -0.5069 -0.5065 0.6975
vn -0.5985 -0.3780 0.7064
vn -0.7832 -0.2498 0.5694
vn 0.0280 -0.9938 0.1080
vn -0.2499 -0.8930 0.3744
vn -0.3876 -0.9041 0.1797
vn -0.0659 -0.9947 0.0787
vn -0.7528 -0.5464 0.3670
vn -0.5969 -0.6097 0.5216
vn -0.3438 -0.8943 0.2864
vn -0.3024 -0.8305 0.4678
vn -0.0820 -0.9740 0.2114
vn -0.1184 -0.9903 0.0731
vn -0.1610 -0.8265 0.5394
vn 0.0403 -0.9708 0.2363
vn -0.6665 -0.4607 0.5861
vn -0.8590 -0.2690 0.4356
vn -0.8379 -0.2506 0.4850
vn 0.2370 0.9428 -0.2345
vn 0.3022 0.9530 -0.0205
vn 0.6306 0.6140 -0.4747
vn 0.6769 0.6644 -0.3168
vn 0.1696 0.9852 -0.0231
vn 0.0557 0.9911 -0.1212
vn 0.7966 0.2084 -0.5675
vn 0.8415 0.1799 -0.5094
vn 0.4543 0.8072 -0.3768
vn 0.4699 0.7948 -0.3840
vn 0.4890 0.7314 -0.4754
vn 0.5055 0.7614 -0.4059
vn 0.5250 0.6815 -0.5098
vn 0.5668 0.7309 -0.3801
vn 0.4638 0.8232 -0.3274
vn 0.4296 0.8723 -0.2334
vn 0.4617 0.7850 -0.4130
vn 0.3926 0.8753 -0.2825
vn 0.1749 0.9843 0.0222
vn 0.3672 0.9192 -0.1423
vn 0.3860 0.9225 0.0011
vn 0.3308 0.9295 0.1632
vn 0.5093 0.8339 -0.2127
vn 0.4766 0.8380 -0.2655
vn 0.4839 0.8232 -0.2969
vn 0.5513 0.7754 -0.3080
vn 0.5233 0.7992 -0.2958
vn 0.6014 0.7316 -0.3211
vn 0.5654 0.7502 -0.3428
vn 0.4375 0.8515 -0.2890
vn 0.2875 0.9455 -0.1530
vn 0.4326 0.3936 -0.8111
vn 0.4188 0.5180 -0.7458
vn 0.3717 0.5731 -0.7303
vn 0.3932 0.5019 -0.7704
vn 0.5539 0.7879 -0.2691
vn 0.5850 0.7382 -0.3360
vn 0.4586 0.4510 -0.7657
vn 0.5417 0.4898 -0.6831
vn 0.5430 0.4552 -0.7056
vn 0.4621 0.3580 -0.8113
vn 0.4607 0.4366 -0.7727
vn 0.4805 0.2230 -0.8482
vn 0.4559 0.3329 -0.8254
vn 0.4452 0.1258 -0.8865
vn 0.3773 0.1825 -0.9079
vn 0.3067 -0.0371 -0.9511
vn 0.4375 -0.0629 -0.8970
vn 0.4823 0.4632 -0.7435
vn -0.4384 -0.5500 0.7109
vn -0.4345 -0.5857 0.6842
vn -0.4610 -0.5926 0.6605
vn -0.4566 -0.5447 0.7035
vn 0.2381 0.0918 -0.9669
vn 0.3712 0.3817 -0.8465
vn -0.4370 -0.6042 0.6663
vn -0.4562 -0.5584 0.6929
vn -0.4866 -0.5490 0.6795
vn -0.5177 -0.6020 0.6079
vn -0.4321 -0.6288 0.6465
vn -0.4591 -0.6434 0.6126
vn -0.4147 -0.8835 0.2179
vn -0.4572 -0.7821 0.4234
vn -0.5397 -0.6967 0.4726
vn -0.5266 -0.8337 0.1662
vn -0.5092 -0.5628 0.6512
vn -0.5154 -0.7443 0.4246
vn -0.4401 -0.8866 0.1425
vn -0.4788 -0.5344 0.6966
vn -0.4717 -0.7711 0.4276
vn -0.5311 -0.7798 0.3313
vn -0.5866 -0.7297 0.3514
vn -0.5180 -0.7402 0.4286
vn -0.6121 -0.7263 0.3129
vn -0.5595 -0.7854 0.2648
vn -0.6434 -0.6377 0.4235
vn -0.6433 -0.6486 0.4068
vn -0.5755 -0.6581 0.4855
vn -0.3557 -0.7219 0.5936
vn -0.1837 -0.9375 0.2954
vn -0.5235 -0.7397 0.4229
vn -0.5266 -0.7380 0.4220
vn -0.5657 -0.6540 0.5023
vn -0.4908 -0.8347 0.2497
vn -0.4298 -0.8599 0.2753
vn -0.5248 -0.7673 0.3686
vn -0.5549 -0.6846 0.4726
vn -0.4942 -0.6784 0.5437
vn -0.5718 -0.7566 0.3172
vn -0.6429 -0.6313 0.4337
vn 0.2781 0.9577 -0.0741
vn 0.3411 0.9398 -0.0202
vn 0.4791 0.7931 -0.3761
vn 0.3450 0.8278 -0.4424
vn -0.5291 -0.6966 0.4846
vn 0.5243 0.3266 -0.7864
vn 0.4191 0.3412 -0.8414
vn 0.3721 0.8402 -0.3944
vn 0.4681 0.7916 -0.3928
vn 0.4847 0.1753 -0.8569
vn 0.3016 0.2214 -0.9274
vn 0.3273 0.8640 -0.3825
vn 0.2930 0.2843 -0.9129
vn 0.1980 0.9719 -0.1271
vn 0.1911 0.9781 -0.0825
vn -0.5322 -0.7215 0.4429
vn -0.4117 -0.9113 0.0004
vn -0.3998 -0.9136 0.0741
vn -0.5425 -0.5898 0.5982
vn 0.3781 0.9253 -0.0293
vn -0.2967 -0.7947 0.5296
vn -0.5763 -0.7016 0.4190
vn -0.4766 -0.8774 0.0544
vn -0.1901 -0.9694 0.1555
vn -0.4278 -0.9012 0.0696
vn -0.2850 -0.9471 -0.1475
vn -0.4283 -0.9019 0.0554
vn -0.4480 -0.8923 -0.0556
vn -0.4202 -0.9068 -0.0344
vn -0.5667 -0.6490 0.5076
vn -0.2181 -0.8861 0.4090
vn -0.2463 -0.9105 0.3321
vn -0.5177 -0.6254 0.5838
vn -0.5548 -0.6911 0.4631
vn -0.5291 -0.5913 0.6086
vn -0.2672 -0.8756 0.4024
vn -0.1033 -0.9946 0.0022
vn -0.5294 -0.7372 0.4199
vn -0.2619 -0.9279 0.2652
vn -0.6637 -0.5212 0.5366
vn -0.6132 -0.5123 0.6013
vn -0.6132 -0.5700 0.5469
vn -0.6410 -0.6111 0.4645
vn -0.6289 -0.6287 0.4574
vn -0.3717 -0.8489 0.3757
vn 0.6868 0.4977 -0.5298
vn 0.6432 0.5174 -0.5645
vn 0.6693 0.4440 -0.5957
vn 0.7019 0.4100 -0.5824
vn 0.5812 0.6268 -0.5190
vn 0.6266 0.6604 -0.4139
vn -0.5922 -0.6240 0.5098
vn 0.6152 0.6271 -0.4777
vn 0.6076 0.6453 -0.4630
vn 0.6528 0.4492 -0.6100
vn 0.6645 0.4527 -0.5946
vn 0.6897 0.4565 -0.5621
vn 0.6922 0.2949 -0.6587
vn 0.6820 0.2590 -0.6840
vn 0.6692 0.0280 -0.7425
vn 0.6886 -0.0080 -0.7251
vn 0.6458 0.6401 -0.4163
vn 0.5478 0.7249 -0.4177
vn 0.4529 0.8203 -0.3492
vn 0.4693 0.8516 -0.2336
vn 0.5825 0.7484 -0.3173
vn 0.3708 0.9210 -0.1195
vn 0.3715 0.8979 -0.2363
vn 0.3372 0.9409 -0.0325
vn 0.4701 0.8702 -0.1473
vn 0.5880 0.7652 -0.2622
vn 0.7072 0.2970 -0.6416
vn 0.7473 0.0341 -0.6636
vn 0.4280 0.8780 -0.2144
vn 0.5754 0.7667 -0.2849
vn 0.3176 0.9329 -0.1695
vn 0.2649 0.9536 -0.1429
vn 0.1474 0.9548 -0.2582
vn 0.3003 0.8747 -0.3805
vn 0.4309 0.7730 -0.4657
vn 0.5070 0.6912 -0.5150
vn -0.5857 -0.6582 0.4730
vn -0.6263 -0.5817 0.5191
vn -0.5263 -0.7239 0.4461
vn -0.4515 -0.7831 0.4278
vn -0.5732 -0.7169 0.3969
vn -0.4775 -0.8127 0.3339
vn -0.4738 -0.8054 0.3561
vn -0.5784 -0.6981 0.4220
vn -0.4361 -0.8390 0.3253
vn -0.4635 -0.8122 0.3544
vn -0.6840 -0.5520 0.4770
vn -0.6724 -0.5569 0.4876
vn -0.4697 -0.7938 0.3864
vn -0.4852 -0.7770 0.4011
vn -0.5374 -0.7388 0.4066
vn -0.4593 -0.7905 0.4052
vn -0.5476 -0.7280 0.4124
vn -0.4726 -0.8083 0.3510
vn -0.5703 -0.7301 0.3763
vn -0.5380 -0.6774 0.5017
vn -0.3907 -0.5055 0.7693
vn -0.3292 -0.6129 0.7183
vn -0.5172 -0.5974 0.6129
vn -0.4367 -0.6610 0.6102
vn -0.6422 -0.5116 0.5709
vn -0.5428 -0.5946 0.5931
vn -0.4862 -0.7367 0.4700
vn -0.2170 -0.8849 0.4121
vn -0.2212 -0.7612 0.6096
vn -0.4412 -0.5546 0.7056
vn -0.4607 -0.7401 0.4898
vn -0.4636 -0.7697 0.4390
vn -0.6675 -0.5563 0.4950
vn -0.6772 -0.5045 0.5357
vn 0.7982 0.4394 -0.4120
vn 0.8646 0.3537 -0.3569
vn 0.9530 0.1105 -0.2822
vn 0.9182 0.2113 -0.3350
vn 0.9111 0.2254 -0.3451
vn 0.9420 0.1071 -0.3181
vn -0.2620 -0.8959 0.3589
vn -0.5343 -0.7062 0.4646
vn -0.4526 -0.8238 0.3413
vn 0.7907 0.4432 -0.4223
vn 0.7726 0.4476 -0.4503
vn 0.8820 0.2489 -0.4003
vn 0.8994 0.2047 -0.3863
vn 0.9259 0.0854 -0.3680
vn 0.9285 0.0093 -0.3711
vn 0.6785 0.5873 -0.4413
vn 0.7082 0.5768 -0.4071
vn 0.5335 0.6139 -0.5818
vn 0.2721 0.7832 -0.5590
vn -0.0995 0.8243 -0.5574
vn 0.0206 0.7973 -0.6032
vn 0.6581 0.5804 -0.4796
vn 0.8400 0.3096 -0.4456
vn 0.9337 0.1105 -0.3406
vn 0.8071 0.4361 -0.3981
vn 0.9543 -0.0777 -0.2886
vn -0.9196 0.1867 0.3457
vn -0.9015 -0.1383 0.4100
vn -0.8230 0.0239 0.5675
vn -0.7764 0.3306 0.5367
vn -0.8381 -0.1026 0.5357
vn -0.8992 -0.2229 0.3766
vn -0.8506 -0.0428 0.5241
vn -0.8474 0.1614 0.5059
vn -0.9473 -0.2110 0.2412
vn -0.9213 -0.2601 0.2889
vn -0.9934 0.0667 0.0932
vn -0.6439 -0.5552 0.5264
vn -0.9130 -0.1241 0.3886
vn -0.6865 -0.3137 0.6560
vn -0.7564 -0.2499 0.6045
vn -0.8361 -0.3606 0.4133
vn -0.9310 0.2235 0.2885
vn 0.7444 0.5655 -0.3551
vn 0.7864 0.4877 -0.3790
vn 0.7760 0.4628 -0.4286
vn 0.7061 0.5499 -0.4461
vn 0.7418 0.5797 -0.3371
vn 0.7472 0.5352 -0.3941
vn -0.8251 -0.4616 0.3257
vn 0.6962 0.5635 -0.4448
vn 0.6816 0.6114 -0.4020
vn 0.6361 0.6349 -0.4384
vn 0.5872 0.6094 -0.5328
vn 0.6559 0.5354 -0.5322
vn 0.6892 0.6546 -0.3107
vn 0.6673 0.6552 -0.3541
vn 0.7365 0.4625 -0.4936
vn -0.6598 -0.6077 0.4420
vn -0.6836 -0.5415 0.4895
vn -0.6654 -0.5949 0.4510
vn -0.6525 -0.6258 0.4273
vn -0.6596 -0.5476 0.5148
vn -0.6622 -0.5513 0.5075
vn 0.6629 0.6653 -0.3433
vn -0.6637 -0.5898 0.4600
vn -0.6931 -0.5499 0.4661
vn -0.6141 -0.6686 0.4194
vn -0.5913 -0.6925 0.4133
vn -0.6177 -0.6662 0.4178
vn -0.6304 -0.6193 0.4681
vn -0.6318 -0.6560 0.4129
vn -0.6248 -0.6508 0.4313
vn -0.6589 -0.5968 0.4579
vn 0.4930 0.7639 0.4163
vn 0.4990 0.7440 0.4444
vn 0.6277 0.6613 0.4108
vn 0.3108 0.8463 0.4326
vn 0.3377 0.8058 0.4864
vn 0.6282 0.6122 0.4802
vn 0.5845 0.6333 0.5072
vn 0.5451 0.6407 0.5407
vn 0.3022 0.8308 0.4674
vn 0.3327 0.8886 0.3158
vn 0.0447 0.7886 -0.6133
vn 0.1264 0.9803 -0.1516
vn 0.2025 0.9694 -0.1386
vn 0.0639 0.7706 -0.6341
vn 0.2847 0.8977 0.3363
vn 0.1715 0.9465 0.2735
vn 0.1890 0.9758 -0.1099
vn 0.1427 0.9385 0.3143
vn 0.1714 0.7925 -0.5853
vn -0.0385 0.4804 -0.8762
vn -0.0677 0.4548 -0.8880
vn 0.1140 0.5534 -0.8251
vn 0.1353 0.8295 0.5419
vn 0.3530 0.9212 0.1638
vn 0.2239 0.8897 0.3980
vn 0.1243 0.8092 0.5742
vn 0.3964 0.8394 -0.3718
vn 0.4406 0.8376 -0.3229
vn 0.4383 0.7877 -0.4329
vn 0.4732 0.7929 -0.3839
vn 0.3548 0.7933 0.4947
vn 0.4630 0.8861 -0.0193
vn 0.4180 0.9062 -0.0634
vn 0.4604 0.8171 -0.3469
vn 0.3037 0.7542 0.5822
vn 0.4769 0.8673 -0.1428
vn 0.4919 0.7909 -0.3640
vn 0.2896 0.9568 -0.0246
vn 0.1745 0.9755 0.1342
vn 0.2011 0.9758 0.0864
vn 0.1003 0.9757 0.1947
vn 0.6809 0.1069 -0.7245
vn 0.7889 0.1270 -0.6013
vn 0.6503 0.5750 -0.4964
vn 0.6938 0.6349 -0.3399
vn -0.0569 0.9984 -0.0074
vn 0.2352 0.9197 -0.3144
vn 0.3628 0.9306 -0.0496
vn 0.5356 0.5000 -0.6805
vn 0.0998 0.9923 -0.0731
vn 0.3650 0.9286 0.0677
vn 0.6017 0.1165 -0.7902
vn -0.5217 0.7905 0.3209
vn -0.1232 0.9923 0.0088
vn -0.1902 0.9395 -0.2850
vn -0.6971 0.7139 0.0662
vn -0.8182 0.5271 -0.2294
vn -0.3456 0.7917 -0.5038
vn 0.1503 0.7770 -0.6113
vn 0.2738 0.8238 -0.4964
vn 0.6741 0.4723 -0.5679
vn 0.6080 0.5056 -0.6121
vn 0.7848 0.5232 -0.3321
vn 0.3771 0.8878 -0.2639
vn 0.9341 0.1299 -0.3327
vn 0.8611 0.1723 -0.4784
vn 0.8553 0.2406 -0.4589
vn -0.4552 -0.4080 0.7914
vn -0.1736 -0.2518 0.9521
vn -0.0356 -0.5609 0.8271
vn -0.4076 -0.6047 0.6842
vn -0.3983 -0.7226 0.5650
vn -0.3833 -0.7223 0.5757
vn -0.2823 -0.7562 0.5904
vn -0.2021 -0.7785 0.5942
vn -0.9214 -0.0804 0.3802
vn -0.9013 -0.0558 0.4296
vn -0.7220 -0.4354 0.5378
vn -0.7288 -0.4348 0.5289
vn -0.9269 0.2929 0.2346
vn -0.9434 0.2612 0.2043
vn -0.7545 0.6542 -0.0517
vn -0.7679 0.6382 -0.0552
vn -0.4497 0.8537 -0.2625
vn -0.4703 0.8335 -0.2900
vn -0.1704 0.8952 -0.4117
vn -0.0997 0.9344 -0.3421
vn 0.7407 0.4590 -0.4905
vn 0.7115 0.4184 -0.5645
vn 0.2831 0.7960 -0.5350
vn 0.3157 0.8398 -0.4417
vn 0.9134 0.0869 -0.3976
vn 0.8851 0.0576 -0.4618
vn 0.8730 0.0780 -0.4814
vn 0.8906 0.1268 -0.4367
vn 0.7077 0.4101 -0.5753
vn 0.6681 0.4858 -0.5636
vn 0.8370 0.5225 0.1624
vn 0.9105 0.4134 -0.0021
vn 0.8582 0.3321 -0.3913
vn 0.7749 0.3015 -0.5555
vn 0.2591 0.0802 0.9625
vn 0.5727 -0.0525 0.8181
vn -0.4022 -0.6620 0.6325
vn -0.4071 -0.6840 0.6053
vn -0.0583 -0.7854 0.6162
vn -0.0021 -0.7875 0.6163
vn 0.2798 -0.6720 0.6857
vn 0.4133 -0.7252 0.5508
vn -0.7200 -0.3998 0.5672
vn -0.7383 -0.4036 0.5404
vn -0.9136 -0.0698 0.4005
vn -0.8903 -0.0670 0.4504
vn -0.8974 0.3383 0.2834
vn -0.9235 0.3082 0.2284
vn -0.7344 0.6787 0.0100
vn -0.7024 0.7054 0.0952
vn -0.3596 0.9309 -0.0640
vn -0.3869 0.9027 -0.1882
vn 0.0703 0.9804 -0.1843
vn -0.0241 0.9633 -0.2675
vn 0.7716 0.6069 -0.1905
vn 0.7515 0.5848 -0.3053
vn 0.3451 0.8953 -0.2816
vn 0.4663 0.8559 -0.2234
vn -0.2779 -0.6266 0.7281
vn -0.6037 -0.4068 0.6856
vn -0.3828 -0.2187 0.8976
vn -0.0394 -0.3839 0.9226
vn -0.6242 -0.0245 0.7809
vn -0.8118 -0.0755 0.5790
vn -0.5745 0.2860 0.7669
vn -0.8247 0.3280 0.4607
vn -0.5017 0.6180 0.6053
vn -0.6332 0.7053 0.3186
vn 0.9899 -0.1416 -0.0097
vn 0.9850 0.0988 -0.1415
vn 0.9534 0.1778 -0.2437
vn 0.9723 0.1996 -0.1216
vn -0.1401 0.7338 0.6647
vn -0.2746 0.9324 0.2349
vn 0.2643 0.7176 0.6444
vn 0.1749 0.9721 0.1564
vn 0.2115 0.1641 0.9635
vn -0.2110 0.2367 0.9484
vn 0.6923 -0.4633 0.5532
vn 0.7801 -0.0845 0.6200
vn 0.5555 0.0412 0.8305
vn 0.3511 -0.4520 0.8200
vn 0.6187 0.5682 0.5425
vn 0.8751 0.3147 0.3676
vn 0.5858 0.8103 0.0194
vn 0.8448 0.5332 -0.0448
vn 0.9202 -0.2458 0.3046
vn 0.7856 -0.4653 0.4078
vn 0.7002 -0.2726 0.6599
vn 0.9460 0.0674 0.3171
vn 0.5171 -0.6805 0.5191
vn 0.1480 -0.7296 0.6677
vn 0.9683 -0.1949 0.1563
vn 0.9592 -0.2316 0.1620
vn 0.8839 -0.3555 0.3038
vn 0.9141 -0.3851 0.1271
vn 0.9810 -0.1927 0.0225
vn 0.8532 -0.4572 0.2512
vn 0.7561 -0.5141 0.4049
vn 0.8624 -0.2345 0.4487
vn 0.9812 0.0207 0.1921
vn 0.9836 0.1757 -0.0398
vn -0.6337 -0.5160 0.5764
vn -0.4206 -0.5055 0.7534
vn -0.1704 -0.5827 0.7946
vn -0.4609 -0.5838 0.6684
vn -0.2883 -0.4911 0.8220
vn -0.7213 -0.3241 0.6121
vn -0.6999 -0.5473 0.4589
vn -0.4881 -0.6211 0.6132
vn -0.4673 -0.7131 0.5226
vn -0.6629 -0.6511 0.3696
vn -0.2011 -0.5338 0.8213
vn -0.2409 -0.5487 0.8005
vn -0.3559 -0.6295 0.6907
vn -0.3093 -0.5904 0.7455
vn -0.2598 -0.7222 0.6410
vn -0.0358 -0.6631 0.7477
vn -0.1615 -0.4814 0.8615
vn -0.1508 -0.5334 0.8323
vn 0.1972 -0.6230 0.7570
vn 0.1901 -0.8580 0.4772
vn -0.0717 -0.8481 0.5249
vn 0.0212 -0.8527 0.5219
vn 0.1952 -0.8529 0.4842
vn 0.1551 -0.8311 0.5341
vn 0.1727 -0.8553 0.4885
vn 0.3085 -0.7826 0.5406
vn 0.1484 -0.8473 0.5099
vn 0.4516 -0.7193 0.5279
vn 0.1300 -0.8366 0.5322
vn -0.2213 -0.8211 0.5261
vn -0.3422 -0.7808 0.5227
vn -0.2693 -0.8122 0.5175
vn -0.3196 -0.7936 0.5177
vn -0.3096 -0.8110 0.4965
vn -0.3098 -0.8136 0.4921
vn -0.3279 -0.8228 0.4642
vn -0.3107 -0.8377 0.4491
vn -0.3204 -0.8441 0.4299
vn -0.3213 -0.8533 0.4107
vn -0.4540 -0.7457 0.4877
vn -0.5445 -0.7094 0.4476
vn -0.3997 -0.7855 0.4725
vn -0.5011 -0.7526 0.4272
vn -0.3715 -0.8061 0.4607
vn -0.4823 -0.7624 0.4316
vn -0.3755 -0.8161 0.4393
vn -0.4808 -0.7638 0.4308
vn -0.3998 -0.8157 0.4180
vn -0.4923 -0.7601 0.4242
vn -0.3951 -0.8164 0.4212
vn -0.3622 -0.8319 0.4204
vn -0.3823 -0.8521 0.3574
vn -0.4193 -0.8315 0.3644
vn -0.3231 -0.8461 0.4238
vn -0.3346 -0.8722 0.3568
vn -0.4596 -0.8156 0.3515
vn -0.4050 -0.8521 0.3316
vn -0.3832 -0.8231 0.4190
vn -0.4553 -0.7768 0.4350
vn -0.3373 -0.8877 0.3133
vn -0.2980 -0.8702 0.3925
vn -0.4011 -0.8580 0.3208
vn -0.4423 -0.8326 0.3335
vn -0.3448 -0.8858 0.3106
vn -0.5018 -0.7469 0.4363
vn -0.5011 -0.7811 0.3727
vn -0.5295 -0.7318 0.4291
vn -0.5329 -0.7523 0.3872
vn -0.0918 -0.9577 0.2728
vn 0.0724 -0.9531 0.2937
vn -0.1669 -0.9192 0.3568
vn -0.2466 -0.9229 0.2956
vn 0.4835 -0.8659 0.1281
vn 0.5800 -0.8077 0.1060
vn 0.3756 -0.9058 0.1961
vn 0.1920 -0.9569 0.2180
vn -0.2729 -0.9120 0.3064
vn -0.1565 -0.9404 0.3019
vn -0.2766 -0.8904 0.3616
vn -0.1793 -0.9141 0.3637
vn -0.2752 -0.8588 0.4321
vn -0.1956 -0.8761 0.4407
vn 0.8422 -0.5336 -0.0769
vn 0.6951 -0.7180 0.0352
vn 0.6368 -0.7681 0.0667
vn 0.8353 -0.5447 -0.0748
vn 0.0871 -0.9609 0.2628
vn 0.4019 -0.9011 0.1627
vn 0.0437 -0.9461 0.3209
vn 0.3645 -0.9146 0.1753
vn 0.0335 -0.9216 0.3867
vn 0.3800 -0.8979 0.2222
vn 0.3893 -0.9024 0.1849
vn 0.5923 -0.8033 0.0621
vn 0.8042 -0.5809 -0.1258
vn 0.5778 -0.8161 0.0144
vn 0.7664 -0.6179 -0.1754
vn 0.5997 -0.7999 -0.0241
vn 0.6243 -0.7807 -0.0284
vn 0.7546 -0.6276 -0.1915
vn 0.7687 -0.6154 -0.1741
vn 0.8827 0.2035 -0.4236
vn 0.2034 0.8612 -0.4657
vn 0.8787 0.2839 -0.3839
vn 0.2651 0.8944 -0.3601
vn 0.8884 0.1971 -0.4146
vn 0.3929 0.8456 -0.3615
vn 0.9044 0.0296 -0.4256
vn 0.5548 0.7308 -0.3977
vn 0.9182 -0.1368 -0.3718
vn 0.9304 -0.1393 -0.3391
vn 0.7054 0.5773 -0.4113
vn 0.7870 0.4172 -0.4544
vn 0.5356 0.7771 -0.3306
vn 0.3675 0.8678 -0.3345
vn 0.3690 0.8946 -0.2520
vn 0.5264 0.8075 -0.2663
vn 0.1771 0.9207 -0.3478
vn 0.2223 0.9433 -0.2467
vn 0.0048 0.9307 -0.3657
vn 0.1017 0.9579 -0.2686
vn 0.1833 0.9511 -0.2485
vn 0.2385 0.9423 -0.2348
vn 0.2519 0.9246 -0.2857
vn 0.2346 0.9310 -0.2795
vn 0.3085 0.8827 -0.3546
vn 0.2767 0.8715 -0.4050
vn 0.2177 0.9042 -0.3674
vn 0.2084 0.8772 -0.4326
vn 0.6678 0.6671 -0.3302
vn 0.6932 0.6153 -0.3754
vn 0.6518 0.6748 -0.3461
vn 0.6359 0.7170 -0.2855
vn 0.3602 0.8942 -0.2657
vn 0.5153 0.8027 -0.3002
vn 0.3464 0.8737 -0.3415
vn 0.5014 0.7773 -0.3800
vn 0.3315 0.8346 -0.4399
vn 0.3519 0.8143 -0.4616
vn 0.5167 0.7481 -0.4164
vn 0.5531 0.7305 -0.4006
vn 0.6133 0.7223 -0.3195
vn 0.6428 0.6827 -0.3474
vn 0.6090 0.7067 -0.3601
vn 0.6395 0.6884 -0.3422
vn 0.6510 0.6837 -0.3297
vn 0.6592 0.7133 -0.2379
vn 0.6535 0.6293 -0.4206
vn 0.5482 0.6980 -0.4608
vn 0.6187 0.6881 -0.3792
vn 0.5292 0.7454 -0.4054
vn 0.6209 0.7011 -0.3508
vn 0.5744 0.7511 -0.3254
vn 0.6530 0.6819 -0.3296
vn 0.6297 0.7308 -0.2636
vn 0.3790 0.8232 -0.4228
vn 0.3838 0.7629 -0.5202
vn 0.4244 0.7622 -0.4888
vn 0.4222 0.8089 -0.4093
vn 0.6996 0.6641 -0.2638
vn 0.7066 0.6864 -0.1722
vn 0.5550 0.6810 -0.4777
vn 0.1218 0.8039 -0.5821
vn 0.6870 0.6056 -0.4015
vn 0.6847 0.5913 -0.4260
vn 0.4721 0.7007 -0.5349
vn 0.0329 0.8122 -0.5824
vn 0.2546 0.7902 -0.5575
vn 0.2427 0.7918 -0.5605
vn 0.2103 0.7982 -0.5645
vn 0.3962 0.7885 -0.4705
vn 0.3578 0.8447 -0.3980
vn 0.2918 0.7868 -0.5438
vn 0.4862 0.7594 -0.4324
vn -0.0248 0.8174 -0.5755
vn 0.3650 0.7384 -0.5670
vn -0.0139 0.7974 -0.6033
vn 0.5731 0.7038 -0.4198
vn 0.4079 0.9128 -0.0206
vn 0.5189 0.8172 -0.2509
vn 0.3962 0.9169 -0.0490
vn 0.3488 0.8898 0.2944
vn 0.3096 0.9442 -0.1126
vn -0.0010 0.8343 -0.5513
vn 0.4275 0.7156 -0.5524
vn 0.6416 0.6419 -0.4200
vn -0.4524 0.7390 -0.4992
vn -0.4396 0.7387 -0.5110
vn -0.4398 0.7533 -0.4890
vn -0.3667 0.8679 -0.3351
vn -0.3543 0.8868 -0.2967
vn -0.3646 0.7834 -0.5033
vn -0.3438 0.8059 -0.4820
vn -0.3310 0.8571 -0.3948
vn -0.3097 0.8166 -0.4871
vn -0.3223 0.8458 -0.4251
vn -0.1453 0.8145 -0.5617
vn -0.6673 0.6248 -0.4053
vn -0.1713 0.8492 -0.4995
vn -0.7326 0.6124 -0.2971
vn -0.2274 0.8725 -0.4324
vn -0.7120 0.6492 -0.2678
vn -0.2643 0.8541 -0.4479
vn -0.6588 0.7046 -0.2637
vn -0.8280 -0.3936 0.3993
vn -0.8314 -0.4292 0.3530
vn -0.9926 -0.0678 0.1009
vn -0.9868 -0.0136 0.1612
vn -0.2542 0.8510 -0.4595
vn -0.6022 0.7521 -0.2676
vn 0.0009 -0.5241 0.8517
vn -0.3014 -0.5233 0.7971
vn -0.3820 -0.4120 0.8272
vn 0.0275 -0.5418 0.8401
vn -0.2266 -0.5611 0.7962
vn -0.8684 0.4938 -0.0451
vn -0.0117 -0.5853 0.8107
vn -0.1970 -0.5594 0.8051
vn -0.9137 -0.2121 0.3468
vn -0.9718 0.2216 0.0803
vn -0.9365 0.3409 0.0825
vn -0.9225 -0.0944 0.3742
vn -0.9674 0.0753 0.2417
vn -0.9879 -0.0549 0.1449
vn -0.9979 -0.0133 0.0632
vn -0.9286 -0.2902 0.2311
vn -0.8736 -0.3341 0.3539
vn -0.8607 -0.3140 0.4007
vn -0.9865 0.0994 0.1298
vn -0.7123 0.1801 0.6783
vn -0.9523 -0.1201 0.2807
vn 0.4480 0.4306 0.7835
vn -0.5663 0.0148 0.8241
vn -0.9073 -0.2324 0.3504
vn -0.8422 -0.3324 0.4245
vn -0.9594 -0.0967 0.2649
vn -0.8424 -0.3169 0.4358
vn -0.9419 -0.1071 0.3182
vn -0.7859 -0.3368 0.5186
vn -0.8584 -0.2230 0.4620
vn -0.9333 -0.1023 0.3442
vn -0.5272 0.1584 0.8348
vn -0.8416 -0.2187 0.4939
vn 0.2718 0.3196 0.9077
vn -0.3651 0.1240 0.9227
vn -0.8135 -0.3655 0.4523
vn -0.9323 -0.2248 0.2832
vn -0.8065 -0.3632 0.4665
vn -0.9638 -0.1340 0.2306
vn -0.9937 0.1076 0.0319
vn -0.9982 0.0592 0.0002
vn -0.9893 0.0749 0.1252
vn -0.9948 0.0855 0.0547
vn -0.9799 0.0695 0.1867
vn -0.9871 0.0747 0.1414
vn -0.9743 0.0752 0.2122
vn -0.9806 0.0560 0.1879
vn -0.9964 0.0027 0.0849
vn -0.8487 -0.1523 0.5065
vn -0.8050 -0.3417 0.4849
vn -0.9912 -0.0571 0.1194
vn -0.9875 -0.0022 0.1577
vn -0.9949 0.0757 0.0664
vn -0.9731 -0.0571 0.2232
vn -0.5760 -0.6973 0.4266
vn -0.5772 -0.6997 0.4211
vn -0.5611 -0.7211 0.4065
vn -0.5766 -0.7131 0.3987
vn -0.5473 -0.7289 0.4113
vn -0.5570 -0.7293 0.3973
vn -0.5314 -0.7373 0.4172
vn -0.5395 -0.7368 0.4075
vn -0.5567 -0.7149 0.4230
vn -0.5615 -0.7277 0.3940
vn -0.4278 -0.7846 0.4489
vn -0.4434 -0.7842 0.4340
vn -0.4774 -0.7623 0.4371
vn -0.5039 -0.7562 0.4175
vn -0.5234 -0.7400 0.4224
vn -0.5408 -0.7277 0.4218
vn -0.5247 -0.7382 0.4241
vn -0.5268 -0.7369 0.4237
vn -0.4286 -0.7973 0.4251
vn -0.4688 -0.7729 0.4277
vn -0.4530 -0.8076 0.3776
vn -0.4889 -0.7796 0.3914
vn -0.5209 -0.7540 0.4001
vn -0.5065 -0.7495 0.4262
vn 0.5752 0.6605 -0.4825
vn 0.6290 0.6402 -0.4410
vn 0.4700 0.7021 -0.5349
vn 0.5041 0.7169 -0.4816
vn -0.4770 -0.8049 0.3529
vn -0.5105 -0.7751 0.3724
vn -0.5401 -0.7478 0.3861
vn 0.4316 0.7220 -0.5408
vn 0.4318 0.7755 -0.4606
vn 0.6269 0.7183 -0.3018
vn 0.6422 0.6794 -0.3550
vn 0.5150 0.7689 -0.3789
vn 0.4939 0.8098 -0.3167
vn 0.5049 0.7570 0.4148
vn 0.5355 0.7478 0.3925
vn 0.5108 0.8388 -0.1884
vn 0.4568 0.8895 0.0146
vn 0.4345 0.8927 -0.1197
vn 0.6815 0.7315 0.0213
vn 0.6161 0.7716 0.1584
vn 0.4471 0.8635 -0.2335
vn 0.5960 0.7519 -0.2819
vn 0.4606 0.8173 -0.3463
vn 0.2663 0.9504 -0.1605
vn 0.3376 0.9109 -0.2372
vn 0.4261 0.8829 -0.1973
vn 0.5469 0.8084 -0.2178
vn 0.4985 0.8375 -0.2238
vn 0.3966 0.8606 -0.3195
vn 0.4016 0.8713 -0.2819
vn 0.4876 0.8210 -0.2969
vn 0.8871 -0.1066 -0.4492
vn 0.2155 0.3605 0.9075
vn 0.9976 0.0666 0.0188
s 1
usemtl _17174_Tiamat_v1default
f 2//1 3//2 4//3 5//4
f 6//5 4//3 3//2 7//6
f 8//7 9//8 4//3 6//5
f 5//4 4//3 9//8 10//9
f 11//10 12//11 13//12 14//13
f 6//5 13//12 12//11 8//7
f 7//6 15//14 13//12 6//5
f 14//13 13//12 15//14 16//15
f 17//16 18//17 19//18 20//19
f 19//18 18//17 21//20
f 16//15 15//14 19//18 22//21
f 20//19 19//18 15//14 7//6
f 23//22 24//23 25//24 26//25
f 17//16 20//19 24//23 23//22
f 7//6 3//2 24//23 20//19
f 25//24 24//23 3//2 2//1
f 27//26 28//27 29//28 30//29
f 31//30 29//28 28//27 32//31
f 33//32 34//33 29//28 31//30
f 30//29 29//28 34//33 35//34
f 26//25 36//35 37//36 23//22
f 31//30 37//36 36//35 33//32
f 32//31 38//37 37//36 31//30
f 23//22 37//36 38//37 17//16
f 39//38 41//39 42//40
f 43//41 44//42 39//38 45//43
f 44//42 46//44 40//45
f 49//46 48//47 47//48 50//49
f 51//50 52//51 48//47 49//46
f 56//52 55//53 54//54 57//55
f 45//43 55//53 56//52 43//41
f 60//56 59//57 40//45 46//44
f 61//58 62//59 63//60 64//61
f 65//62 63//60 62//59 66//63
f 67//64 68//65 63//60 65//62
f 64//61 63//60 68//65 69//66
f 70//67 71//68 72//69 73//70
f 74//71 72//69 71//68 75//72
f 72//69 74//71 69//66 76//73
f 72//69 76//73 77//74 73//70
f 78//75 79//76 80//77 81//78
f 76//73 80//77 79//76 77//74
f 69//66 68//65 80//77 76//73
f 81//78 80//77 68//65 67//64
f 82//79 83//80 84//81 85//82
f 65//62 84//81 83//80 67//64
f 66//63 86//83 84//81 65//62
f 85//82 84//81 86//83 87//84
f 88//85 89//86 90//87 91//88
f 92//89 90//87 89//86 93//90
f 94//91 95//92 90//87 92//89
f 91//88 90//87 95//92 96//93
f 21//20 97//94 98//95 22//21
f 99//96 98//95 97//94 100//97
f 101//98 102//99 98//95 99//96
f 22//21 98//95 102//99 16//15
f 103//100 104//101 105//102 106//103
f 104//101 107//104 108//105
f 101//98 99//96 105//102 108//105
f 106//103 105//102 99//96 100//97
f 109//106 102//99 101//98 110//107
f 111//108 109//106 110//107 112//109
f 11//10 14//13 109//106 111//108
f 102//99 109//106 14//13 16//15
f 113//110 108//105 107//104
f 114//111 113//110 115//112 116//113
f 112//109 110//107 113//110 114//111
f 113//110 110//107 101//98 108//105
f 17//16 38//37 117//114 18//17
f 118//115 117//114 38//37 32//31
f 119//116 120//117 117//114 118//115
f 120//117 21//20 18//17
f 21//20 120//117 121//118 97//94
f 122//119 121//118 120//117 119//116
f 123//120 124//121 121//118 122//119
f 97//94 121//118 124//121 100//97
f 125//122 106//103 100//97
f 126//123 125//122 124//121 123//120
f 127//124 128//125 125//122 126//123
f 128//125 103//100 106//103
f 32//31 28//27 129//126 118//115
f 130//127 129//126 28//27 27//26
f 131//128 132//129 129//126 130//127
f 118//115 129//126 132//129 119//116
f 133//130 134//131 135//132 136//133
f 137//134 135//132 134//131 138//135
f 139//136 140//137 135//132 137//134
f 136//133 135//132 140//137 141//138
f 142//139 143//140 144//141
f 137//134 145//142 144//141 139//136
f 145//142 137//134 138//135 146//143
f 147//144 142//139 145//142 146//143
f 148//145 149//146 150//147
f 151//148 148//145 152//149 153//150
f 154//151 155//152 148//145 151//148
f 149//146 148//145 155//152 133//130
f 156//153 157//154 79//76 78//75
f 156//153 158//155 159//156
f 157//154 159//156 160//157
f 79//76 157//154 161//158 77//74
f 162//159 163//160 164//161 165//162
f 166//163 164//161 163//160 167//164
f 168//165 164//161 166//163 169//166
f 170//167 165//162 164//161 168//165
f 167//164 171//168 172//169 166//163
f 173//170 172//169 171//168 174//171
f 175//172 176//173 172//169 173//170
f 166//163 172//169 176//173 169//166
f 177//174 178//175 179//176 180//177
f 181//178 179//176 178//175 182//179
f 183//180 184//181 179//176 181//178
f 180//177 179//176 184//181 185//182
f 186//183 187//184 188//185 189//186
f 180//177 188//185 187//184 177//174
f 185//182 190//187 188//185 180//177
f 189//186 188//185 190//187 191//188
f 192//189 193//190 194//191 195//192
f 196//193 197//194 192//189 195//192
f 189//186 192//189 197//194 186//183
f 192//189 189//186 191//188 193//190
f 158//155 198//195 199//196 159//156
f 200//197 199//196 198//195 201//198
f 202//199 203//200 199//196 200//197
f 203//200 160//157 159//156
f 204//201 205//202 206//203 207//204
f 200//197 206//203 205//202 202//199
f 201//198 208//205 206//203 200//197
f 207//204 206//203 208//205 209//206
f 210//207 211//208 212//209 213//210
f 214//211 212//209 211//208 215//212
f 93//90 89//86 212//209 214//211
f 213//210 212//209 89//86 88//85
f 215//212 216//213 217//214 214//211
f 218//215 217//214 216//213 219//216
f 220//217 221//218 217//214 218//215
f 214//211 217//214 221//218 93//90
f 219//216 222//219 223//220 218//215
f 224//221 223//220 222//219 225//222
f 226//223 227//224 223//220 224//221
f 218//215 223//220 227//224 220//217
f 225//222 228//225 229//226 224//221
f 230//227 229//226 228//225 231//228
f 232//229 233//230 229//226 230//227
f 224//221 229//226 233//230 226//223
f 234//231 235//232 236//233
f 237//234 238//235 234//231
f 239//236 234//231 238//235 240//237
f 239//236 241//238 235//232
f 242//239 243//240 244//241 245//242
f 246//243 244//241 243//240 247//244
f 248//245 249//246 244//241 246//243
f 245//242 244//241 249//246 250//247
f 251//248 252//249 253//250 254//251
f 255//252 253//250 252//249 256//253
f 257//254 258//255 253//250 255//252
f 254//251 253//250 258//255 259//256
f 260//257 261//258 262//259 263//260
f 264//261 262//259 261//258 265//262
f 266//263 267//264 262//259 264//261
f 263//260 262//259 267//264 268//265
f 269//266 270//267 271//268 272//269
f 273//270 271//268 270//267 274//271
f 256//253 252//249 271//268 273//270
f 272//269 271//268 252//249 251//248
f 275//272 276//273 277//274 278//275
f 279//276 277//274 276//273 280//277
f 281//278 277//274 279//276 282//279
f 278//275 277//274 281//278 147//144
f 174//171 283//280 284//281 173//170
f 285//282 284//281 283//280 286//283
f 287//284 284//281 285//282 288//285
f 173//170 284//281 287//284 175//172
f 289//286 290//287 291//288 292//289
f 293//290 291//288 290//287 294//291
f 291//288 293//290 204//201
f 207//204 209//206 292//289
f 295//292 296//293 297//294 298//295
f 254//251 297//294 296//293 251//248
f 259//256 299//296 297//294 254//251
f 298//295 297//294 299//296 300//297
f 301//298 302//299 303//300 304//301
f 305//302 303//300 302//299 306//303
f 116//113 115//112 303//300 305//302
f 304//301 303//300 115//112 107//104
f 215//212 211//208 307//304 308//305
f 309//306 307//304 211//208 210//207
f 306//303 302//299 307//304 309//306
f 308//305 307//304 302//299 301//298
f 310//307 311//308 312//309 313//310
f 304//301 312//309 311//308 301//298
f 107//104 104//101 312//309 304//301
f 313//310 312//309 104//101 103//100
f 219//216 216//213 314//311 315//312
f 308//305 314//311 216//213 215//212
f 301//298 311//308 314//311 308//305
f 315//312 314//311 311//308 310//307
f 316//313 317//314 318//315
f 313//310 316//313 319//316 310//307
f 103//100 128//125 316//313 313//310
f 317//314 316//313 128//125 127//124
f 225//222 222//219 320//317 321//318
f 315//312 320//317 222//219 219//216
f 310//307 319//316 320//317 315//312
f 321//318 320//317 319//316 318//315
f 322//319 323//320 324//321 325//322
f 317//314 324//321 323//320 318//315
f 127//124 326//323 324//321 317//314
f 325//322 324//321 326//323 327//324
f 231//228 228//225 328//325 329//326
f 321//318 328//325 228//225 225//222
f 318//315 323//320 328//325 321//318
f 329//326 328//325 323//320 322//319
f 330//327 331//328 332//329 333//330
f 334//331 332//329 331//328 335//332
f 282//279 279//276 332//329 334//331
f 333//330 332//329 279//276 280//277
f 240//237 238//235 336//333 337//334
f 238//235 237//234 338//335
f 335//332 331//328 336//333 338//335
f 337//334 336//333 331//328 330//327
f 194//191 339//336 340//337 195//192
f 341//338 340//337 339//336 342//339
f 343//340 344//341 340//337 341//338
f 195//192 340//337 344//341 196//193
f 345//342 346//343 243//240 242//239
f 341//338 346//343 345//342 343//340
f 342//339 347//344 346//343 341//338
f 243//240 346//343 347//344 247//244
f 348//345 290//287 289//286
f 298//295 348//345 349//346 295//292
f 300//297 350//347 348//345 298//295
f 290//287 348//345 350//347 294//291
f 251//248 296//293 351//348 272//269
f 352//349 351//348 296//293 295//292
f 353//350 354//351 351//348 352//349
f 272//269 351//348 354//351 269//266
f 355//352 356//353 357//354 358//355
f 359//356 357//354 356//353 360//357
f 361//358 362//359 357//354 359//356
f 358//355 357//354 362//359 363//360
f 364//361 365//362 366//363 367//364
f 368//365 366//363 365//362 369//366
f 370//367 371//368 366//363 368//365
f 367//364 366//363 371//368 372//369
f 373//370 374//371 375//372 376//373
f 377//374 375//372 374//371 378//375
f 369//366 365//362 375//372 377//374
f 376//373 375//372 365//362 364//361
f 363//360 379//376 380//377 358//355
f 381//378 380//377 379//376 382//379
f 383//380 384//381 380//377 381//378
f 358//355 380//377 384//381 355//352
f 363//360 362//359 385//382 386//383
f 387//384 385//382 362//359 361//358
f 388//385 389//386 385//382 387//384
f 389//386 390//387 386//383
f 391//388 392//389 370//367
f 393//390 391//388 394//391 395//392
f 391//388 393//390 388//385 387//384
f 392//389 391//388 387//384 361//358
f 369//366 396//393 397//394 368//365
f 398//395 397//394 396//393 399//396
f 395//392 394//391 397//394 398//395
f 368//365 397//394 394//391 370//367
f 378//375 400//397 401//398 377//374
f 402//399 401//398 400//397 403//400
f 399//396 396//393 401//398 402//399
f 377//374 401//398 396//393 369//366
f 378//375 404//401 405//402 400//397
f 406//403 405//402 404//401 382//379
f 407//404 408//405 405//402 406//403
f 400//397 405//402 408//405 403//400
f 390//387 409//406 410//407 386//383
f 409//406 407//404 406//403
f 382//379 379//376 410//407 406//403
f 386//383 410//407 379//376 363//360
f 390//387 389//386 411//408 412//409
f 413//410 411//408 389//386 388//385
f 414//411 415//412 411//408 413//410
f 412//409 411//408 415//412 416//413
f 388//385 393//390 417//414 413//410
f 417//414 393//390 395//392 418//415
f 419//416 420//417 417//414 418//415
f 413//410 417//414 420//417 414//411
f 399//396 421//418 422//419 398//395
f 423//420 422//419 421//418 424//421
f 419//416 418//415 422//419 423//420
f 398//395 422//419 418//415 395//392
f 403//400 425//422 426//423 402//399
f 427//424 426//423 425//422 428//425
f 426//423 427//424 424//421
f 402//399 426//423 421//418 399//396
f 429//426 430//427 408//405 407//404
f 431//428 432//429 430//427 429//426
f 428//425 425//422 430//427 432//429
f 408//405 430//427 425//422 403//400
f 416//413 433//430 434//431 412//409
f 429//426 434//431 433//430 431//428
f 407//404 409//406 434//431 429//426
f 409//406 390//387 412//409
f 435//432 436//433 437//434 438//435
f 439//436 440//437 437//434 436//433
f 441//438 442//439 437//434 440//437
f 438//435 437//434 442//439 443//440
f 444//441 445//442 446//443
f 447//444 444//441 448//445 449//446
f 435//432 450//447 444//441 447//444
f 445//442 444//441 450//447 451//448
f 452//449 453//450 454//451 455//452
f 454//451 453//450 456//453 457//454
f 449//446 448//445 454//451 457//454
f 455//452 454//451 448//445 446//443
f 452//449 458//455 459//456 453//450
f 460//457 459//456 458//455 461//458
f 462//459 463//460 459//456 460//457
f 453//450 459//456 463//460 456//453
f 461//458 464//461 465//462 460//457
f 466//463 465//462 464//461 467//464
f 468//465 469//466 465//462 466//463
f 460//457 465//462 469//466 462//459
f 470//467 471//468 472//469
f 473//470 470//467 474//471 443//440
f 466//463 470//467 473//470 468//465
f 471//468 470//467 466//463 467//464
f 443//440 474//471 475//472 438//435
f 472//469 476//473 475//472 474//471
f 475//472 476//473 451//448
f 438//435 475//472 450//447 435//432
f 414//411 420//417 477//474 478//475
f 479//476 477//474 420//417 419//416
f 480//477 477//474 479//476 481//478
f 478//475 477//474 480//477 482//479
f 481//478 479//476 483//480 484//481
f 423//420 483//480 479//476 419//416
f 424//421 485//482 483//480 423//420
f 484//481 483//480 485//482 486//483
f 428//425 487//484 488//485 427//424
f 489//486 488//485 487//484 490//487
f 486//483 485//482 488//485 489//486
f 427//424 488//485 485//482 424//421
f 431//428 491//488 492//489 432//429
f 493//490 492//489 491//488 494//491
f 490//487 487//484 492//489 493//490
f 432//429 492//489 487//484 428//425
f 431//428 433//430 495//492 491//488
f 496//493 495//492 433//430 416//413
f 497//494 498//495 495//492 496//493
f 495//492 498//495 494//491 491//488
f 482//479 499//496 500//497 478//475
f 499//496 497//494 496//493
f 416//413 415//412 500//497 496//493
f 478//475 500//497 415//412 414//411
f 481//478 501//498 502//499 480//477
f 503//500 502//499 501//498 504//501
f 502//499 503//500 505//502
f 482//479 480//477 502//499 506//503
f 446//443 507//504 508//505 455//452
f 509//506 508//505 507//504 510//507
f 511//508 512//509 508//505 509//506
f 455//452 508//505 512//509 452//449
f 513//510 514//511 515//512 516//513
f 517//514 515//512 514//511 518//515
f 515//512 517//514 511//508
f 516//513 515//512 519//516 504//501
f 486//483 520//517 521//518 484//481
f 516//513 521//518 520//517 513//510
f 504//501 501//498 521//518 516//513
f 484//481 521//518 501//498 481//478
f 517//514 522//519 512//509 511//508
f 523//520 522//519 517//514 518//515
f 458//455 522//519 523//520 461//458
f 452//449 512//509 522//519 458//455
f 490//487 524//521 525//522 489//486
f 526//523 525//522 524//521 527//524
f 513//510 520//517 525//522 526//523
f 489//486 525//522 520//517 486//483
f 494//491 528//525 529//526 493//490
f 530//527 529//526 528//525 531//528
f 527//524 524//521 529//526 530//527
f 493//490 529//526 524//521 490//487
f 509//506 510//507 532//529
f 532//529 505//502 503//500
f 533//530 503//500 504//501
f 519//516 511//508 509//506
f 534//531 535//532 536//533 537//534
f 464//461 536//533 535//532 467//464
f 461//458 523//520 536//533 464//461
f 537//534 536//533 523//520 518//515
f 538//535 539//536 540//537
f 541//538 542//539 543//540
f 534//531 544//541 538//535 543//540
f 539//536 538//535 544//541 545//542
f 546//543 543//540 542//539
f 471//468 546//543 547//544 472//469
f 467//464 535//532 546//543 471//468
f 543//540 546//543 535//532 534//531
f 548//545 549//546 547//544 542//539
f 550//547 549//546 548//545 551//548
f 451//448 476//473 549//546 550//547
f 476//473 472//469 547//544
f 451//448 550//547 552//549 445//442
f 553//550 552//549 550//547 551//548
f 510//507 507//504 552//549 553//550
f 507//504 446//443 445//442
f 551//548 554//551 555//552 553//550
f 556//553 555//552 554//551 557//554
f 558//555 559//556 555//552 556//553
f 553//550 555//552 559//556 510//507
f 560//557 556//553 557//554
f 561//558 560//557 562//559 563//560
f 564//561 565//562 560//557 561//558
f 556//553 560//557 565//562 558//555
f 566//563 567//564 568//565 569//566
f 570//567 571//568 568//565 567//564
f 568//565 571//568 572//569
f 570//567 567//564 573//570 574//571
f 575//572 573//570 567//564 566//563
f 563//560 562//559 573//570 575//572
f 574//571 573//570 562//559 557//554
f 576//573 577//574 578//575 579//576
f 580//577 578//575 577//574 581//578
f 578//575 580//577 582//579
f 583//580 584//581 579//576
f 585//582 586//583 587//584 588//585
f 581//578 577//574 586//583 585//582
f 589//586 586//583 577//574 576//573
f 587//584 586//583 589//586 572//569
f 588//585 590//587 591//588 585//582
f 592//589 591//588 590//587 593//590
f 594//591 595//592 591//588 592//589
f 585//582 591//588 595//592 581//578
f 596//593 542//539 541//538
f 540//537 599//594 597//595 541//538
f 598//596 597//595 599//594 600//597
f 601//598 602//599 603//600
f 604//601 551//548 548//545
f 542//539 596//593 601//598 548//545
f 608//602 604//601 603//600
f 574//571 608//602 609//603 570//567
f 557//554 554//551 608//602 574//571
f 554//551 551//548 604//601
f 610//604 571//568 570//567
f 611//605 610//604 609//603 603//600
f 611//605 612//606 613//607
f 613//607 572//569 571//568
f 611//605 614//608 615//609 612//606
f 615//609 614//608 616//610 617//611
f 612//606 618//612 619//613 613//607
f 618//612 620//614 621//615
f 588//585 587//584 619//613 621//615
f 613//607 619//613 587//584 572//569
f 622//616 623//617 624//618 625//619
f 626//620 624//618 623//617 627//621
f 620//614 618//612 624//618 626//620
f 625//619 624//618 618//612 612//606
f 628//622 629//623 630//624 631//625
f 632//626 633//627 630//624 629//623
f 634//628 630//624 633//627 635//629
f 634//628 593//590 631//625
f 636//630 621//615 620//614
f 628//622 631//625 636//630 637//631
f 636//630 631//625 593//590
f 621//615 636//630 590//587 588//585
f 632//626 638//632 639//633 633//627
f 640//634 641//635 639//633 638//632
f 642//636 639//633 641//635 617//611
f 635//629 633//627 639//633 642//636
f 643//637 644//638 645//639 646//640
f 637//631 645//639 644//638 628//622
f 637//631 620//614 626//620
f 627//621 646//640 645//639 626//620
f 617//611 641//635 647//641 615//609
f 648//642 647//641 641//635 640//634
f 622//616 625//619 647//641 648//642
f 615//609 647//641 625//619 612//606
f 649//643 648//642 640//634
f 649//643 650//644 643//637 646//640
f 627//621 623//617 649//643 646//640
f 623//617 622//616 648//642
f 651//645 644//638 643//637
f 650//644 640//634 638//632
f 651//645 638//632 632//626
f 629//623 628//622 644//638
f 652//646 653//647 654//648 655//649
f 81//78 654//648 653//647 78//75
f 67//64 83//80 654//648 81//78
f 655//649 654//648 83//80 82//79
f 78//75 653//647 656//650 156//153
f 657//651 656//650 653//647 652//646
f 658//652 659//653 656//650 657//651
f 156//153 656//650 659//653 158//155
f 652//646 660//654 661//655 657//651
f 662//656 661//655 660//654 663//657
f 664//658 665//659 661//655 662//656
f 657//651 661//655 665//659 658//652
f 666//660 667//661 659//653 658//652
f 668//662 669//663 667//661 666//660
f 201//198 198//195 667//661 669//663
f 659//653 667//661 198//195 158//155
f 664//658 670//664 671//665 665//659
f 672//666 671//665 670//664 673//667
f 668//662 666//660 671//665 672//666
f 658//652 665//659 671//665 666//660
f 674//668 675//669 669//663 668//662
f 675//669 674//668 676//670
f 677//671 209//206 208//205
f 669//663 675//669 208//205 201//198
f 668//662 672//666 678//672 674//668
f 673//667 679//673 678//672 672//666
f 680//674 678//672 679//673 681//675
f 674//668 678//672 680//674 676//670
f 682//676 683//677 684//678 685//679
f 352//349 684//678 683//677 353//350
f 295//292 349//346 684//678 352//349
f 684//678 349//346 289//286
f 686//680 687//681 682//676
f 685//679 289//286 292//289
f 686//680 292//289 209//206
f 677//671 676//670 687//681
f 676//670 680//674 688//682 687//681
f 681//675 689//683 688//682 680//674
f 690//684 688//682 689//683 691//685
f 682//676 687//681 688//682 690//684
f 82//79 692//686 693//687 655//649
f 694//688 693//687 692//686 695//689
f 663//657 660//654 693//687 694//688
f 655//649 693//687 660//654 652//646
f 696//690 697//691 695//689 692//686
f 85//82 696//690 692//686 82//79
f 87//84 698//692 696//690 85//82
f 697//691 696//690 698//692 699//693
f 700//694 701//695 702//696 703//697
f 697//691 701//695 700//694 695//689
f 699//693 704//698 701//695 697//691
f 701//695 704//698 705//699 702//696
f 694//688 706//700 707//701 663//657
f 708//702 706//700 694//688 695//689
f 709//703 707//701 706//700 708//702
f 703//697 710//704 711//705 700//694
f 712//706 711//705 710//704 713//707
f 708//702 711//705 712//706 709//703
f 711//705 708//702 695//689
f 714//708 715//709 716//710 717//711
f 662//656 715//709 714//708 664//658
f 663//657 707//701 715//709 662//656
f 716//710 715//709 707//701 709//703
f 718//712 719//713 720//714 721//715
f 722//716 720//714 719//713 723//717
f 713//707 710//704 720//714 722//716
f 721//715 720//714 710//704 703//697
f 723//717 719//713 724//718 725//719
f 726//720 724//718 719//713 718//712
f 8//7 12//11 724//718 726//720
f 725//719 724//718 12//11 11//10
f 727//721 728//722 729//723 730//724
f 728//722 727//721 717//711 716//710
f 709//703 712//706 728//722 716//710
f 713//707 729//723 728//722 712//706
f 722//716 731//725 729//723 713//707
f 723//717 732//726 731//725 722//716
f 730//724 729//723 731//725 732//726
f 11//10 111//108 733//727 725//719
f 112//109 734//728 733//727 111//108
f 735//729 736//730 733//727 734//728
f 725//719 733//727 736//730 723//717
f 717//711 737//731 738//732 714//708
f 739//733 738//732 737//731 740//734
f 673//667 670//664 738//732 739//733
f 714//708 738//732 670//664 664//658
f 741//735 742//736 736//730 735//729
f 743//737 742//736 741//735 744//738
f 730//724 732//726 742//736 743//737
f 736//730 742//736 732//726 723//717
f 744//738 745//739 746//740 743//737
f 737//731 746//740 745//739 740//734
f 727//721 746//740 737//731 717//711
f 743//737 746//740 727//721 730//724
f 740//734 747//741 748//742 739//733
f 749//743 748//742 747//741 750//744
f 681//675 679//673 748//742 749//743
f 739//733 748//742 679//673 673//667
f 740//734 745//739 751//745 747//741
f 752//746 751//745 745//739 744//738
f 753//747 754//748 751//745 752//746
f 747//741 751//745 754//748 750//744
f 735//729 755//749 756//750 741//735
f 756//750 755//749 757//751 758//752
f 752//746 756//750 758//752 753//747
f 741//735 756//750 752//746 744//738
f 116//113 759//753 760//754 114//111
f 755//749 760//754 759//753 757//751
f 735//729 734//728 760//754 755//749
f 114//111 760//754 734//728 112//109
f 761//755 762//756 763//757 764//758
f 765//759 763//757 762//756 766//760
f 750//744 754//748 763//757 765//759
f 764//758 763//757 754//748 753//747
f 750//744 765//759 767//761 749//743
f 768//762 767//761 765//759 766//760
f 691//685 689//683 767//761 768//762
f 749//743 767//761 689//683 681//675
f 753//747 758//752 769//763 764//758
f 770//764 769//763 758//752 757//751
f 764//758 769//763 770//764 761//755
f 691//685 771//765 772//766 690//684
f 773//767 772//766 771//765 774//768
f 353//350 683//677 772//766 773//767
f 690//684 772//766 683//677 682//676
f 306//303 775//769 776//770 305//302
f 777//771 776//770 775//769 778//772
f 757//751 759//753 776//770 777//771
f 305//302 776//770 759//753 116//113
f 768//762 779//773 771//765 691//685
f 766//760 780//774 779//773 768//762
f 779//773 780//774 774//768
f 778//772 781//775 782//776 777//771
f 783//777 782//776 781//775 784//778
f 761//755 770//764 782//776 783//777
f 777//771 782//776 770//764 757//751
f 784//778 785//779 786//780 783//777
f 780//774 786//780 785//779 774//768
f 766//760 762//756 786//780 780//774
f 783//777 786//780 762//756 761//755
f 774//768 787//781 788//782 773//767
f 789//783 788//782 787//781 790//784
f 269//266 354//351 788//782 789//783
f 773//767 788//782 354//351 353//350
f 210//207 791//785 792//786 309//306
f 793//787 792//786 791//785 794//788
f 778//772 775//769 792//786 793//787
f 309//306 792//786 775//769 306//303
f 794//788 795//789 796//790 793//787
f 797//791 796//790 795//789 798//792
f 784//778 781//775 796//790 797//791
f 793//787 796//790 781//775 778//772
f 798//792 799//793 800//794 797//791
f 787//781 800//794 799//793 790//784
f 774//768 785//779 800//794 787//781
f 797//791 800//794 785//779 784//778
f 801//795 789//783 790//784 802//796
f 803//797 804//798 801//795 802//796
f 274//271 270//267 801//795 804//798
f 789//783 801//795 270//267 269//266
f 88//85 805//799 806//800 213//210
f 807//801 806//800 805//799 808//802
f 794//788 791//785 806//800 807//801
f 213//210 806//800 791//785 210//207
f 808//802 809//803 810//804 807//801
f 811//805 810//804 809//803 812//806
f 798//792 795//789 810//804 811//805
f 807//801 810//804 795//789 794//788
f 812//806 813//807 814//808 811//805
f 802//796 814//808 813//807 803//797
f 790//784 799//793 814//808 802//796
f 811//805 814//808 799//793 798//792
f 815//809 816//810 91//88 96//93
f 817//811 816//810 815//809 818//812
f 808//802 805//799 816//810 817//811
f 91//88 816//810 805//799 88//85
f 506//503 505//502 819//813
f 820//814 821//815 819//813 822//816
f 821//815 820//814 497//494
f 499//496 482//479 506//503
f 823//817 824//818 825//819 826//820
f 827//821 825//819 824//818 822//816
f 558//555 565//562 825//819 827//821
f 826//820 825//819 565//562 564//561
f 828//822 498//495 497//494
f 829//823 828//822 820//814 822//816
f 531//528 528//525 828//822 829//823
f 498//495 828//822 528//525 494//491
f 827//821 830//824 559//556 558//555
f 819//813 830//824 827//821 822//816
f 505//502 532//529 830//824 819//813
f 559//556 830//824 532//529 510//507
f 831//825 832//826 833//827
f 834//828 835//829 836//830
f 831//825 836//830 837//831
f 838//832 822//816 832//826
f 835//829 839//833 840//834 836//830
f 839//833 841//835 842//836
f 843//837 844//838 840//834 842//836
f 836//830 840//834 844//838 837//831
f 845//839 846//840 847//841 848//842
f 849//843 850//844 847//841 846//840
f 851//845 852//846 847//841 850//844
f 848//842 847//841 852//846 853//847
f 854//848 855//849 856//850 857//851
f 858//852 856//850 855//849 859//853
f 860//854 861//855 856//850 858//852
f 857//851 856//850 861//855 862//856
f 859//853 863//857 864//858 858//852
f 865//859 864//858 863//857 866//860
f 867//861 868//862 864//858 865//859
f 858//852 864//858 868//862 860//854
f 869//863 870//864 871//865 872//866
f 873//867 871//865 870//864 874//868
f 859//853 855//849 871//865 873//867
f 872//866 871//865 855//849 854//848
f 875//869 876//870 877//871 878//872
f 879//873 877//871 876//870 880//874
f 874//868 870//864 877//871 879//873
f 878//872 877//871 870//864 869//863
f 874//868 881//875 882//876 873//867
f 883//877 882//876 881//875 884//878
f 866//860 863//857 882//876 883//877
f 873//867 882//876 863//857 859//853
f 884//878 885//879 886//880 883//877
f 815//809 886//880 885//879 818//812
f 96//93 887//881 886//880 815//809
f 883//877 886//880 887//881 866//860
f 888//882 889//883 890//884 891//885
f 892//886 890//884 889//883 893//887
f 875//869 894//888 890//884 892//886
f 891//885 890//884 894//888 895//889
f 818//812 896//890 897//891 817//811
f 898//892 897//891 896//890 899//893
f 812//806 809//803 897//891 898//892
f 817//811 897//891 809//803 808//802
f 900//894 901//895 902//896 903//897
f 904//898 901//895 900//894 905//899
f 804//798 901//895 904//898 274//271
f 804//798 803//797 902//896
f 899//893 906//900 907//901 898//892
f 902//896 907//901 906//900 903//897
f 803//797 813//807 907//901 902//896
f 898//892 907//901 813//807 812//806
f 908//902 909//903 905//899
f 908//902 900//894 903//897
f 583//580 908//902 910//904 584//581
f 909//903 908//902 583//580 582//579
f 884//878 911//905 912//906 885//879
f 913//907 912//906 911//905 914//908
f 899//893 896//890 912//906 913//907
f 885//879 912//906 896//890 818//812
f 915//909 879//873 880//874
f 916//910 914//908 911//905
f 915//909 911//905 884//878
f 879//873 915//909 881//875 874//868
f 893//887 917//911 918//912 892//886
f 917//911 914//908 916//910
f 880//874 876//870 918//912 916//910
f 892//886 918//912 876//870 875//869
f 919//913 920//914 921//915 922//916
f 919//913 914//908 917//911
f 923//917 920//914 917//911 893//887
f 920//914 923//917 924//918
f 922//916 925//919 926//920 919//913
f 927//921 926//920 925//919 928//922
f 926//920 927//921 929//923
f 930//924 914//908 919//913
f 929//923 927//921 931//925 932//926
f 933//927 931//925 927//921 928//922
f 584//581 910//904 931//925 933//927
f 932//926 931//925 910//904 903//897
f 913//907 934//928 906//900 899//893
f 930//924 934//928 913//907 914//908
f 929//923 932//926 934//928 930//924
f 903//897 906//900 934//928 932//926
f 439//436 436//433 935//929 936//930
f 447//444 935//929 436//433 435//432
f 449//446 937//931 935//929 447//444
f 938//932 936//930 935//929 937//931
f 939//933 940//934 941//935 942//936
f 468//465 473//470 941//935 940//934
f 443//440 442//439 941//935 473//470
f 441//438 942//936 941//935 442//439
f 943//937 944//938 945//939 946//940
f 947//941 945//939 944//938 948//942
f 456//453 463//460 945//939 947//941
f 946//940 945//939 463//460 462//459
f 947//941 949//943 457//454 456//453
f 950//944 949//943 947//941 948//942
f 938//932 937//931 949//943 950//944
f 457//454 949//943 937//931 449//446
f 939//933 951//945 952//946 940//934
f 946//940 952//946 951//945 943//937
f 462//459 469//466 952//946 946//940
f 940//934 952//946 469//466 468//465
f 953//947 954//948 955//949 956//950
f 955//949 954//948 948//942
f 943//937 951//945 955//949 944//938
f 956//950 955//949 951//945 939//933
f 938//932 950//944 957//951 936//930
f 950//944 948//942 954//948
f 953//947 958//952 957//951 954//948
f 439//436 936//930 957//951
f 953//947 956//950 959//953 958//952
f 942//936 959//953 956//950 939//933
f 441//438 440//437 959//953 942//936
f 959//953 440//437 439//436
f 960//954 961//955 384//381 383//380
f 962//956 961//955 960//954 372//369
f 360//357 356//353 961//955 962//956
f 384//381 961//955 356//353 355//352
f 372//369 371//368 963//957 962//956
f 392//389 963//957 371//368 370//367
f 361//358 359//356 963//957 392//389
f 360//357 962//956 963//957 359//356
f 364//361 367//364 964//958 376//373
f 960//954 964//958 367//364 372//369
f 964//958 960//954 383//380
f 376//373 964//958 965//959 373//370
f 373//370 965//959 966//960 374//371
f 381//378 966//960 965//959 383//380
f 382//379 404//401 966//960 381//378
f 374//371 966//960 404//401 378//375
f 967//961 923//917 893//887
f 968//962 967//961 889//883 888//882
f 969//963 970//964 967//961 968//962
f 923//917 967//961 970//964 924//918
f 564//561 971//965 972//966 826//820
f 973//967 972//966 971//965 974//968
f 975//969 976//970 972//966 973//967
f 826//820 972//966 976//970 823//817
f 977//971 978//972 979//973 980//974
f 921//915 979//973 978//972 922//916
f 924//918 970//964 979//973 921//915
f 980//974 979//973 970//964 969//963
f 974//968 981//975 982//976 973//967
f 980//974 982//976 981//975 977//971
f 969//963 983//977 982//976 980//974
f 973//967 982//976 983//977 975//969
f 576//573 984//978 985//979 589//586
f 986//980 985//979 984//978 987//981
f 566//563 569//566 985//979 986//980
f 589//586 985//979 569//566 572//569
f 988//982 987//981 989//983
f 925//919 990//984 989//983 928//922
f 990//984 925//919 922//916
f 978//972 977//971 988//982
f 991//985 992//986 993//987 994//988
f 987//981 988//982 993//987 992//986
f 977//971 981//975 993//987 988//982
f 994//988 993//987 981//975 974//968
f 928//922 989//983 995//989 933//927
f 984//978 995//989 989//983 987//981
f 576//573 579//576 995//989
f 933//927 995//989 579//576 584//581
f 996//990 575//572 566//563
f 986//980 987//981 992//986
f 991//985 997//991 996//990 992//986
f 575//572 996//990 997//991 563//560
f 563//560 997//991 998//992 561//558
f 994//988 998//992 997//991 991//985
f 974//968 971//965 998//992 994//988
f 561//558 998//992 971//965 564//561
f 849//843 999//993 1000//994 1001//995
f 1002//996 1000//994 999//993 1003//997
f 1004//998 1005//999 1000//994 1002//996
f 1001//995 1000//994 1005//999 1006//1000
f 823//817 1007//1001 1008//1002 824//818
f 1009//1003 1008//1002 1007//1001 1010//1004
f 833//827 832//826 1008//1002 1009//1003
f 824//818 1008//1002 832//826 822//816
f 1011//1005 976//970 975//969
f 1012//1006 1013//1007 1014//1008
f 1010//1004 1007//1001 1011//1005 1014//1008
f 976//970 1011//1005 1007//1001 823//817
f 1015//1009 1016//1010 1013//1007
f 1012//1006 975//969 983//977
f 1015//1009 983//977 969//963
f 968//962 888//882 1016//1010
f 1013//1007 1017//1011 1018//1012 1014//1008
f 1019//1013 1018//1012 1017//1011 1020//1014
f 1021//1015 1022//1016 1018//1012 1019//1013
f 1022//1016 1010//1004 1014//1008
f 1017//1011 1023//1017 1024//1018 1020//1014
f 1016//1010 1023//1017 1017//1011 1013//1007
f 891//885 1023//1017 1016//1010 888//882
f 895//889 1024//1018 1023//1017 891//885
f 1025//1019 1026//1020 1027//1021 1028//1022
f 1029//1023 1027//1021 1026//1020 1030//1024
f 1031//1025 1027//1021 1029//1023 1032//1026
f 1028//1022 1027//1021 1031//1025 1003//997
f 1033//1027 1034//1028 1035//1029 1036//1030
f 1037//1031 1035//1029 1034//1028 1038//1032
f 1020//1014 1024//1018 1035//1029 1037//1031
f 1036//1030 1035//1029 1024//1018 895//889
f 1039//1033 1040//1034 846//840 845//839
f 1028//1022 1040//1034 1039//1033 1025//1019
f 1003//997 999//993 1040//1034 1028//1022
f 846//840 1040//1034 999//993 849//843
f 1021//1015 1019//1013 1041//1035 1042//1036
f 1037//1031 1041//1035 1019//1013 1020//1014
f 1038//1032 1043//1037 1041//1035 1037//1031
f 1044//1038 1042//1036 1041//1035 1043//1037
f 1033//1027 1045//1039 1046//1040 1047//1041
f 872//866 1046//1040 1045//1039 869//863
f 854//848 1048//1042 1046//1040 872//866
f 1047//1041 1046//1040 1048//1042 1030//1024
f 1049//1043 1026//1020 1025//1019 1050//1044
f 1038//1032 1034//1028 1049//1043 1050//1044
f 1047//1041 1049//1043 1034//1028 1033//1027
f 1030//1024 1026//1020 1049//1043 1047//1041
f 869//863 1045//1039 1051//1045 878//872
f 1036//1030 1051//1045 1045//1039 1033//1027
f 895//889 894//888 1051//1045 1036//1030
f 878//872 1051//1045 894//888 875//869
f 1052//1046 1043//1037 1038//1032 1050//1044
f 1039//1033 1052//1046 1050//1044 1025//1019
f 845//839 1053//1047 1052//1046 1039//1033
f 1043//1037 1052//1046 1053//1047 1044//1038
f 1054//1048 1055//1049 1056//1050 1057//1051
f 273//270 1056//1050 1055//1049 256//253
f 274//271 904//898 1056//1050 273//270
f 1057//1051 1056//1050 904//898 905//899
f 256//253 1055//1049 1058//1052 255//252
f 1059//1053 1058//1052 1055//1049 1054//1048
f 1060//1054 1061//1055 1058//1052 1059//1053
f 255//252 1058//1052 1061//1055 257//254
f 1054//1048 1062//1056 1063//1057 1059//1053
f 1064//1058 1063//1057 1062//1056 1065//1059
f 1066//1060 1067//1061 1063//1057 1064//1058
f 1059//1053 1063//1057 1067//1061 1060//1054
f 1068//1062 1069//1063 249//246 248//245
f 1070//1064 1071//1065 1069//1063 1068//1062
f 1072//1066 1069//1063 1071//1065 1073//1067
f 250//247 249//246 1069//1063 1072//1066
f 1074//1068 235//232 241//238
f 1075//1069 1076//1070 1077//1071
f 1078//1072 1079//1073 1074//1068 1077//1071
f 1079//1073 236//233 235//232
f 1080//1074 1081//1075 1082//1076 1083//1077
f 263//260 1082//1076 1081//1075 260//257
f 268//265 1084//1078 1082//1076 263//260
f 1083//1077 1082//1076 1084//1078 1085//1079
f 1086//1080 1087//1081 1088//1082 1089//1083
f 1090//1084 1088//1082 1087//1081 1091//1085
f 226//223 233//230 1088//1082 1090//1084
f 1089//1083 1088//1082 233//230 232//229
f 1092//1086 1093//1087 1094//1088 1095//1089
f 92//89 1094//1088 1093//1087 94//91
f 93//90 221//218 1094//1088 92//89
f 1095//1089 1094//1088 221//218 220//217
f 1091//1085 1096//1090 1097//1091 1090//1084
f 1095//1089 1097//1091 1096//1090 1092//1086
f 220//217 227//224 1097//1091 1095//1089
f 1090//1084 1097//1091 227//224 226//223
f 1098//1092 1099//1093 1100//1094 1101//1095
f 1102//1096 1100//1094 1099//1093 1103//1097
f 1092//1086 1096//1090 1100//1094 1102//1096
f 1101//1095 1100//1094 1096//1090 1091//1085
f 1104//1098 1105//1099 95//92 94//91
f 1104//1098 1106//1100 1107//1101
f 887//881 1105//1099 1107//1101 866//860
f 95//92 1105//1099 887//881 96//93
f 1103//1097 1108//1102 1109//1103 1102//1096
f 1104//1098 1109//1103 1108//1102 1106//1100
f 94//91 1093//1087 1109//1103 1104//1098
f 1102//1096 1109//1103 1093//1087 1092//1086
f 1110//1104 1111//1105 1112//1106 1113//1107
f 1111//1105 1114//1108 1115//1109
f 1112//1106 1115//1109 1116//1110
f 1117//1111 1118//1112 1113//1107
f 1119//1113 1120//1114 1121//1115 1122//1116
f 1113//1107 1121//1115 1120//1114 1110//1104
f 1118//1112 1123//1117 1121//1115 1113//1107
f 1122//1116 1121//1115 1123//1117 1124//1118
f 1125//1119 1126//1120 1127//1121 1128//1122
f 1129//1123 1130//1124 1126//1120 1125//1119
f 1131//1125 1126//1120 1130//1124 1132//1126
f 1133//1127 1127//1121 1126//1120 1131//1125
f 1134//1128 1135//1129 1136//1130 1137//1131
f 1138//1132 1136//1130 1135//1129 1139//1133
f 1140//1134 1141//1135 1136//1130 1138//1132
f 1137//1131 1136//1130 1141//1135 1142//1136
f 1065//1059 1143//1137 1144//1138 1064//1058
f 1145//1139 1144//1138 1143//1137 1146//1140
f 1144//1138 1145//1139 1147//1141
f 1064//1058 1144//1138 1148//1142 1066//1060
f 1149//1143 1150//1144 1151//1145
f 1152//1146 1153//1147 1151//1145 1154//1148
f 1153//1147 1152//1146 1155//1149
f 1149//1143 1153//1147 1156//1150 1157//1151
f 1158//1152 1145//1139 1146//1140
f 1159//1153 1160//1154 1158//1152 1161//1155
f 1158//1152 1160//1154 1162//1156
f 1158//1152 1163//1157 1147//1141 1145//1139
f 1164//1158 1160//1154 1159//1153
f 1164//1158 1165//1159 1154//1148
f 1150//1144 1166//1160 1164//1158 1151//1145
f 1166//1160 1162//1156 1160//1154
f 1167//1161 1057//1051 905//899
f 1168//1162 1167//1161 1169//1163 1170//1164
f 1065//1059 1062//1056 1167//1161 1168//1162
f 1057//1051 1167//1161 1062//1056 1054//1048
f 1168//1162 1170//1164 1171//1165
f 1146//1140 1143//1137 1172//1166 1171//1165
f 1065//1059 1168//1162 1172//1166 1143//1137
f 1173//1167 1174//1168 1175//1169
f 1176//1170 1159//1153 1161//1155
f 1161//1155 1146//1140 1171//1165
f 1173//1167 1171//1165 1170//1164
f 1159//1153 1176//1170 1177//1171 1165//1159
f 1176//1170 1175//1169 1178//1172
f 1179//1173 1180//1174 1177//1171 1178//1172
f 1180//1174 1154//1148 1165//1159
f 581//578 595//592 1181//1175 580//577
f 1182//1176 1181//1175 595//592 594//591
f 1183//1177 1184//1178 1181//1175 1182//1176
f 580//577 1181//1175 1184//1178 582//579
f 582//579 1184//1178 1185//1179 909//903
f 1184//1178 1183//1177 1186//1180
f 1170//1164 1169//1163 1185//1179 1186//1180
f 909//903 1185//1179 1169//1163 905//899
f 600//597 1187//1181 1188//1182 598//596
f 1189//1183 1188//1182 1187//1181 1190//1184
f 607//1185 605//1186 1188//1182 1189//1183
f 1186//1180 1191//1187 1174//1168 1170//1164
f 1183//1177 1192//1188 1191//1187 1186//1180
f 1193//1189 1191//1187 1192//1188 1194//1190
f 1174//1168 1191//1187 1193//1189 1175//1169
f 1195//1191 1190//1184 1196//1192
f 1197//1193 1198//1194 1199//1195 1196//1192
f 1195//1191 1199//1195 1198//1194 1194//1190
f 594//591 1200//1196 1201//1197 1182//1176
f 1195//1191 1201//1197 1200//1196 1190//1184
f 1194//1190 1192//1188 1201//1197 1195//1191
f 1182//1176 1201//1197 1192//1188 1183//1177
f 635//629 1202//1198 1203//1199 634//628
f 1202//1198 1190//1184 1200//1196
f 592//589 1203//1199 1200//1196 594//591
f 634//628 1203//1199 592//589 593//590
f 1189//1183 1204//1200 616//610 607//1185
f 1189//1183 1190//1184 1202//1198
f 1202//1198 635//629 642//636
f 617//611 616//610 1204//1200 642//636
f 1205//1201 1178//1172 1175//1169
f 1194//1190 1198//1194 1205//1201 1193//1189
f 1205//1201 1198//1194 1197//1193
f 1206//1202 1179//1173 1178//1172
f 1207//1203 1208//1204 1209//1205 1210//1206
f 1211//1207 1209//1205 1208//1204 1212//1208
f 1213//1209 1214//1210 1209//1205 1211//1207
f 1210//1206 1209//1205 1214//1210 1215//1211
f 1213//1209 1216//1212 1217//1213 1214//1210
f 1218//1214 1217//1213 1216//1212 1219//1215
f 1220//1216 1221//1217 1217//1213 1218//1214
f 1221//1217 1215//1211 1214//1210
f 1211//1207 1222//1218 1216//1212 1213//1209
f 1223//1219 1222//1218 1211//1207 1212//1208
f 1224//1220 1225//1221 1222//1218 1223//1219
f 1216//1212 1222//1218 1225//1221 1219//1215
f 1226//1222 1227//1223 1228//1224 1229//1225
f 1230//1226 1231//1227 1227//1223 1226//1222
f 1223//1219 1227//1223 1231//1227 1224//1220
f 1212//1208 1228//1224 1227//1223 1223//1219
f 1219//1215 1225//1221 1232//1228 1233//1229
f 1234//1230 1232//1228 1225//1221 1224//1220
f 1235//1231 1236//1232 1232//1228 1234//1230
f 1233//1229 1232//1228 1236//1232 1237//1233
f 1230//1226 1238//1234 1239//1235 1231//1227
f 1240//1236 1239//1235 1238//1234 1241//1237
f 1239//1235 1240//1236 1235//1231 1234//1230
f 1224//1220 1231//1227 1239//1235 1234//1230
f 1242//1238 1243//1239 1240//1236 1241//1237
f 1244//1240 1245//1241 1243//1239 1242//1238
f 1246//1242 1243//1239 1245//1241 1247//1243
f 1235//1231 1240//1236 1243//1239 1246//1242
f 1248//1244 1249//1245 1250//1246 1251//1247
f 1252//1248 1253//1249 1250//1246 1249//1245
f 1123//1117 1250//1246 1253//1249 1124//1118
f 1251//1247 1250//1246 1123//1117 1118//1112
f 1254//1250 1255//1251 1256//1252 1257//1253
f 1258//1254 1256//1252 1255//1251 1259//1255
f 1103//1097 1099//1093 1256//1252 1258//1254
f 1257//1253 1256//1252 1099//1093 1098//1092
f 1260//1256 1258//1254 1259//1255
f 1108//1102 1260//1256 1261//1257 1106//1100
f 1258//1254 1260//1256 1108//1102 1103//1097
f 1116//1110 1262//1258 1263//1259 1117//1111
f 1262//1258 1264//1260 1265//1261
f 1248//1244 1251//1247 1263//1259
f 1118//1112 1117//1111 1263//1259 1251//1247
f 1266//1262 1267//1263 1268//1264
f 1269//1265 1266//1262 1270//1266 1271//1267
f 1266//1262 1269//1265 1264//1260
f 1262//1258 1116//1110 1267//1263
f 1272//1268 1265//1261 1264//1260
f 1273//1269 1272//1268 1274//1270 1275//1271
f 1276//1272 1277//1273 1272//1268 1273//1269
f 1265//1261 1272//1268 1277//1273 1248//1244
f 1275//1271 1278//1274 1279//1275
f 1278//1274 1271//1267 1280//1276
f 1280//1276 1106//1100 1261//1257
f 1261//1257 1259//1255 1281//1277
f 1106//1100 1280//1276 1282//1278 1107//1101
f 1280//1276 1271//1267 1283//1279
f 867//861 865//859 1282//1278 1283//1279
f 865//859 866//860 1107//1101
f 1275//1271 1274//1270 1284//1280 1278//1274
f 1264//1260 1269//1265 1284//1280 1274//1270
f 1278//1274 1284//1280 1269//1265 1271//1267
f 860//854 868//862 1285//1281 1286//1282
f 1283//1279 1285//1281 868//862 867//861
f 1271//1267 1270//1266 1285//1281 1283//1279
f 1286//1282 1285//1281 1270//1266 1268//1264
f 1287//1283 1288//1284 1276//1272
f 1287//1283 1273//1269 1275//1271 1281//1277
f 1259//1255 1255//1251 1287//1283 1281//1277
f 1255//1251 1254//1250 1288//1284
f 862//856 1289//1285 1290//1286 857//851
f 1029//1023 1290//1286 1289//1285 1032//1026
f 1030//1024 1048//1042 1290//1286 1029//1023
f 857//851 1290//1286 1048//1042 854//848
f 1003//997 1031//1025 1291//1287 1002//996
f 1032//1026 1292//1288 1291//1287 1031//1025
f 1293//1289 1291//1287 1292//1288 1294//1290
f 1002//996 1291//1287 1293//1289 1004//998
f 1295//1291 1286//1282 1268//1264
f 1296//1292 1295//1291 1297//1293 1298//1294
f 862//856 861//855 1295//1291 1296//1292
f 1286//1282 1295//1291 861//855 860//854
f 1116//1110 1115//1109 1299//1295 1267//1263
f 1300//1296 1299//1295 1115//1109 1114//1108
f 1298//1294 1297//1293 1299//1295 1300//1296
f 1297//1293 1268//1264 1267//1263
f 1301//1297 1302//1298 1303//1299 1304//1300
f 1032//1026 1289//1285 1302//1298 1301//1297
f 1296//1292 1302//1298 1289//1285 862//856
f 1298//1294 1303//1299 1302//1298
f 1294//1290 1292//1288 1305//1301 1306//1302
f 1301//1297 1305//1301 1292//1288 1032//1026
f 1304//1300 1306//1302 1305//1301 1301//1297
f 1300//1296 1307//1303 1308//1304 1298//1294
f 1114//1108 1309//1305 1307//1303 1300//1296
f 1310//1306 1308//1304 1307//1303 1309//1305
f 1294//1290 1311//1307 1312//1308 1293//1289
f 1313//1309 1314//1310 1312//1308 1311//1307
f 1315//1311 1312//1308 1314//1310 1316//1312
f 1004//998 1293//1289 1312//1308 1315//1311
f 1317//1313 1318//1314 1306//1302 1304//1300
f 1318//1314 1317//1313 1319//1315
f 1311//1307 1318//1314 1320//1316 1313//1309
f 1306//1302 1318//1314 1311//1307 1294//1290
f 1310//1306 1321//1317 1322//1318 1308//1304
f 1317//1313 1322//1318 1321//1317 1319//1315
f 1304//1300 1303//1299 1322//1318 1317//1313
f 1308//1304 1322//1318 1303//1299 1298//1294
f 1314//1310 1313//1309 1323//1319
f 1324//1320 1325//1321 1326//1322 1323//1319
f 1327//1323 1326//1322 1325//1321 1328//1324
f 1316//1312 1314//1310 1326//1322 1327//1323
f 1329//1325 1330//1326 1111//1105 1110//1104
f 1330//1326 1329//1325 1331//1327 1332//1328
f 1310//1306 1309//1305 1330//1326 1332//1328
f 1111//1105 1330//1326 1309//1305 1114//1108
f 1331//1327 1333//1329 1334//1330 1332//1328
f 1335//1331 1334//1330 1333//1329 1336//1332
f 1334//1330 1335//1331 1319//1315
f 1332//1328 1334//1330 1321//1317 1310//1306
f 1336//1332 1337//1333 1338//1334 1335//1331
f 1323//1319 1338//1334 1337//1333 1324//1320
f 1313//1309 1320//1316 1338//1334 1323//1319
f 1320//1316 1319//1315 1335//1331
f 1339//1335 1340//1336 1341//1337 1342//1338
f 1343//1339 1341//1337 1340//1336 1344//1340
f 1328//1324 1325//1321 1341//1337 1343//1339
f 1325//1321 1324//1320 1342//1338
f 1110//1104 1120//1114 1345//1341 1329//1325
f 1346//1342 1345//1341 1120//1114 1119//1113
f 1347//1343 1345//1341 1346//1342 1348//1344
f 1329//1325 1345//1341 1347//1343 1331//1327
f 1348//1344 1349//1345 1350//1346 1347//1343
f 1351//1347 1350//1346 1349//1345 1352//1348
f 1336//1332 1333//1329 1350//1346 1351//1347
f 1347//1343 1350//1346 1333//1329 1331//1327
f 1352//1348 1353//1349 1354//1350 1351//1347
f 1342//1338 1354//1350 1353//1349 1339//1335
f 1324//1320 1337//1333 1354//1350 1342//1338
f 1351//1347 1354//1350 1337//1333 1336//1332
f 1355//1351 1356//1352 1357//1353 1358//1354
f 1359//1355 1357//1353 1356//1352 1360//1356
f 1361//1357 1362//1358 1357//1353 1359//1355
f 1358//1354 1357//1353 1362//1358 1363//1359
f 1364//1360 1356//1352 1355//1351
f 1365//1361 1364//1360 1366//1362 1367//1363
f 1368//1364 1369//1365 1364//1360 1365//1361
f 1356//1352 1364//1360 1369//1365 1360//1356
f 1370//1366 1371//1367 1372//1368 1373//1369
f 1373//1369 1374//1370 1375//1371
f 1376//1372 1377//1373 1370//1366 1375//1371
f 1370//1366 1377//1373 1378//1374 1371//1367
f 1374//1370 1379//1375 1380//1376 1375//1371
f 1381//1377 1380//1376 1379//1375 1382//1378
f 1383//1379 1384//1380 1380//1376 1381//1377
f 1375//1371 1380//1376 1384//1380 1376//1372
f 1157//1151 1156//1150 1385//1381 1386//1382
f 1387//1383 1385//1381 1156//1150 1155//1149
f 1388//1384 1389//1385 1385//1381 1387//1383
f 1386//1382 1385//1381 1389//1385 1390//1386
f 1391//1387 1392//1388 1393//1389 1394//1390
f 1392//1388 1395//1391 1396//1392
f 1382//1378 1379//1375 1393//1389 1396//1392
f 1379//1375 1374//1370 1394//1390
f 1395//1391 1392//1388 1397//1393 1398//1394
f 1399//1395 1397//1393 1392//1388 1391//1387
f 1390//1386 1389//1385 1397//1393 1399//1395
f 1398//1394 1397//1393 1389//1385 1388//1384
f 1400//1396 1401//1397 1402//1398 1403//1399
f 1404//1400 1402//1398 1401//1397 1405//1401
f 1406//1402 1407//1403 1402//1398 1404//1400
f 1403//1399 1402//1398 1407//1403 1408//1404
f 1409//1405 1410//1406 1411//1407 1412//1408
f 1152//1146 1411//1407 1410//1406 1155//1149
f 1411//1407 1152//1146 1154//1148
f 1412//1408 1411//1407 1180//1174 1179//1173
f 1413//1409 1414//1410 1410//1406 1409//1405
f 1387//1383 1414//1410 1413//1409 1388//1384
f 1414//1410 1387//1383 1155//1149
f 1382//1378 1415//1411 1416//1412 1381//1377
f 1403//1399 1416//1412 1415//1411 1400//1396
f 1408//1404 1417//1413 1416//1412 1403//1399
f 1381//1377 1416//1412 1417//1413 1383//1379
f 1179//1173 1206//1202 1418//1414 1412//1408
f 1206//1202 1197//1193 1419//1415
f 1420//1416 1421//1417 1418//1414 1419//1415
f 1421//1417 1409//1405 1412//1408
f 1422//1418 1423//1419 1424//1420
f 1422//1418 1425//1421 1409//1405
f 1423//1419 1422//1418 1421//1417 1420//1416
f 1405//1401 1426//1422 1427//1423
f 1420//1416 1428//1424 1427//1423
f 599//594 1427//1423 1428//1424 600//597
f 599//594 540//537 1429//1425
f 1430//1426 1424//1420 1423//1419
f 1426//1422 1431//1427 1423//1419 1420//1416
f 1431//1427 1426//1422 1405//1401
f 1430//1426 1431//1427 1401//1397 1400//1396
f 600//597 1428//1424 1432//1428 1187//1181
f 1419//1415 1432//1428 1428//1424 1420//1416
f 1197//1193 1196//1192 1432//1428 1419//1415
f 1187//1181 1432//1428 1196//1192 1190//1184
f 1395//1391 1433//1429 1434//1430 1396//1392
f 1430//1426 1434//1430 1433//1429 1424//1420
f 1434//1430 1430//1426 1400//1396
f 1396//1392 1434//1430 1415//1411 1382//1378
f 1413//1409 1409//1405 1425//1421
f 1433//1429 1435//1431 1425//1421 1424//1420
f 1433//1429 1395//1391 1398//1394
f 1435//1431 1398//1394 1388//1384
f 1436//1432 1437//1433 1438//1434 1439//1435
f 1417//1413 1438//1434 1437//1433 1383//1379
f 1408//1404 1407//1403 1438//1434 1417//1413
f 1407//1403 1406//1402 1439//1435
f 1440//1436 1441//1437 1437//1433 1436//1432
f 1442//1438 1441//1437 1440//1436 1443//1439
f 1441//1437 1442//1438 1376//1372
f 1437//1433 1441//1437 1384//1380 1383//1379
f 1444//1440 1445//1441 1446//1442 1447//1443
f 1448//1444 1446//1442 1445//1441 1449//1445
f 1446//1442 1448//1444 1443//1439
f 1447//1443 1446//1442 1440//1436 1436//1432
f 1442//1438 1450//1446 1377//1373 1376//1372
f 1443//1439 1451//1447 1450//1446 1442//1438
f 1452//1448 1453//1449 1450//1446 1451//1447
f 1378//1374 1377//1373 1450//1446
f 1448//1444 1454//1450 1451//1447 1443//1439
f 1454//1450 1448//1444 1449//1445 1455//1451
f 1456//1452 1457//1453 1454//1450 1455//1451
f 1451//1447 1454//1450 1457//1453 1452//1448
f 1458//1454 1459//1455 1460//1456 1461//1457
f 1462//1458 1460//1456 1459//1455 1463//1459
f 1464//1460 1465//1461 1460//1456 1462//1458
f 1461//1457 1460//1456 1465//1461 1466//1462
f 1467//1463 1468//1464 1469//1465 1470//1466
f 1471//1467 1469//1465 1468//1464 1472//1468
f 1363//1359 1362//1358 1469//1465 1471//1467
f 1470//1466 1469//1465 1362//1358 1361//1357
f 1473//1469 1474//1470 1475//1471 1476//1472
f 1343//1339 1475//1471 1474//1470 1328//1324
f 1344//1340 1477//1473 1475//1471 1343//1339
f 1476//1472 1475//1471 1477//1473 1478//1474
f 1316//1312 1479//1475 1480//1476 1315//1311
f 1481//1477 1480//1476 1479//1475 1482//1478
f 1006//1000 1005//999 1480//1476 1481//1477
f 1315//1311 1480//1476 1005//999 1004//998
f 1482//1478 1479//1475 1483//1479 1484//1480
f 1327//1323 1483//1479 1479//1475 1316//1312
f 1328//1324 1474//1470 1483//1479 1327//1323
f 1484//1480 1483//1479 1474//1470 1473//1469
f 1482//1478 1485//1481 1486//1482 1481//1477
f 1485//1481 1487//1483 1488//1484
f 1486//1482 1488//1484 1489//1485
f 1481//1477 1486//1482 1490//1486 1006//1000
f 1006//1000 1490//1486 1491//1487 1001//995
f 1492//1488 1491//1487 1490//1486 1489//1485
f 851//845 850//844 1491//1487 1492//1488
f 1001//995 1491//1487 850//844 849//843
f 1493//1489 1494//1490 1487//1483
f 1484//1480 1493//1489 1485//1481 1482//1478
f 1473//1469 1495//1491 1493//1489 1484//1480
f 1496//1492 1494//1490 1493//1489
f 1488//1484 1497//1493 1498//1494 1489//1485
f 1487//1483 1499//1495 1497//1493 1488//1484
f 1500//1496 1498//1494 1497//1493 1499//1495
f 1436//1432 1501//1497 1502//1498 1447//1443
f 1503//1499 1502//1498 1501//1497 1504//1500
f 1505//1501 1506//1502 1502//1498 1503//1499
f 1447//1443 1502//1498 1506//1502 1444//1440
f 1507//1503 1508//1504 1509//1505 1510//1506
f 1511//1507 1509//1505 1508//1504 1504//1500
f 1510//1506 1509//1505 1511//1507 1512//1508
f 1513//1509 1439//1435 1406//1402
f 1514//1510 1512//1508 1511//1507
f 1504//1500 1501//1497 1513//1509 1511//1507
f 1501//1497 1436//1432 1439//1435
f 1515//1511 1516//1512 1517//1513 1518//1514
f 1519//1515 1520//1516 1516//1512 1515//1511
f 1521//1517 1522//1518 1516//1512 1520//1516
f 1517//1513 1516//1512 1522//1518 1523//1519
f 1524//1520 1525//1521 1526//1522
f 1527//1523 1528//1524 1524//1520 1529//1525
f 1530//1526 1524//1520 1528//1524 1531//1527
f 1525//1521 1524//1520 1530//1526 1532//1528
f 1533//1529 1534//1530 1535//1531 1536//1532
f 1537//1533 1538//1534 1535//1531 1534//1530
f 1535//1531 1538//1534 1526//1522 1525//1521
f 1532//1528 1536//1532 1535//1531 1525//1521
f 1539//1535 1540//1536 1538//1534 1537//1533
f 1541//1537 1542//1538 1540//1536 1539//1535
f 1527//1523 1529//1525 1540//1536 1542//1538
f 1526//1522 1538//1534 1540//1536 1529//1525
f 1543//1539 1544//1540 1522//1518 1521//1517
f 1544//1540 1543//1539 1537//1533 1534//1530
f 1545//1541 1544//1540 1534//1530 1533//1529
f 1523//1519 1522//1518 1544//1540 1545//1541
f 1546//1542 1520//1516 1519//1515
f 1547//1543 1541//1537 1539//1535
f 1537//1533 1543//1539 1546//1542 1539//1535
f 1520//1516 1546//1542 1543//1539 1521//1517
f 1518//1514 1548//1544 1549//1545 1515//1511
f 1550//1546 1549//1545 1548//1544 1551//1547
f 1541//1537 1547//1543 1549//1545 1550//1546
f 1515//1511 1549//1545 1547//1543 1519//1515
f 1531//1527 1528//1524 1552//1548 1553//1549
f 1542//1538 1552//1548 1528//1524 1527//1523
f 1541//1537 1550//1546 1552//1548 1542//1538
f 1553//1549 1552//1548 1550//1546 1551//1547
f 1554//1550 1555//1551 1556//1552 1557//1553
f 1558//1554 1556//1552 1555//1551 1559//1555
f 1560//1556 1561//1557 1556//1552 1558//1554
f 1557//1553 1556//1552 1561//1557 1562//1558
f 1554//1550 1563//1559 1564//1560 1555//1551
f 1565//1561 1564//1560 1563//1559 1566//1562
f 1567//1563 1568//1564 1564//1560 1565//1561
f 1555//1551 1564//1560 1568//1564 1559//1555
f 1569//1565 1570//1566 1571//1567 1572//1568
f 1557//1553 1571//1567 1570//1566 1554//1550
f 1562//1558 1573//1569 1571//1567 1557//1553
f 1572//1568 1571//1567 1573//1569 1574//1570
f 1569//1565 1575//1571 1576//1572 1570//1566
f 1577//1573 1576//1572 1575//1571 1578//1574
f 1566//1562 1563//1559 1576//1572 1577//1573
f 1570//1566 1576//1572 1563//1559 1554//1550
f 1512//1508 1579//1575 1580//1576 1510//1506
f 1581//1577 1580//1576 1579//1575 1582//1578
f 1574//1570 1583//1579 1580//1576 1581//1577
f 1510//1506 1580//1576 1583//1579 1507//1503
f 1584//1580 1578//1574 1585//1581
f 1586//1582 1587//1583 1585//1581 1588//1584
f 1586//1582 837//831 844//838
f 1584//1580 1587//1583 844//838 843//837
f 1589//1585 838//832 837//831
f 1586//1582 1588//1584 1590//1586
f 531//528 829//823 1589//1585 1590//1586
f 838//832 1589//1585 829//823 822//816
f 1591//1587 1592//1588 1582//1578
f 1593//1589 1405//1401 1429//1425
f 1591//1587 1429//1425 540//537
f 539//536 545//542 1592//1588
f 1579//1575 1594//1590 1593//1589 1582//1578
f 1514//1510 1594//1590 1579//1575 1512//1508
f 1404//1400 1594//1590 1514//1510 1406//1402
f 1404//1400 1405//1401 1593//1589
f 531//528 1590//1586 1595//1591 530//527
f 1596//1592 1595//1591 1590//1586 1588//1584
f 1596//1592 1597//1593 1598//1594
f 1598//1594 527//524 530//527
f 1599//1595 1572//1568 1574//1570
f 1581//1577 1582//1578 1600//1596
f 1601//1597 1602//1598 1599//1595 1600//1596
f 1602//1598 1569//1565 1572//1568
f 518//515 1603//1599 1604//1600 537//534
f 1605//1601 1604//1600 1603//1599 1597//1593
f 544//541 1604//1600 1605//1601 545//542
f 537//534 1604//1600 544//541 534//531
f 1606//1602 514//511 513//510
f 526//523 527//524 1598//1594
f 1603//1599 1606//1602 1598//1594 1597//1593
f 1603//1599 518//515 514//511
f 1596//1592 1607//1603 1608//1604 1597//1593
f 1607//1603 1596//1592 1588//1584
f 1601//1597 1608//1604 1607//1603 1609//1605
f 545//542 1605//1601 1610//1606 1592//1588
f 1608//1604 1610//1606 1605//1601 1597//1593
f 1608//1604 1601//1597 1600//1596
f 1592//1588 1610//1606 1600//1596 1582//1578
f 1569//1565 1602//1598 1611//1607 1575//1571
f 1609//1605 1611//1607 1602//1598 1601//1597
f 1588//1584 1585//1581 1611//1607 1609//1605
f 1575//1571 1611//1607 1585//1581 1578//1574
f 843//837 842//836 1612//1608 1584//1580
f 1612//1608 842//836 841//835
f 1613//1609 1612//1608 1614//1610 1615//1611
f 1613//1609 1578//1574 1584//1580
f 1616//1612 1617//1613 1618//1614 1619//1615
f 1616//1612 1620//1616 1621//1617
f 1617//1613 1621//1617 851//845
f 1618//1614 1617//1613 1492//1488 1489//1485
f 1616//1612 1622//1618 1623//1619 1620//1616
f 1619//1615 1624//1620 1622//1618 1616//1612
f 1622//1618 1624//1620 1625//1621
f 1626//1622 1627//1623 1620//1616
f 1628//1624 1626//1622 1623//1619 1625//1621
f 1626//1622 1628//1624 1615//1611
f 1627//1623 1626//1622 1614//1610 841//835
f 1629//1625 1630//1626 1631//1627
f 1619//1615 1618//1614 1631//1627
f 1631//1627 1618//1614 1489//1485
f 1632//1628 1631//1627 1498//1494 1500//1496
f 1615//1611 1633//1629 1634//1630 1613//1609
f 1635//1631 1634//1630 1633//1629 1636//1632
f 1566//1562 1577//1573 1634//1630 1635//1631
f 1613//1609 1634//1630 1577//1573 1578//1574
f 1625//1621 1637//1633 1638//1634 1628//1624
f 1639//1635 1638//1634 1637//1633 1640//1636
f 1636//1632 1633//1629 1638//1634 1639//1635
f 1628//1624 1638//1634 1633//1629 1615//1611
f 1629//1625 1641//1637 1642//1638 1630//1626
f 1637//1633 1642//1638 1641//1637 1640//1636
f 1624//1620 1642//1638 1637//1633 1625//1621
f 1619//1615 1630//1626 1642//1638 1624//1620
f 1636//1632 1643//1639 1644//1640 1635//1631
f 1645//1641 1644//1640 1643//1639 1646//1642
f 1567//1563 1565//1561 1644//1640 1645//1641
f 1635//1631 1644//1640 1565//1561 1566//1562
f 1647//1643 1648//1644 1649//1645 1650//1646
f 1651//1647 1649//1645 1648//1644 1652//1648
f 1640//1636 1641//1637 1649//1645 1651//1647
f 1650//1646 1649//1645 1641//1637 1629//1625
f 1651//1647 1653//1649 1639//1635 1640//1636
f 1652//1648 1654//1650 1653//1649 1651//1647
f 1646//1642 1643//1639 1653//1649 1654//1650
f 1639//1635 1653//1649 1643//1639 1636//1632
f 1646//1642 1655//1651 1656//1652 1645//1641
f 1657//1653 1658//1654 1656//1652 1655//1651
f 1659//1655 1660//1656 1656//1652 1658//1654
f 1645//1641 1656//1652 1660//1656 1567//1563
f 1661//1657 1662//1658 1663//1659 1664//1660
f 1665//1661 1663//1659 1662//1658 1666//1662
f 1652//1648 1648//1644 1663//1659 1665//1661
f 1664//1660 1663//1659 1648//1644 1647//1643
f 1666//1662 1667//1663 1668//1664 1665//1661
f 1655//1651 1668//1664 1667//1663 1657//1653
f 1646//1642 1654//1650 1668//1664 1655//1651
f 1665//1661 1668//1664 1654//1650 1652//1648
f 1669//1665 1670//1666 1671//1667 1672//1668
f 1673//1669 1671//1667 1670//1666 1674//1670
f 1675//1671 1676//1672 1671//1667 1673//1669
f 1672//1668 1671//1667 1676//1672 1677//1673
f 1678//1674 1679//1675 1680//1676 1681//1677
f 1682//1678 1683//1679 1679//1675 1678//1674
f 1672//1668 1679//1675 1683//1679 1669//1665
f 1677//1673 1680//1676 1679//1675 1672//1668
f 1684//1680 1685//1681 1686//1682 1687//1683
f 1678//1674 1686//1682 1685//1681 1682//1678
f 1681//1677 1688//1684 1686//1682 1678//1674
f 1687//1683 1686//1682 1688//1684 1689//1685
f 1690//1686 1691//1687 1692//1688 1693//1689
f 178//175 1692//1688 1691//1687 182//179
f 177//174 1694//1690 1692//1688 178//175
f 1693//1689 1692//1688 1694//1690 1695//1691
f 1696//1692 1697//1693 187//184 186//183
f 1698//1694 1699//1695 1697//1693 1696//1692
f 1697//1693 1699//1695 1695//1691
f 187//184 1697//1693 1694//1690 177//174
f 186//183 197//194 1700//1696 1696//1692
f 1701//1697 1700//1696 197//194 196//193
f 1700//1696 1701//1697 1702//1698
f 1696//1692 1700//1696 1703//1699 1698//1694
f 1704//1700 1705//1701 1706//1702 1707//1703
f 1708//1704 1709//1705 1705//1701 1704//1700
f 1710//1706 1705//1701 1709//1705 1711//1707
f 1134//1128 1706//1702 1705//1701 1710//1706
f 282//279 1712//1708 1713//1709 281//278
f 1712//1708 1714//1710 1715//1711
f 143//140 142//139 1713//1709 1715//1711
f 281//278 1713//1709 142//139 147//144
f 141//138 1716//1712 1717//1713 136//133
f 1718//1714 1719//1715 1717//1713 1716//1712
f 149//146 1717//1713 1719//1715 150//147
f 136//133 1717//1713 149//146 133//130
f 1720//1716 1721//1717 1722//1718 1723//1719
f 1712//1708 1722//1718 1721//1717 1714//1710
f 282//279 334//331 1722//1718 1712//1708
f 1723//1719 1722//1718 334//331 335//332
f 1237//1233 1724//1720 1725//1721 1233//1229
f 1724//1720 1726//1722 1727//1723
f 1220//1216 1218//1214 1725//1721 1727//1723
f 1219//1215 1233//1229 1725//1721 1218//1214
f 1728//1724 1729//1725 1730//1726 1731//1727
f 1727//1723 1730//1726 1729//1725 1220//1216
f 1730//1726 1727//1723 1726//1722
f 1731//1727 1730//1726 1732//1728 1733//1729
f 1247//1243 1734//1730 1735//1731 1246//1242
f 1724//1720 1735//1731 1734//1730 1726//1722
f 1237//1233 1236//1232 1735//1731 1724//1720
f 1246//1242 1735//1731 1236//1232 1235//1231
f 1241//1237 1238//1234 1736//1732 1242//1238
f 1737//1733 1736//1732 1238//1234 1230//1226
f 1737//1733 1738//1734 1739//1735
f 1739//1735 1244//1240 1242//1238
f 1740//1736 1741//1737 1742//1738 1743//1739
f 1532//1528 1530//1526 1741//1737 1740//1736
f 1531//1527 1744//1740 1741//1737 1530//1526
f 1742//1738 1741//1737 1744//1740 1745//1741
f 1746//1742 1747//1743 1533//1529
f 1740//1736 1746//1742 1536//1532 1532//1528
f 1746//1742 1740//1736 1743//1739
f 1747//1743 1746//1742 1748//1744 1749//1745
f 1750//1746 1751//1747 1752//1748 1753//1749
f 1754//1750 1752//1748 1751//1747 1755//1751
f 1551//1547 1548//1544 1752//1748 1754//1750
f 1753//1749 1752//1748 1548//1544 1518//1514
f 1551//1547 1754//1750 1756//1752 1553//1549
f 1757//1753 1756//1752 1754//1750 1755//1751
f 1744//1740 1756//1752 1757//1753 1745//1741
f 1553//1549 1756//1752 1744//1740 1531//1527
f 1758//1754 1759//1755 1208//1204 1207//1203
f 1760//1756 1759//1755 1758//1754 1761//1757
f 1229//1225 1228//1224 1759//1755 1760//1756
f 1208//1204 1759//1755 1228//1224 1212//1208
f 1229//1225 1760//1756 1762//1758 1226//1222
f 1763//1759 1762//1758 1760//1756 1761//1757
f 1762//1758 1763//1759 1738//1734
f 1226//1222 1762//1758 1737//1733 1230//1226
f 1132//1126 1130//1124 1764//1760 1765//1761
f 1766//1762 1764//1760 1130//1124 1129//1123
f 1767//1763 1768//1764 1764//1760 1766//1762
f 1765//1761 1764//1760 1768//1764 1769//1765
f 1769//1765 1768//1764 1770//1766 1771//1767
f 1772//1768 1770//1766 1768//1764 1767//1763
f 1770//1766 1772//1768 1368//1364 1365//1361
f 1770//1766 1365//1361 1367//1363 1771//1767
f 1773//1769 1774//1770 1775//1771 1776//1772
f 1777//1773 1775//1771 1774//1770 1778//1774
f 1779//1775 1780//1776 1775//1771 1777//1773
f 1776//1772 1775//1771 1780//1776 1781//1777
f 1782//1778 1783//1779 1784//1780 1785//1781
f 1786//1782 1782//1778 1785//1781 1787//1783
f 162//159 165//162 1782//1778 1786//1782
f 1783//1779 1782//1778 165//162 170//167
f 1788//1784 1789//1785 1790//1786 1791//1787
f 1792//1788 1793//1789 1789//1785 1788//1784
f 1794//1790 1795//1791 1789//1785 1793//1789
f 1796//1792 1790//1786 1789//1785 1795//1791
f 1794//1790 1793//1789 1797//1793 1798//1794
f 1799//1795 1797//1793 1793//1789 1792//1788
f 150//147 1719//1715 1797//1793 1799//1795
f 1798//1794 1797//1793 1719//1715 1718//1714
f 1800//1796 1799//1795 1792//1788
f 1801//1797 1800//1796 1802//1798 1803//1799
f 1800//1796 1801//1797 153//150
f 1799//1795 1800//1796 152//149 150//147
f 1804//1800 1788//1784 1791//1787
f 1805//1801 1806//1802 1807//1803
f 1803//1799 1802//1798 1804//1800 1807//1803
f 1788//1784 1804//1800 1802//1798 1792//1788
f 1808//1804 1809//1805 1810//1806 1811//1807
f 1812//1808 1810//1806 1809//1805 1813//1809
f 182//179 1691//1687 1810//1806 1812//1808
f 1811//1807 1810//1806 1691//1687 1690//1686
f 1813//1809 1809//1805 1814//1810 1815//1811
f 1816//1812 1814//1810 1809//1805 1808//1804
f 1778//1774 1774//1770 1814//1810 1816//1812
f 1815//1811 1814//1810 1774//1770 1773//1769
f 1733//1729 1817//1813 1818//1814 1731//1727
f 1817//1813 1819//1815 1820//1816
f 1078//1072 1821//1817 1818//1814 1820//1816
f 1731//1727 1818//1814 1821//1817 1728//1724
f 1073//1067 1822//1818 1823//1819 1072//1066
f 1824//1820 1823//1819 1822//1818 1825//1821
f 1826//1822 1827//1823 1823//1819 1824//1820
f 1072//1066 1823//1819 1827//1823 250//247
f 1711//1707 1709//1705 1828//1824 1829//1825
f 1830//1826 1828//1824 1709//1705 1708//1704
f 1825//1821 1822//1818 1828//1824 1830//1826
f 1829//1825 1828//1824 1822//1818 1073//1067
f 1831//1827 1820//1816 1819//1815
f 1832//1828 1831//1827 1833//1829 1834//1830
f 236//233 1079//1073 1831//1827 1832//1828
f 1079//1073 1078//1072 1820//1816
f 1835//1831 1836//1832 1837//1833
f 1723//1719 1835//1831 1838//1834 1720//1716
f 335//332 338//335 1835//1831 1723//1719
f 1836//1832 1835//1831 338//335 237//234
f 1839//1835 1832//1828 1834//1830
f 1836//1832 1839//1835 1840//1836 1837//1833
f 237//234 1841//1837 1839//1835 1836//1832
f 1832//1828 1839//1835 1841//1837 236//233
f 1842//1838 1843//1839 1844//1840 1845//1841
f 245//242 1844//1840 1843//1839 242//239
f 250//247 1827//1823 1844//1840 245//242
f 1845//1841 1844//1840 1827//1823 1826//1822
f 1846//1842 1847//1843 1848//1844 1849//1845
f 1850//1846 1848//1844 1847//1843 1851//1847
f 1128//1122 1127//1121 1848//1844 1850//1846
f 1127//1121 1133//1127 1849//1845
f 138//135 1852//1848 1853//1849 146//143
f 1854//1850 1853//1849 1852//1848 1855//1851
f 278//275 1853//1849 1854//1850 275//272
f 147//144 146//143 1853//1849 278//275
f 133//130 155//152 1856//1852 134//131
f 1857//1853 1856//1852 155//152 154//151
f 1856//1852 1857//1853 1855//1851 1852//1848
f 134//131 1856//1852 1852//1848 138//135
f 1714//1710 1858//1854 1859//1855 1715//1711
f 1860//1856 1859//1855 1858//1854 1861//1857
f 139//136 144//141 1859//1855 1860//1856
f 1715//1711 1859//1855 144//141 143//140
f 1861//1857 1862//1858 1863//1859 1860//1856
f 1716//1712 1863//1859 1862//1858 1718//1714
f 140//137 1863//1859 1716//1712 141//138
f 1860//1856 1863//1859 140//137 139//136
f 1864//1860 1865//1861 1866//1862 1867//1863
f 345//342 1866//1862 1865//1861 343//340
f 242//239 1843//1839 1866//1862 345//342
f 1867//1863 1866//1862 1843//1839 1842//1838
f 343//340 1865//1861 1868//1864 344//341
f 1869//1865 1868//1864 1865//1861 1864//1860
f 1868//1864 1869//1865 1702//1698 1701//1697
f 196//193 344//341 1868//1864 1701//1697
f 265//262 1870//1866 1871//1867 264//261
f 1872//1868 1873//1869 1871//1867 1870//1866
f 1874//1870 1875//1871 1871//1867 1873//1869
f 264//261 1871//1867 1875//1871 266//263
f 288//285 285//282 1876//1872 1877//1873
f 1876//1872 285//282 286//283 1878//1874
f 1874//1870 1873//1869 1876//1872 1878//1874
f 1877//1873 1876//1872 1873//1869 1872//1868
f 1523//1519 1879//1875 1880//1876 1517//1513
f 1881//1877 1880//1876 1879//1875 1882//1878
f 1881//1877 1750//1746 1753//1749
f 1518//1514 1517//1513 1880//1876 1753//1749
f 1883//1879 1884//1880 1882//1878
f 1545//1541 1883//1879 1879//1875 1523//1519
f 1533//1529 1747//1743 1883//1879 1545//1541
f 1747//1743 1749//1745 1884//1880
f 1885//1881 1886//1882 1887//1883 1888//1884
f 1889//1885 1887//1883 1886//1882 1890//1886
f 1891//1887 1892//1888 1887//1883 1889//1885
f 1888//1884 1887//1883 1892//1888 1893//1889
f 1458//1454 1461//1457 1894//1890 1895//1891
f 1896//1892 1894//1890 1461//1457 1466//1462
f 1890//1886 1886//1882 1894//1890 1896//1892
f 1895//1891 1894//1890 1886//1882 1885//1881
f 1897//1893 1898//1894 1899//1895 1900//1896
f 1901//1897 1899//1895 1898//1894 1902//1898
f 1903//1899 1904//1900 1899//1895 1901//1897
f 1900//1896 1899//1895 1904//1900 1905//1901
f 1906//1902 1907//1903 1908//1904 1909//1905
f 1901//1897 1908//1904 1907//1903 1903//1899
f 1902//1898 1910//1906 1908//1904 1901//1897
f 1909//1905 1908//1904 1910//1906 1911//1907
f 1728//1724 1912//1908 1913//1909 1729//1725
f 1914//1910 1913//1909 1912//1908 1915//1911
f 1215//1211 1221//1217 1913//1909 1914//1910
f 1729//1725 1913//1909 1221//1217 1220//1216
f 1076//1070 1916//1912 1917//1913 1077//1071
f 1915//1911 1912//1908 1917//1913 1916//1912
f 1917//1913 1912//1908 1728//1724 1821//1817
f 1077//1071 1917//1913 1821//1817 1078//1072
f 1085//1079 1918//1914 1919//1915 1083//1077
f 1920//1916 1919//1915 1918//1914 1921//1917
f 1922//1918 1923//1919 1919//1915 1920//1916
f 1083//1077 1919//1915 1923//1919 1080//1074
f 1924//1920 1925//1921 1926//1922 1927//1923
f 1920//1916 1926//1922 1925//1921 1922//1918
f 1921//1917 1928//1924 1926//1922 1920//1916
f 1929//1925 1927//1923 1926//1922 1928//1924
f 1930//1926 1931//1927 1932//1928
f 1933//1929 1930//1926 1934//1930 1935//1931
f 1936//1932 1937//1933 1930//1926 1933//1929
f 1937//1933 1938//1934 1931//1927
f 1935//1931 1934//1930 1939//1935 1940//1936
f 1934//1930 1932//1928 1941//1937
f 1763//1759 1939//1935 1941//1937 1738//1734
f 1763//1759 1761//1757 1940//1936
f 1905//1901 1942//1938 1943//1939 1900//1896
f 1944//1940 1943//1939 1942//1938 1945//1941
f 1142//1136 1946//1942 1943//1939 1944//1940
f 1900//1896 1943//1939 1946//1942 1897//1893
f 1947//1943 1137//1131 1142//1136
f 1948//1944 1947//1943 1944//1940 1945//1941
f 1947//1943 1948//1944 1707//1703
f 1137//1131 1947//1943 1706//1702 1134//1128
f 1949//1945 1950//1946 1951//1947 1952//1948
f 1953//1949 1951//1947 1950//1946 1954//1950
f 1851//1847 1847//1843 1951//1947 1953//1949
f 1952//1948 1951//1947 1847//1843 1846//1842
f 1954//1950 1950//1946 1955//1951 1956//1952
f 1950//1946 1949//1945 1957//1953
f 1924//1920 1927//1923 1955//1951 1957//1953
f 1956//1952 1955//1951 1927//1923 1929//1925
f 1937//1933 1936//1932 1958//1954
f 1959//1955 1960//1956 1958//1954 1961//1957
f 1960//1956 1959//1955 1962//1958 1963//1959
f 1960//1956 1963//1959 1938//1934
f 1964//1960 1962//1958 1959//1955
f 1965//1961 1959//1955 1961//1957 1966//1962
f 1751//1747 1965//1961 1966//1962 1755//1751
f 1964//1960 1965//1961 1751//1747 1750//1746
f 1911//1907 1967//1963 1968//1964 1909//1905
f 1969//1965 1970//1966 1968//1964 1967//1963
f 1971//1967 1968//1964 1970//1966 1972//1968
f 1909//1905 1968//1964 1971//1967 1906//1902
f 1972//1968 1970//1966 1973//1969 1974//1970
f 1975//1971 1973//1969 1970//1966 1969//1965
f 1893//1889 1892//1888 1973//1969 1975//1971
f 1892//1888 1891//1887 1974//1970
f 1976//1972 1977//1973 1978//1974
f 1979//1975 1980//1976 1981//1977
f 1749//1745 1748//1744 1976//1972 1981//1977
f 1977//1973 1976//1972 1748//1744 1743//1739
f 1982//1978 1983//1979 1984//1980 1985//1981
f 1986//1982 1984//1980 1983//1979 1987//1983
f 1472//1468 1468//1464 1984//1980 1986//1982
f 1985//1981 1984//1980 1468//1464 1467//1463
f 1988//1984 1989//1985 1990//1986 1991//1987
f 1992//1988 1990//1986 1989//1985 1993//1989
f 1994//1990 1995//1991 1990//1986 1992//1988
f 1991//1987 1990//1986 1995//1991 1996//1992
f 1993//1989 1989//1985 1997//1993 1998//1994
f 1999//1995 1997//1993 1989//1985 1988//1984
f 1675//1671 1673//1669 1997//1993 1999//1995
f 1998//1994 1997//1993 1673//1669 1674//1670
f 2000//1996 2001//1997 2002//1998 2003//1999
f 1693//1689 2002//1998 2001//1997 1690//1686
f 1695//1691 2004//2000 2002//1998 1693//1689
f 2003//1999 2002//1998 2004//2000 2005//2001
f 2006//2002 2007//2003 2008//2004
f 2009//2005 2010//2006 2011//2007
f 2006//2002 2011//2007 1698//1694
f 2007//2003 2006//2002 1703//1699 1702//1698
f 2012//2008 2013//2009 2014//2010 2015//2011
f 1824//1820 2014//2010 2013//2009 1826//1822
f 1825//1821 2016//2012 2014//2010 1824//1820
f 2015//2011 2014//2010 2016//2012 2017//2013
f 2018//2014 2019//2015 2020//2016 2021//2017
f 1948//1944 2020//2016 2019//2015 1707//1703
f 1945//1941 2022//2018 2020//2016 1948//1944
f 2021//2017 2020//2016 2022//2018 2023//2019
f 2024//2020 2025//2021 2026//2022 2027//2023
f 2028//2024 2026//2022 2025//2021 2029//2025
f 1714//1710 1721//1717 2026//2022 2028//2024
f 2027//2023 2026//2022 1721//1717 1720//1716
f 2030//2026 2031//2027 2032//2028 2033//2029
f 2034//2030 2032//2028 2031//2027 2035//2031
f 1726//1722 1734//1730 2032//2028 2034//2030
f 2033//2029 2032//2028 1734//1730 1247//1243
f 2036//2032 2037//2033 2038//2034 2039//2035
f 2040//2036 2038//2034 2037//2033 2041//2037
f 1834//1830 1833//1829 2038//2034 2040//2036
f 2039//2035 2038//2034 1833//1829 1819//1815
f 2042//2038 2043//2039 2044//2040 2045//2041
f 1742//1738 2043//2039 2042//2038 1743//1739
f 1745//1741 2046//2042 2043//2039 1742//1738
f 2044//2040 2043//2039 2046//2042 2047//2043
f 2048//2044 2049//2045 2050//2046
f 1758//1754 2048//2044 2051//2047 1761//1757
f 1207//1203 2052//2048 2048//2044 1758//1754
f 2049//2045 2048//2044 2052//2048 2023//2019
f 2053//2049 2054//2050 2055//2051 2056//2052
f 2054//2050 1906//1902 1971//1967
f 1972//1968 2057//2053 2055//2051 1971//1967
f 2056//2052 2055//2051 2057//2053 2058//2054
f 2059//2055 2060//2056 2061//2057 2062//2058
f 1777//1773 2061//2057 2060//2056 1779//1775
f 1778//1774 2063//2059 2061//2057 1777//1773
f 2062//2058 2061//2057 2063//2059 2064//2060
f 153//150 2065//2061 2066//2062 151//148
f 2067//2063 2066//2062 2065//2061 2068//2064
f 2000//1996 2069//2065 2066//2062 2067//2063
f 151//148 2066//2062 2069//2065 154//151
f 2003//1999 2070//2066 2069//2065 2000//1996
f 2005//2001 2071//2067 2070//2066 2003//1999
f 1855//1851 1857//1853 2070//2066 2071//2067
f 154//151 2069//2065 2070//2066 1857//1853
f 1690//1686 2001//1997 2072//2068 1811//1807
f 2067//2063 2072//2068 2001//1997 2000//1996
f 2068//2064 2073//2069 2072//2068 2067//2063
f 1811//1807 2072//2068 2073//2069 1808//1804
f 1855//1851 2071//2067 2074//2070 1854//1850
f 2075//2071 2074//2070 2071//2067 2005//2001
f 2076//2072 2074//2070 2075//2071 2010//2006
f 275//272 1854//1850 2074//2070 2076//2072
f 2010//2006 2009//2005 2077//2073 2076//2072
f 2078//2074 2077//2073 2009//2005 2008//2004
f 280//277 276//273 2077//2073 2078//2074
f 2076//2072 2077//2073 276//273 275//272
f 1699//1695 1698//1694 2011//2007
f 2010//2006 2075//2071 2079//2075 2011//2007
f 2079//2075 2075//2071 2005//2001
f 1699//1695 2079//2075 2004//2000 1695//1691
f 280//277 2078//2074 2080//2076 333//330
f 2008//2004 2081//2077 2080//2076 2078//2074
f 2082//2078 2083//2079 2080//2076 2081//2077
f 333//330 2080//2076 2083//2079 330//327
f 2007//2003 2084//2080 2081//2077 2008//2004
f 1702//1698 1869//1865 2084//2080 2007//2003
f 2084//2080 1869//1865 1864//1860
f 2081//2077 2084//2080 2085//2081 2082//2078
f 240//237 2086//2082 2087//2083 239//236
f 2088//2084 2087//2083 2086//2082 2089//2085
f 2012//2008 2090//2086 2087//2083 2088//2084
f 239//236 2087//2083 2090//2086 241//238
f 241//238 2090//2086 2091//2087 1075//1069
f 2015//2011 2091//2087 2090//2086 2012//2008
f 2017//2013 2092//2088 2091//2087 2015//2011
f 1075//1069 2091//2087 2092//2088 1076//1070
f 1826//1822 2013//2009 2093//2089 1845//1841
f 2088//2084 2093//2089 2013//2009 2012//2008
f 2089//2085 2094//2090 2093//2089 2088//2084
f 1845//1841 2093//2089 2094//2090 1842//1838
f 1915//1911 2095//2091 2096//2092 1914//1910
f 2097//2093 2096//2092 2095//2091 2098//2094
f 2018//2014 2099//2095 2096//2092 2097//2093
f 1914//1910 2096//2092 2099//2095 1215//1211
f 1215//1211 2099//2095 2100//2096 1210//1206
f 2021//2017 2100//2096 2099//2095 2018//2014
f 2023//2019 2052//2048 2100//2096 2021//2017
f 1210//1206 2100//2096 2052//2048 1207//1203
f 1707//1703 2019//2015 2101//2097 1704//1700
f 2097//2093 2101//2097 2019//2015 2018//2014
f 2098//2094 2102//2098 2101//2097 2097//2093
f 1704//1700 2101//2097 2102//2098 1708//1704
f 2103//2099 2104//2100 2105//2101 2106//2102
f 2107//2103 2105//2101 2104//2100 2108//2104
f 167//164 163//160 2105//2101 2107//2103
f 2106//2102 2105//2101 163//160 162//159
f 2108//2104 2109//2105 2110//2106 2107//2103
f 2111//2107 2110//2106 2109//2105 2112//2108
f 174//171 171//168 2110//2106 2111//2107
f 2107//2103 2110//2106 171//168 167//164
f 2113//2109 2109//2105 2108//2104 2114//2110
f 1862//1858 2113//2109 2114//2110 1718//1714
f 2115//2111 2113//2109 1862//1858 1861//1857
f 2112//2108 2109//2105 2113//2109 2115//2111
f 1794//1790 1798//1794 2116//2112 2117//2113
f 2114//2110 2116//2112 1798//1794 1718//1714
f 2108//2104 2104//2100 2116//2112 2114//2110
f 2117//2113 2116//2112 2104//2100 2103//2099
f 2112//2108 2118//2114 2119//2115 2111//2107
f 2120//2116 2119//2115 2118//2114 2029//2025
f 286//283 283//280 2119//2115 2120//2116
f 2111//2107 2119//2115 283//280 174//171
f 2029//2025 2025//2021 2121//2117 2120//2116
f 2122//2118 2121//2117 2025//2021 2024//2020
f 1874//1870 1878//1874 2121//2117 2122//2118
f 2120//2116 2121//2117 1878//1874 286//283
f 1861//1857 1858//1854 2123//2119 2115//2111
f 2028//2024 2123//2119 1858//1854 1714//1710
f 2029//2025 2118//2114 2123//2119 2028//2024
f 2115//2111 2123//2119 2118//2114 2112//2108
f 2124//2120 2125//2121 2126//2122 2127//2123
f 2128//2124 2126//2122 2125//2121 2035//2031
f 1929//1925 1928//1924 2126//2122 2128//2124
f 2127//2123 2126//2122 1928//1924 1921//1917
f 2129//2125 1956//1952 1929//1925
f 2035//2031 2031//2027 2129//2125 2128//2124
f 2031//2027 2030//2026 2130//2126
f 1956//1952 2129//2125 2130//2126 1954//1950
f 1733//1729 1732//1728 2131//2127 2132//2128
f 2034//2030 2131//2127 1732//1728 1726//1722
f 2035//2031 2125//2121 2131//2127 2034//2030
f 2125//2121 2124//2120 2132//2128
f 2133//2129 2134//2130 2135//2131 2136//2132
f 2137//2133 2135//2131 2134//2130 2041//2037
f 268//265 267//264 2135//2131 2137//2133
f 2136//2132 2135//2131 267//264 266//263
f 2041//2037 2037//2033 2138//2134 2137//2133
f 2139//2135 2138//2134 2037//2033 2036//2032
f 1085//1079 1084//1078 2138//2134 2139//2135
f 2137//2133 2138//2134 1084//1078 268//265
f 1837//1833 1840//1836 2140//2136 2141//2137
f 2040//2036 2140//2136 1840//1836 1834//1830
f 2041//2037 2134//2130 2140//2136 2040//2036
f 2141//2137 2140//2136 2134//2130 2133//2129
f 2142//2138 2143//2139 2144//2140 2145//2141
f 2143//2139 2146//2142 2147//2143
f 2144//2140 2147//2143 1128//1122
f 2145//2141 2144//2140 1850//1846 1851//1847
f 2147//2143 2148//2144 1125//1119 1128//1122
f 2148//2144 2147//2143 2146//2142
f 2149//2145 2150//2146 2148//2144 2151//2147
f 1125//1119 2148//2144 2150//2146 1129//1123
f 2152//2148 2153//2149 2151//2147 2146//2142
f 1738//1734 1941//1937 2153//2149 2152//2148
f 1932//1928 2154//2150 2153//2149 1941//1937
f 2151//2147 2153//2149 2154//2150 2149//2145
f 1244//1240 1739//1735 2155//2151 2156//2152
f 2152//2148 2155//2151 1739//1735 1738//1734
f 2146//2142 2143//2139 2155//2151 2152//2148
f 2143//2139 2142//2138 2156//2152
f 2157//2153 2158//2154 2159//2155 2160//2156
f 2158//2154 2161//2157 2162//2158
f 2159//2155 2162//2158 1360//1356
f 2160//2156 2159//2155 1369//1365 1368//1364
f 1360//1356 2162//2158 2163//2159 1359//1355
f 2162//2158 2161//2157 2164//2160
f 2165//2161 2166//2162 2163//2159 2164//2160
f 1359//1355 2163//2159 2166//2162 1361//1357
f 2161//2157 2167//2163 2168//2164 2164//2160
f 1881//1877 2168//2164 2167//2163 1750//1746
f 1882//1878 2169//2165 2168//2164 1881//1877
f 2164//2160 2168//2164 2169//2165 2165//2161
f 1962//1958 1964//1960 2170//2166 2171//2167
f 2167//2163 2170//2166 1964//1960 1750//1746
f 2161//2157 2158//2154 2170//2166 2167//2163
f 2171//2167 2170//2166 2158//2154 2157//2153
f 1361//1357 2166//2162 2172//2168 1470//1466
f 2173//2169 2172//2168 2166//2162 2165//2161
f 2174//2170 2175//2171 2172//2168 2173//2169
f 2175//2171 1467//1463 1470//1466
f 1467//1463 2175//2171 2176//2172 1985//1981
f 2177//2173 2176//2172 2175//2171 2174//2170
f 2178//2174 2179//2175 2176//2172 2177//2173
f 1985//1981 2176//2172 2179//2175 1982//1978
f 2174//2170 2180//2176 2181//2177 2177//2173
f 1981//1977 2181//2177 2180//2176 1749//1745
f 2181//2177 1981//1977 1980//1976
f 2177//2173 2181//2177 2182//2178 2178//2174
f 1749//1745 2180//2176 2183//2179 1884//1880
f 2173//2169 2183//2179 2180//2176 2174//2170
f 2165//2161 2169//2165 2183//2179 2173//2169
f 1884//1880 2183//2179 2169//2165 1882//1878
f 1684//1680 2184//2180 2185//2181 1685//1681
f 2186//2182 2185//2181 2184//2180 2187//2183
f 2188//2184 2189//2185 2185//2181 2186//2182
f 1685//1681 2185//2181 2189//2185 1682//1678
f 2190//2186 2189//2185 2188//2184 2191//2187
f 2192//2188 2190//2186 2191//2187 2193//2189
f 1669//1665 1683//1679 2190//2186 2192//2188
f 2189//2185 2190//2186 1683//1679 1682//1678
f 2193//2189 2194//2190 2195//2191 2192//2188
f 2196//2192 2195//2191 2194//2190 2197//2193
f 1674//1670 1670//1666 2195//2191 2196//2192
f 2192//2188 2195//2191 1670//1666 1669//1665
f 1674//1670 2196//2192 2198//2194 1998//1994
f 2199//2195 2198//2194 2196//2192 2197//2193
f 2200//2196 2201//2197 2198//2194 2199//2195
f 1998//1994 2198//2194 2201//2197 1993//1989
f 1993//1989 2201//2197 2202//2198 1992//1988
f 2203//2199 2202//2198 2201//2197 2200//2196
f 2204//2200 2205//2201 2202//2198 2203//2199
f 2205//2201 1994//1990 1992//1988
f 2206//2202 2207//2203 2208//2204 2209//2205
f 2210//2206 2208//2204 2207//2203 2045//2041
f 1466//1462 1465//1461 2208//2204 2210//2206
f 2209//2205 2208//2204 1465//1461 1464//1460
f 1466//1462 2210//2206 2211//2207 1896//1892
f 2044//2040 2211//2207 2210//2206 2045//2041
f 2047//2043 2212//2208 2211//2207 2044//2040
f 2212//2208 1890//1886 1896//1892
f 1978//1974 1977//1973 2213//2209 2214//2210
f 2042//2038 2213//2209 1977//1973 1743//1739
f 2045//2041 2207//2203 2213//2209 2042//2038
f 2214//2210 2213//2209 2207//2203 2206//2202
f 1890//1886 2212//2208 2215//2211 1889//1885
f 2216//2212 2215//2211 2212//2208 2047//2043
f 2217//2213 2218//2214 2215//2211 2216//2212
f 1889//1885 2215//2211 2218//2214 1891//1887
f 1891//1887 2218//2214 2219//2215 1974//1970
f 2220//2216 2219//2215 2218//2214 2217//2213
f 2058//2054 2057//2053 2219//2215 2220//2216
f 2057//2053 1972//1968 1974//1970
f 2220//2216 2221//2217 2222//2218 2058//2054
f 2217//2213 2223//2219 2221//2217 2220//2216
f 1755//1751 1966//1962 2221//2217 2223//2219
f 2221//2217 1966//1962 1961//1957 2222//2218
f 1745//1741 1757//1753 2224//2220 2046//2042
f 2223//2219 2224//2220 1757//1753 1755//1751
f 2217//2213 2216//2212 2224//2220 2223//2219
f 2047//2043 2046//2042 2224//2220 2216//2212
f 2225//2221 2226//2222 2227//2223 2228//2224
f 2229//2225 2227//2223 2226//2222 2050//2046
f 1905//1901 1904//1900 2227//2223 2229//2225
f 1904//1900 1903//1899 2228//2224
f 1942//1938 1905//1901 2229//2225
f 2049//2045 2230//2226 2229//2225 2050//2046
f 2023//2019 2022//2018 2230//2226 2049//2045
f 2022//2018 1945//1941 1942//1938
f 1935//1931 1940//1936 2231//2227 2232//2228
f 2051//2047 2231//2227 1940//1936 1761//1757
f 2050//2046 2226//2222 2231//2227 2051//2047
f 2226//2222 2225//2221 2232//2228
f 1935//1931 2232//2228 2233//2229 1933//1929
f 2234//2230 2233//2229 2232//2228 2225//2221
f 2053//2049 2235//2231 2233//2229 2234//2230
f 1933//1929 2233//2229 2235//2231 1936//1932
f 1936//1932 2235//2231 2236//2232 1958//1954
f 2056//2052 2236//2232 2235//2231 2053//2049
f 2236//2232 2056//2052 2058//2054
f 2236//2232 2222//2218 1961//1957 1958//1954
f 1906//1902 2054//2050 2237//2233 1907//1903
f 2234//2230 2237//2233 2054//2050 2053//2049
f 2225//2221 2228//2224 2237//2233 2234//2230
f 2237//2233 2228//2224 1903//1899
f 2238//2234 1963//1959 1962//1958
f 2238//2234 2171//2167 2157//2153 2239//2235
f 2240//2236 2241//2237 2238//2234 2239//2235
f 1963//1959 2238//2234 2241//2237 1938//1934
f 2242//2238 1931//1927 1938//1934
f 2241//2237 2240//2236 2243//2239
f 2149//2145 2154//2150 2242//2238 2243//2239
f 1931//1927 2242//2238 2154//2150 1932//1928
f 2240//2236 2244//2240 2245//2241 2243//2239
f 1766//1762 2245//2241 2244//2240 1767//1763
f 1129//1123 2150//2146 2245//2241 1766//1762
f 2150//2146 2149//2145 2243//2239
f 1767//1763 2244//2240 2246//2242 1772//1768
f 2239//2235 2246//2242 2244//2240 2240//2236
f 2157//2153 2160//2156 2246//2242 2239//2235
f 1772//1768 2246//2242 2160//2156 1368//1364
f 2247//2243 1807//1803 1806//1802
f 2062//2058 2247//2243 2248//2244 2059//2055
f 2247//2243 2062//2058 2064//2060
f 1807//1803 2247//2243 2249//2245 1803//1799
f 2103//2099 2250//2246 2251//2247 2117//2113
f 2252//2248 2251//2247 2250//2246 2253//2249
f 1796//1792 1795//1791 2251//2247 2252//2248
f 2117//2113 2251//2247 1795//1791 1794//1790
f 2254//2250 2255//2251 1786//1782 1787//1783
f 2253//2249 2250//2246 2255//2251 2254//2250
f 2106//2102 2255//2251 2250//2246 2103//2099
f 162//159 1786//1782 2255//2251 2106//2102
f 1808//1804 2073//2069 2256//2252 1816//1812
f 2257//2253 2256//2252 2073//2069 2068//2064
f 2064//2060 2063//2059 2256//2252 2257//2253
f 1816//1812 2256//2252 2063//2059 1778//1774
f 1803//1799 2249//2245 2258//2254 1801//1797
f 2257//2253 2258//2254 2249//2245 2064//2060
f 2068//2064 2065//2061 2258//2254 2257//2253
f 1801//1797 2258//2254 2065//2061 153//150
f 1076//1070 2092//2088 2259//2255 1916//1912
f 2260//2256 2259//2255 2092//2088 2017//2013
f 2098//2094 2095//2091 2259//2255 2260//2256
f 1916//1912 2259//2255 2095//2091 1915//1911
f 2017//2013 2016//2012 2261//2257 2260//2256
f 1830//1826 2261//2257 2016//2012 1825//1821
f 1708//1704 2102//2098 2261//2257 1830//1826
f 2260//2256 2261//2257 2102//2098 2098//2094
f 2036//2032 2262//2258 2263//2259 2139//2135
f 2127//2123 2263//2259 2262//2258 2124//2120
f 1921//1917 1918//1914 2263//2259 2127//2123
f 2139//2135 2263//2259 1918//1914 1085//1079
f 2124//2120 2262//2258 2264//2260 2132//2128
f 2039//2035 2264//2260 2262//2258 2036//2032
f 1819//1815 1817//1813 2264//2260 2039//2035
f 1817//1813 1733//1729 2132//2128
f 2024//2020 2265//2261 2266//2262 2122//2118
f 2136//2132 2266//2262 2265//2261 2133//2129
f 266//263 1875//1871 2266//2262 2136//2132
f 2122//2118 2266//2262 1875//1871 1874//1870
f 2267//2263 2027//2023 1720//1716
f 2141//2137 2267//2263 1838//1834 1837//1833
f 2133//2129 2265//2261 2267//2263 2141//2137
f 2027//2023 2267//2263 2265//2261 2024//2020
f 2268//2264 337//334 330//327
f 2269//2265 2268//2264 2083//2079 2082//2078
f 2268//2264 2269//2265 2089//2085
f 2086//2082 240//237 337//334
f 1842//1838 2094//2090 2270//2266 1867//1863
f 2269//2265 2270//2266 2094//2090 2089//2085
f 2082//2078 2085//2081 2270//2266 2269//2265
f 2085//2081 1864//1860 1867//1863
f 2156//2152 2271//2267 1245//1241 1244//1240
f 2271//2267 2156//2152 2142//2138
f 2033//2029 2271//2267 2272//2268 2030//2026
f 1247//1243 1245//1241 2271//2267 2033//2029
f 2145//2141 2273//2269 2272//2268 2142//2138
f 2273//2269 2145//2141 1851//1847 1953//1949
f 1954//1950 2130//2126 2273//2269 1953//1949
f 2272//2268 2273//2269 2130//2126 2030//2026
f 1620//1616 2274//2270 2275//2271 1621//1617
f 2274//2270 2276//2272 2277//2273
f 2275//2271 2277//2273 853//847
f 1621//1617 2275//2271 852//846 851//845
f 1021//1015 2278//2274 2279//2275 1022//1016
f 2280//2276 2279//2275 2278//2274 2281//2277
f 833//827 1009//1003 2279//2275 2280//2276
f 1010//1004 1022//1016 2279//2275 1009//1003
f 2282//2278 2283//2279 2284//2280 2285//2281
f 2278//2274 2284//2280 2283//2279 2281//2277
f 1021//1015 1042//1036 2284//2280 2278//2274
f 2285//2281 2284//2280 1042//1036 1044//1038
f 2281//2277 2286//2282 2287//2283 2280//2276
f 2288//2284 2289//2285 2287//2283 2286//2282
f 835//829 834//828 2287//2283 2289//2285
f 2280//2276 2287//2283 834//828 833//827
f 2281//2277 2283//2279 2290//2286 2286//2282
f 2291//2287 2290//2286 2283//2279 2282//2278
f 2292//2288 2293//2289 2290//2286 2291//2287
f 2286//2282 2290//2286 2293//2289 2288//2284
f 2293//2289 2292//2288 2294//2290
f 2294//2290 841//835 839//833
f 2289//2285 2295//2291 839//833 835//829
f 2295//2291 2289//2285 2288//2284
f 1627//1623 841//835 2294//2290
f 2292//2288 2296//2292 2297//2293 2294//2290
f 2276//2272 2274//2270 2297//2293 2296//2292
f 2274//2270 1620//1616 1627//1623
f 2296//2292 2298//2294 2277//2273 2276//2272
f 2291//2287 2298//2294 2296//2292 2292//2288
f 2282//2278 2299//2295 2298//2294 2291//2287
f 2277//2273 2298//2294 2299//2295 853//847
f 853//847 2299//2295 2300//2296 848//842
f 2285//2281 2300//2296 2299//2295 2282//2278
f 1044//1038 1053//1047 2300//2296 2285//2281
f 848//842 2300//2296 1053//1047 845//839
f 1504//1500 1508//1504 2301//2297 1503//1499
f 2302//2298 2301//2297 1508//1504 1507//1503
f 2301//2297 2302//2298 2303//2299 2304//2300
f 1503//1499 2301//2297 2304//2300 1505//1501
f 2305//2301 2306//2302 1573//1569 1562//1558
f 2302//2298 2306//2302 2305//2301 2303//2299
f 2306//2302 2302//2298 1507//1503
f 1583//1579 1574//1570 1573//1569
f 1561//1557 1560//1556 2307//2303
f 2307//2303 2308//2304 2309//2305
f 2303//2299 2305//2301 2310//2306 2309//2305
f 1562//1558 1561//1557 2310//2306 2305//2301
f 1505//1501 2311//2307 2312//2308 1506//1502
f 2313//2309 2312//2308 2311//2307 2314//2310
f 1449//1445 1445//1441 2312//2308 2313//2309
f 1444//1440 1506//1502 2312//2308 1445//1441
f 1505//1501 2304//2300 2315//2311 2311//2307
f 2303//2299 2316//2312 2315//2311 2304//2300
f 2317//2313 2318//2314 2315//2311 2316//2312
f 2311//2307 2315//2311 2318//2314 2314//2310
f 2317//2313 2316//2312 2319//2315 2320//2316
f 2309//2305 2319//2315 2316//2312 2303//2299
f 2308//2304 2320//2316 2319//2315 2309//2305
f 2321//2317 2322//2318 2323//2319 2324//2320
f 1462//1458 2323//2319 2322//2318 1464//1460
f 1463//1459 2325//2321 2323//2319 1462//1458
f 2324//2320 2323//2319 2325//2321 2326//2322
f 2327//2323 2328//2324 2329//2325 2330//2326
f 2331//2327 2329//2325 2328//2324 2332//2328
f 1996//1992 1995//1991 2329//2325 2331//2327
f 2330//2326 2329//2325 1995//1991 1994//1990
f 2326//2322 2333//2329 2334//2330 2324//2320
f 2335//2331 2334//2330 2333//2329 2336//2332
f 2337//2333 2338//2334 2334//2330 2335//2331
f 2324//2320 2334//2330 2338//2334 2321//2317
f 2339//2335 2340//2336 2328//2324 2327//2323
f 2337//2333 2335//2331 2340//2336 2339//2335
f 2336//2332 2341//2337 2340//2336 2335//2331
f 2340//2336 2341//2337 2332//2328 2328//2324
f 1464//1460 2322//2318 2342//2338 2209//2205
f 2343//2339 2342//2338 2322//2318 2321//2317
f 2344//2340 2345//2341 2342//2338 2343//2339
f 2209//2205 2342//2338 2345//2341 2206//2202
f 2346//2342 2347//2343 2348//2344 2349//2345
f 2330//2326 2348//2344 2347//2343 2327//2323
f 1994//1990 2205//2201 2348//2344 2330//2326
f 2349//2345 2348//2344 2205//2201 2204//2200
f 2350//2346 2351//2347 2352//2348 2353//2349
f 2339//2335 2352//2348 2351//2347 2337//2333
f 2327//2323 2347//2343 2352//2348 2339//2335
f 2353//2349 2352//2348 2347//2343 2346//2342
f 2337//2333 2351//2347 2354//2350 2338//2334
f 2355//2351 2354//2350 2351//2347 2350//2346
f 2343//2339 2354//2350 2355//2351 2344//2340
f 2321//2317 2338//2334 2354//2350 2343//2339
f 2356//2352 2357//2353 2358//2354 2359//2355
f 2214//2210 2357//2353 2356//2352 1978//1974
f 2206//2202 2345//2341 2357//2353 2214//2210
f 2358//2354 2357//2353 2345//2341 2344//2340
f 2350//2346 2360//2356 2361//2357 2355//2351
f 2362//2358 2361//2357 2360//2356 2363//2359
f 2359//2355 2358//2354 2361//2357 2362//2358
f 2355//2351 2361//2357 2358//2354 2344//2340
f 2359//2355 2364//2360 2365//2361 2356//2352
f 2366//2362 2365//2361 2364//2360 2367//2363
f 1980//1976 1979//1975 2365//2361 2366//2362
f 2356//2352 2365//2361 1979//1975 1978//1974
f 2363//2359 2368//2364 2369//2365 2362//2358
f 2370//2366 2369//2365 2368//2364 2371//2367
f 2367//2363 2364//2360 2369//2365 2370//2366
f 2364//2360 2359//2355 2362//2358
f 2372//2368 2366//2362 2367//2363
f 2373//2369 2372//2368 2374//2370 2375//2371
f 2178//2174 2182//2178 2372//2368 2373//2369
f 2366//2362 2372//2368 2182//2178 1980//1976
f 2376//2372 2377//2373 2378//2374 2379//2375
f 2375//2371 2374//2370 2378//2374 2377//2373
f 2370//2366 2378//2374 2374//2370 2367//2363
f 2370//2366 2371//2367 2379//2375
f 2380//2376 2381//2377 2382//2378 2383//2379
f 2384//2380 2385//2381 2381//2377 2380//2376
f 2187//2183 2184//2180 2381//2377 2385//2381
f 2382//2378 2381//2377 2184//2180 1684//1680
f 2375//2371 2386//2382 2387//2383 2373//2369
f 2388//2384 2387//2383 2386//2382 2389//2385
f 1982//1978 2179//2175 2387//2383 2388//2384
f 2373//2369 2387//2383 2179//2175 2178//2174
f 2377//2373 2390//2386 2386//2382 2375//2371
f 2391//2387 2390//2386 2377//2373 2376//2372
f 2392//2388 2393//2389 2390//2386 2391//2387
f 2389//2385 2386//2382 2390//2386 2393//2389
f 2383//2379 2394//2390 2395//2391 2380//2376
f 2391//2387 2395//2391 2394//2390 2392//2388
f 2376//2372 2396//2392 2395//2391 2391//2387
f 2380//2376 2395//2391 2396//2392 2384//2380
f 1689//1685 2397//2393 2398//2394 1687//1683
f 2399//2395 2398//2394 2397//2393 2400//2396
f 2383//2379 2382//2378 2398//2394 2399//2395
f 1687//1683 2398//2394 2382//2378 1684//1680
f 2389//2385 2401//2397 2402//2398 2388//2384
f 2403//2399 2402//2398 2401//2397 2404//2400
f 1987//1983 1983//1979 2402//2398 2403//2399
f 2388//2384 2402//2398 1983//1979 1982//1978
f 2393//2389 2405//2401 2401//2397 2389//2385
f 2406//2402 2405//2401 2393//2389 2392//2388
f 2407//2403 2408//2404 2405//2401 2406//2402
f 2404//2400 2401//2397 2405//2401 2408//2404
f 2400//2396 2409//2405 2410//2406 2399//2395
f 2406//2402 2410//2406 2409//2405 2407//2403
f 2392//2388 2394//2390 2410//2406 2406//2402
f 2399//2395 2410//2406 2394//2390 2383//2379
f 2411//2407 2412//2408 2413//2409 2414//2410
f 2415//2411 2416//2412 2413//2409 2412//2408
f 2403//2399 2413//2409 2416//2412 1987//1983
f 2413//2409 2403//2399 2404//2400 2414//2410
f 2404//2400 2408//2404 2417//2413 2414//2410
f 2418//2414 2417//2413 2408//2404 2407//2403
f 2419//2415 2420//2416 2417//2413 2418//2414
f 2414//2410 2417//2413 2420//2416 2411//2407
f 1647//1643 2421//2417 2422//2418 1664//1660
f 2422//2418 2421//2417 2423//2419 2424//2420
f 2425//2421 2426//2422 2422//2418 2424//2420
f 1664//1660 2422//2418 2426//2422 1661//1657
f 2423//2419 2427//2423 2428//2424 2429//2425
f 2430//2426 2428//2424 2427//2423 1500//1496
f 2431//2427 2432//2428 2428//2424 2430//2426
f 2429//2425 2428//2424 2432//2428 2433//2429
f 1487//1483 1494//1490 2434//2430
f 2434//2430 1494//1490 1496//1492 2435//2431
f 2430//2426 2434//2430 2435//2431 2431//2427
f 1500//1496 1499//1495 2434//2430 2430//2426
f 2421//2417 2436//2432 2427//2423 2423//2419
f 1650//1646 2436//2432 2421//2417 1647//1643
f 2436//2432 1650//1646 1629//1625
f 2436//2432 1632//1628 1500//1496
f 2438//2433 2437//2434 2439//2435 2440//2436
f 50//49 47//48 2437//2434 2438//2433
f 2440//2436 2439//2435 2441//2437 2443//2438
f 2449//2439 2448//2440 2450//2441 2451//2442
f 2455//2443 2453//2444 2452//2445 2456//2446
f 2451//2442 2450//2441 2453//2444 2455//2443
f 2465//2447 2466//2448 2467//2449
f 2468//2450 2467//2449 2469//2451
f 2472//2452 2473//2453 2471//2454 2474//2455
f 2467//2449 2471//2454 2473//2453 2469//2451
f 2472//2452 2474//2455 2475//2456 2476//2457
f 2476//2457 2475//2456 2477//2458 2478//2459
f 703//697 702//696 2479//2460 721//715
f 2480//2461 2479//2460 702//696 705//699
f 2479//2460 2480//2461 2481//2462
f 721//715 2479//2460 2482//2463 718//712
f 718//712 2482//2463 2483//2464 726//720
f 2484//2465 2483//2464 2482//2463 2481//2462
f 10//9 9//8 2483//2464 2484//2465
f 726//720 2483//2464 9//8 8//7
f 2486//2466 2487//2467 2488//2468 2489//2469
f 2491//2470 2492//2471 2493//2472
f 2495//2473 2496//2474 2497//2475
f 2498//2476 2495//2473 2499//2477 2500//2478
f 169//166 176//173 2495//2473 2498//2476
f 2496//2474 2495//2473 176//173 175//172
f 175//172 287//284 2501//2479 2496//2474
f 2502//2480 2501//2479 287//284 288//285
f 2503//2481 2504//2482 2501//2479 2502//2480
f 2496//2474 2501//2479 2504//2482 2497//2475
f 2505//2483 2506//2484 2507//2485 2508//2486
f 73//70 2507//2485 2506//2484 70//67
f 77//74 161//158 2507//2485 73//70
f 161//158 160//157 2508//2486
f 2509//2487 2510//2488 2511//2489 2512//2490
f 2513//2491 2510//2488 2509//2487 2514//2492
f 1924//1920 1957//1953 2510//2488 2513//2491
f 1949//1945 2511//2489 2510//2488 1957//1953
f 2515//2493 2513//2491 2514//2492
f 2516//2494 2515//2493 2517//2495 2518//2496
f 1922//1918 1925//1921 2515//2493 2516//2494
f 2513//2491 2515//2493 1925//1921 1924//1920
f 2519//2497 2520//2498 2521//2499 2522//2500
f 2523//2501 2519//2497 2522//2500 2524//2502
f 1066//1060 1148//1142 2519//2497 2523//2501
f 2520//2498 2519//2497 1148//1142 1147//1141
f 294//291 2525//2503 2526//2504 293//290
f 2527//2505 2526//2504 2525//2503 2528//2506
f 2529//2507 2530//2508 2526//2504 2527//2505
f 293//290 2526//2504 2530//2508 204//201
f 2531//2509 2532//2510 2533//2511 2534//2512
f 1986//1982 2533//2511 2532//2510 1472//1468
f 1987//1983 2416//2412 2533//2511 1986//1982
f 2534//2512 2533//2511 2416//2412 2415//2411
f 1677//1673 1676//1672 2535//2513 2536//2514
f 2537//2515 2535//2513 1676//1672 1675//1671
f 2538//2516 2539//2517 2535//2513 2537//2515
f 2536//2514 2535//2513 2539//2517 2540//2518
f 2538//2516 2537//2515 2541//2519 2542//2520
f 1999//1995 2541//2519 2537//2515 1675//1671
f 1988//1984 2543//2521 2541//2519 1999//1995
f 2542//2520 2541//2519 2543//2521 2544//2522
f 1996//1992 2545//2523 2546//2524 1991//1987
f 2547//2525 2546//2524 2545//2523 2548//2526
f 2544//2522 2543//2521 2546//2524 2547//2525
f 1991//1987 2546//2524 2543//2521 1988//1984
f 2548//2526 2545//2523 2549//2527 2550//2528
f 2331//2327 2549//2527 2545//2523 1996//1992
f 2332//2328 2551//2529 2549//2527 2331//2327
f 2550//2528 2549//2527 2551//2529 2552//2530
f 2553//2531 2554//2532 2555//2533 2556//2534
f 1975//1971 2555//2533 2554//2532 1893//1889
f 1969//1965 2557//2535 2555//2533 1975//1971
f 2556//2534 2555//2533 2557//2535 2558//2536
f 2559//2537 2560//2538 2561//2539 2562//2540
f 2563//2541 2561//2539 2560//2538 2564//2542
f 1902//1898 1898//1894 2561//2539 2563//2541
f 2562//2540 2561//2539 1898//1894 1897//1893
f 1140//1134 2565//2543 2566//2544 1141//1135
f 2562//2540 2566//2544 2565//2543 2559//2537
f 1897//1893 1946//1942 2566//2544 2562//2540
f 1141//1135 2566//2544 1946//1942 1142//1136
f 2567//2545 2568//2546 2569//2547 2570//2548
f 2571//2549 2569//2547 2568//2546 2572//2550
f 2314//2310 2318//2314 2569//2547 2571//2549
f 2570//2548 2569//2547 2318//2314 2317//2313
f 2572//2550 2573//2551 2574//2552 2571//2549
f 1455//1451 2574//2552 2573//2551 1456//1452
f 1449//1445 2313//2309 2574//2552 1455//1451
f 2571//2549 2574//2552 2313//2309 2314//2310
f 2575//2553 2576//2554 2577//2555 2578//2556
f 2558//2536 2557//2535 2577//2555 2576//2554
f 1967//1963 2577//2555 2557//2535 1969//1965
f 2578//2556 2577//2555 1967//1963 1911//1907
f 2564//2542 2579//2557 2580//2558 2563//2541
f 2578//2556 2580//2558 2579//2557 2575//2553
f 1911//1907 1910//1906 2580//2558 2578//2556
f 2563//2541 2580//2558 1910//1906 1902//1898
f 75//72 2581//2559 2582//2560 74//71
f 2583//2561 2582//2560 2581//2559 2584//2562
f 61//58 64//61 2582//2560 2583//2561
f 74//71 2582//2560 64//61 69//66
f 2500//2478 2585//2563 2586//2564 2498//2476
f 2587//2565 2586//2564 2585//2563 2588//2566
f 168//165 2586//2564 2587//2565 170//167
f 2586//2564 168//165 169//166 2498//2476
f 2589//2567 2590//2568 2591//2569 2592//2570
f 2590//2568 2589//2567 2593//2571 2594//2572
f 2595//2573 2590//2568 2594//2572 2588//2566
f 2596//2574 2591//2569 2590//2568 2595//2573
f 2597//2575 2598//2576 2599//2577 2600//2578
f 2595//2573 2599//2577 2598//2576 2596//2574
f 2588//2566 2585//2563 2599//2577 2595//2573
f 2600//2578 2599//2577 2585//2563 2500//2478
f 2596//2574 2598//2576 2601//2579 2602//2580
f 2603//2581 2601//2579 2598//2576 2597//2575
f 131//128 130//127 2601//2579 2603//2581
f 2602//2580 2601//2579 130//127 27//26
f 2593//2571 2604//2582 2605//2583 2594//2572
f 2605//2583 2604//2582 1784//1780 1783//1779
f 170//167 2587//2565 2605//2583 1783//1779
f 2605//2583 2587//2565 2588//2566 2594//2572
f 35//34 2606//2584 2607//2585 30//29
f 2592//2570 2591//2569 2607//2585 2606//2584
f 2602//2580 2607//2585 2591//2569 2596//2574
f 30//29 2607//2585 2602//2580 27//26
f 2610//2586 2609//2587 2608//2588 2611//2589
f 57//55 54//54 2609//2587 2610//2586
f 2612//2590 2613//2591 2614//2592 2615//2593
f 2616//2594 2614//2592 2613//2591 2617//2595
f 2614//2592 2616//2594 1773//1769 1776//1772
f 2615//2593 2614//2592 1776//1772 1781//1777
f 2618//2596 2619//2597 2620//2598 2621//2599
f 2622//2600 2620//2598 2619//2597 2623//2601
f 2617//2595 2613//2591 2620//2598 2622//2600
f 2621//2599 2620//2598 2613//2591 2612//2590
f 2623//2601 2619//2597 2624//2602 2625//2603
f 2626//2604 2624//2602 2619//2597 2618//2596
f 2584//2562 2581//2559 2624//2602 2626//2604
f 2625//2603 2624//2602 2581//2559 75//72
f 2623//2601 2627//2605 2628//2606 2622//2600
f 2629//2607 2628//2606 2627//2605 2630//2608
f 2631//2609 2632//2610 2628//2606 2629//2607
f 2622//2600 2628//2606 2632//2610 2617//2595
f 2630//2608 2627//2605 2633//2611 2634//2612
f 2625//2603 2633//2611 2627//2605 2623//2601
f 75//72 71//68 2633//2611 2625//2603
f 2634//2612 2633//2611 71//68 70//67
f 1812//1808 2635//2613 181//178 182//179
f 1813//1809 2636//2614 2635//2613 1812//1808
f 2631//2609 2637//2615 2635//2613 2636//2614
f 2637//2615 183//180 181//178
f 2631//2609 2629//2607 2638//2616 2637//2615
f 2639//2617 2638//2616 2629//2607 2630//2608
f 2638//2616 2639//2617 2640//2618
f 2637//2615 2638//2616 2641//2619 183//180
f 2617//2595 2632//2610 2642//2620 2616//2594
f 2636//2614 2642//2620 2632//2610 2631//2609
f 1815//1811 2642//2620 2636//2614 1813//1809
f 1773//1769 2616//2594 2642//2620 1815//1811
f 2518//2496 2643//2621 2644//2622 2516//2494
f 2645//2623 2644//2622 2643//2621 2646//2624
f 1080//1074 1923//1919 2644//2622 2645//2623
f 2516//2494 2644//2622 1923//1919 1922//1918
f 2647//2625 2648//2626 2506//2484 2505//2483
f 2647//2625 2640//2618 2639//2617
f 2648//2626 2639//2617 2630//2608 2634//2612
f 70//67 2506//2484 2648//2626 2634//2612
f 2645//2623 2649//2627 1081//1075 1080//1074
f 2650//2628 2649//2627 2645//2623 2646//2624
f 2651//2629 2652//2630 2649//2627 2650//2628
f 260//257 1081//1075 2649//2627 2652//2630
f 2646//2624 2653//2631 2654//2632 2650//2628
f 2655//2633 2654//2632 2653//2631 2656//2634
f 2657//2635 2658//2636 2654//2632 2655//2633
f 2650//2628 2654//2632 2658//2636 2651//2629
f 2659//2637 2660//2638 2523//2501 2524//2502
f 2660//2638 2659//2637 2661//2639 2662//2640
f 1060//1054 1067//1061 2660//2638 2662//2640
f 2523//2501 2660//2638 1067//1061 1066//1060
f 232//229 2663//2641 2664//2642 1089//1083
f 2655//2633 2664//2642 2663//2641 2657//2635
f 2656//2634 2665//2643 2664//2642 2655//2633
f 1089//1083 2664//2642 2665//2643 1086//1080
f 2661//2639 2666//2644 2667//2645 2662//2640
f 2668//2646 2667//2645 2666//2644 2669//2647
f 257//254 1061//1055 2667//2645 2668//2646
f 2662//2640 2667//2645 1061//1055 1060//1054
f 2661//2639 2670//2648 2671//2649 2666//2644
f 2672//2650 2671//2649 2670//2648 2673//2651
f 2674//2652 2675//2653 2671//2649 2672//2650
f 2666//2644 2671//2649 2675//2653 2669//2647
f 248//245 2676//2654 2677//2655 1068//1062
f 2672//2650 2677//2655 2676//2654 2674//2652
f 2673//2651 2678//2656 2677//2655 2672//2650
f 1068//1062 2677//2655 2678//2656 1070//1064
f 2651//2629 2679//2657 2680//2658 2652//2630
f 2680//2658 2679//2657 2681//2659 2682//2660
f 265//262 261//258 2680//2658 2682//2660
f 2652//2630 2680//2658 261//258 260//257
f 2683//2661 2658//2636 2657//2635 2684//2662
f 2685//2663 2686//2664 2683//2661 2684//2662
f 2679//2657 2683//2661 2686//2664 2681//2659
f 2683//2661 2679//2657 2651//2629 2658//2636
f 2684//2662 2687//2665 2688//2666 2685//2663
f 2657//2635 2663//2641 2687//2665 2684//2662
f 230//227 2687//2665 2663//2641 232//229
f 2687//2665 230//227 231//228 2688//2666
f 2668//2646 2689//2667 258//255 257//254
f 2690//2668 2689//2667 2668//2646 2669//2647
f 2691//2669 2692//2670 2689//2667 2690//2668
f 258//255 2689//2667 2692//2670 259//256
f 2693//2671 2694//2672 2695//2673 2696//2674
f 2690//2668 2695//2673 2694//2672 2691//2669
f 2669//2647 2675//2653 2695//2673 2690//2668
f 2696//2674 2695//2673 2675//2653 2674//2652
f 1846//1842 2697//2675 2698//2676 1952//1948
f 2699//2677 2698//2676 2697//2675 2700//2678
f 2512//2490 2511//2489 2698//2676 2699//2677
f 1952//1948 2698//2676 2511//2489 1949//1945
f 247//244 2701//2679 2702//2680 246//243
f 2696//2674 2702//2680 2701//2679 2693//2671
f 2674//2652 2676//2654 2702//2680 2696//2674
f 246//243 2702//2680 2676//2654 248//245
f 1133//1127 2703//2681 2704//2682 1849//1845
f 2703//2681 2705//2683 2706//2684
f 2700//2678 2697//2675 2704//2682 2706//2684
f 1849//1845 2704//2682 2697//2675 1846//1842
f 2707//2685 2708//2686 2709//2687 2710//2688
f 2706//2684 2709//2687 2708//2686 2700//2678
f 2709//2687 2706//2684 2705//2683
f 2710//2688 2709//2687 2711//2689 2712//2690
f 204//201 2530//2508 2713//2691 205//202
f 2714//2692 2713//2691 2530//2508 2529//2507
f 2715//2693 2716//2694 2713//2691 2714//2692
f 202//199 205//202 2713//2691 2716//2694
f 2710//2688 2717//2695 2718//2696 2707//2685
f 2717//2695 2710//2688 2712//2690
f 1124//1118 1253//1249 2717//2695 2719//2697
f 2718//2696 2717//2695 1253//1249 1252//1248
f 2597//2575 2720//2698 2721//2699 2603//2581
f 2722//2700 2721//2699 2720//2698 2723//2701
f 2724//2702 2721//2699 2722//2700 2725//2703
f 2721//2699 2724//2702 131//128 2603//2581
f 2715//2693 2726//2704 2727//2705 2716//2694
f 2508//2486 2727//2705 2726//2704 2505//2483
f 2727//2705 2508//2486 160//157
f 2716//2694 2727//2705 203//200 202//199
f 2723//2701 2720//2698 2728//2706 2729//2707
f 2600//2578 2728//2706 2720//2698 2597//2575
f 2500//2478 2499//2477 2728//2706 2600//2578
f 2729//2707 2728//2706 2499//2477 2497//2475
f 123//120 2730//2708 2731//2709 126//123
f 2732//2710 2731//2709 2730//2708 2725//2703
f 327//324 326//323 2731//2709 2732//2710
f 126//123 2731//2709 326//323 127//124
f 2725//2703 2722//2700 2733//2711 2732//2710
f 2723//2701 2734//2712 2733//2711 2722//2700
f 2735//2713 2733//2711 2734//2712 2736//2714
f 2732//2710 2733//2711 2735//2713 327//324
f 119//116 132//129 2737//2715 122//119
f 2724//2702 2737//2715 132//129 131//128
f 2737//2715 2724//2702 2725//2703
f 122//119 2737//2715 2730//2708 123//120
f 2738//2716 2739//2717 2740//2718 2741//2719
f 2742//2720 2740//2718 2739//2717 2743//2721
f 2681//2659 2686//2664 2740//2718 2742//2720
f 2741//2719 2740//2718 2686//2664 2685//2663
f 2736//2714 2734//2712 2744//2722 2745//2723
f 2734//2712 2723//2701 2729//2707
f 2744//2722 2729//2707 2497//2475
f 2745//2723 2744//2722 2504//2482 2503//2481
f 322//319 2746//2724 2747//2725 329//326
f 2741//2719 2747//2725 2746//2724 2738//2716
f 2685//2663 2688//2666 2747//2725 2741//2719
f 329//326 2747//2725 2688//2666 231//228
f 1872//1868 2748//2726 2749//2727 1877//1873
f 2750//2728 2749//2727 2748//2726 2743//2721
f 2503//2481 2502//2480 2749//2727 2750//2728
f 1877//1873 2749//2727 2502//2480 288//285
f 2743//2721 2739//2717 2751//2729 2750//2728
f 2752//2730 2751//2729 2739//2717 2738//2716
f 2751//2729 2752//2730 2736//2714
f 2745//2723 2503//2481 2750//2728
f 265//262 2682//2660 2753//2731 1870//1866
f 2742//2720 2753//2731 2682//2660 2681//2659
f 2743//2721 2748//2726 2753//2731 2742//2720
f 2748//2726 1872//1868 1870//1866
f 327//324 2735//2713 2754//2732 325//322
f 2752//2730 2754//2732 2735//2713 2736//2714
f 2738//2716 2746//2724 2754//2732 2752//2730
f 325//322 2754//2732 2746//2724 322//319
f 294//291 350//347 2755//2733 2525//2503
f 2756//2734 2755//2733 350//347 300//297
f 2755//2733 2756//2734 2757//2735 2758//2736
f 2528//2506 2525//2503 2755//2733 2758//2736
f 2759//2737 2760//2738 2692//2670 2691//2669
f 2757//2735 2756//2734 2760//2738 2759//2737
f 300//297 299//296 2760//2738 2756//2734
f 2692//2670 2760//2738 299//296 259//256
f 2761//2739 2762//2740 2763//2741 2764//2742
f 2765//2743 2763//2741 2762//2740 2766//2744
f 2531//2509 2767//2745 2763//2741 2765//2743
f 2764//2742 2763//2741 2767//2745 2768//2746
f 2769//2747 2770//2748 2771//2749 2772//2750
f 2773//2751 2771//2749 2770//2748 2761//2739
f 1344//1340 1340//1336 2771//2749 2773//2751
f 1340//1336 1339//1335 2772//2750
f 1363//1359 2774//2752 2775//2753 1358//1354
f 2776//2754 2775//2753 2774//2752 2766//2744
f 2777//2755 2778//2756 2775//2753 2776//2754
f 1358//1354 2775//2753 2778//2756 1355//1351
f 2776//2754 2779//2757 2780//2758 2777//2755
f 2766//2744 2762//2740 2779//2757 2776//2754
f 2761//2739 2770//2748 2779//2757 2762//2740
f 2780//2758 2779//2757 2770//2748 2769//2747
f 1472//1468 2532//2510 2781//2759 1471//1467
f 2765//2743 2781//2759 2532//2510 2531//2509
f 2766//2744 2774//2752 2781//2759 2765//2743
f 1471//1467 2781//2759 2774//2752 1363//1359
f 2773//2751 2782//2760 1477//1473 1344//1340
f 2764//2742 2782//2760 2773//2751 2761//2739
f 2768//2746 2783//2761 2782//2760 2764//2742
f 1478//1474 1477//1473 2782//2760
f 2784//2762 1895//1891 1885//1881
f 2785//2763 2784//2762 2786//2764 2787//2765
f 2788//2766 2789//2767 2784//2762 2785//2763
f 1458//1454 1895//1891 2784//2762 2789//2767
f 1893//1889 2554//2532 2790//2768 1888//1884
f 2791//2769 2790//2768 2554//2532 2553//2531
f 2787//2765 2786//2764 2790//2768 2791//2769
f 1888//1884 2790//2768 2786//2764 1885//1881
f 2792//2770 2793//2771 2794//2772 2795//2773
f 1386//1382 2794//2772 2793//2771 1157//1151
f 1390//1386 2796//2774 2794//2772 1386//1382
f 2795//2773 2794//2772 2796//2774 2797//2775
f 1150//1144 1149//1143 2798//2776 2799//2777
f 2793//2771 2798//2776 1149//1143 1157//1151
f 2792//2770 2800//2778 2798//2776 2793//2771
f 2799//2777 2798//2776 2800//2778 2801//2779
f 2802//2780 2803//2781 2804//2782 2805//2783
f 2806//2784 2804//2782 2803//2781 2807//2785
f 2564//2542 2560//2538 2804//2782 2806//2784
f 2560//2538 2559//2537 2805//2783
f 2807//2785 2808//2786 2809//2787 2810//2788
f 2795//2773 2809//2787 2808//2786 2792//2770
f 2797//2775 2811//2789 2809//2787 2795//2773
f 2810//2788 2809//2787 2811//2789 2812//2790
f 2801//2779 2800//2778 2813//2791 2814//2792
f 2808//2786 2813//2791 2800//2778 2792//2770
f 2807//2785 2803//2781 2813//2791 2808//2786
f 2803//2781 2802//2780 2814//2792
f 2815//2793 2816//2794 2817//2795 2818//2796
f 1829//1825 2817//2795 2816//2794 1711//1707
f 1073//1067 1071//1065 2817//2795 1829//1825
f 2818//2796 2817//2795 1071//1065 1070//1064
f 2806//2784 2819//2797 2579//2557 2564//2542
f 2810//2788 2819//2797 2806//2784 2807//2785
f 2812//2790 2820//2798 2819//2797 2810//2788
f 2819//2797 2820//2798 2575//2553 2579//2557
f 2524//2502 2821//2799 2822//2800 2659//2637
f 2823//2801 2822//2800 2821//2799 2824//2802
f 2673//2651 2670//2648 2822//2800 2823//2801
f 2659//2637 2822//2800 2670//2648 2661//2639
f 1711//1707 2816//2794 2825//2803 1710//1706
f 2826//2804 2825//2803 2816//2794 2815//2793
f 2825//2803 2826//2804 1139//1133
f 1710//1706 2825//2803 1135//1129 1134//1128
f 2815//2793 2827//2805 2828//2806 2826//2804
f 2829//2807 2828//2806 2827//2805 2824//2802
f 2830//2808 2831//2809 2828//2806 2829//2807
f 2826//2804 2828//2806 2831//2809 1139//1133
f 2824//2802 2827//2805 2832//2810 2823//2801
f 2818//2796 2832//2810 2827//2805 2815//2793
f 1070//1064 2678//2656 2832//2810 2818//2796
f 2823//2801 2832//2810 2678//2656 2673//2651
f 2833//2811 2834//2812 2835//2813 2836//2814
f 1101//1095 2835//2813 2834//2812 1098//1092
f 1091//1085 1087//1081 2835//2813 1101//1095
f 2836//2814 2835//2813 1087//1081 1086//1080
f 2521//2499 2837//2815 2838//2816 2522//2500
f 2837//2815 2830//2808 2829//2807
f 2824//2802 2821//2799 2838//2816 2829//2807
f 2522//2500 2838//2816 2821//2799 2524//2502
f 2518//2496 2839//2817 2840//2818 2643//2621
f 2841//2819 2840//2818 2839//2817 2842//2820
f 2656//2634 2653//2631 2840//2818 2841//2819
f 2643//2621 2840//2818 2653//2631 2646//2624
f 1098//1092 2834//2812 2843//2821 1257//1253
f 2844//2822 2843//2821 2834//2812 2833//2811
f 2845//2823 2846//2824 2843//2821 2844//2822
f 1257//1253 2843//2821 2846//2824 1254//1250
f 2844//2822 2847//2825 2848//2826 2845//2823
f 2833//2811 2849//2827 2847//2825 2844//2822
f 2850//2828 2847//2825 2849//2827 2842//2820
f 2848//2826 2847//2825 2850//2828 2851//2829
f 2842//2820 2849//2827 2852//2830 2841//2819
f 2836//2814 2852//2830 2849//2827 2833//2811
f 1086//1080 2665//2643 2852//2830 2836//2814
f 2841//2819 2852//2830 2665//2643 2656//2634
f 2853//2831 2854//2832 2855//2833 2856//2834
f 2857//2835 2855//2833 2854//2832 2858//2836
f 2859//2837 2860//2838 2855//2833 2857//2835
f 2861//2839 2856//2834 2855//2833 2860//2838
f 2851//2829 2850//2828 2862//2840 2863//2841
f 2839//2817 2862//2840 2850//2828 2842//2820
f 2518//2496 2517//2495 2862//2840 2839//2817
f 2517//2495 2514//2492 2863//2841
f 1119//1113 2864//2842 2865//2843 1346//1342
f 2856//2834 2865//2843 2864//2842 2853//2831
f 2866//2844 2865//2843 2856//2834 2861//2839
f 1348//1344 1346//1342 2865//2843 2866//2844
f 1132//1126 2867//2845 2868//2846 1131//1125
f 2869//2847 2868//2846 2867//2845 2858//2836
f 2705//2683 2703//2681 2868//2846 2869//2847
f 1131//1125 2868//2846 2703//2681 1133//1127
f 2858//2836 2854//2832 2870//2848 2869//2847
f 2871//2849 2870//2848 2854//2832 2853//2831
f 2712//2690 2711//2689 2870//2848 2871//2849
f 2711//2689 2705//2683 2869//2847
f 2858//2836 2867//2845 2872//2850 2857//2835
f 1765//1761 2872//2850 2867//2845 1132//1126
f 1769//1765 2873//2851 2872//2850 1765//1761
f 2857//2835 2872//2850 2873//2851 2859//2837
f 2801//2779 2874//2852 2875//2853 2799//2777
f 2876//2854 2875//2853 2874//2852 2877//2855
f 1162//1156 1166//1160 2875//2853 2876//2854
f 2799//2777 2875//2853 1166//1160 1150//1144
f 2719//2697 2878//2856 1122//1116 1124//1118
f 2871//2849 2878//2856 2719//2697 2712//2690
f 2853//2831 2864//2842 2878//2856 2871//2849
f 1122//1116 2878//2856 2864//2842 1119//1113
f 1139//1133 2831//2809 2879//2857 1138//1132
f 2880//2858 2879//2857 2831//2809 2830//2808
f 2881//2859 2882//2860 2879//2857 2880//2858
f 1138//1132 2879//2857 2882//2860 1140//1134
f 2876//2854 2883//2861 1163//1157 1162//1156
f 2883//2861 2876//2854 2877//2855 2884//2862
f 2521//2499 2520//2498 2883//2861 2884//2862
f 1147//1141 1163//1157 2883//2861 2520//2498
f 2877//2855 2885//2863 2886//2864 2884//2862
f 2880//2858 2886//2864 2885//2863 2881//2859
f 2830//2808 2837//2815 2886//2864 2880//2858
f 2884//2862 2886//2864 2837//2815 2521//2499
f 2802//2780 2887//2865 2888//2866 2814//2792
f 2888//2866 2887//2865 2881//2859
f 2877//2855 2874//2852 2888//2866 2885//2863
f 2814//2792 2888//2866 2874//2852 2801//2779
f 2889//2867 1249//1245 1248//1244
f 2890//2868 2889//2867 1277//1273 1276//1272
f 2890//2868 2891//2869 2892//2870
f 1249//1245 2889//2867 2892//2870 1252//1248
f 2887//2865 2893//2871 2882//2860 2881//2859
f 2805//2783 2893//2871 2887//2865 2802//2780
f 2893//2871 2805//2783 2559//2537
f 1140//1134 2882//2860 2893//2871 2565//2543
f 2700//2678 2708//2686 2894//2872 2699//2677
f 2895//2873 2894//2872 2708//2686 2707//2685
f 2896//2874 2897//2875 2894//2872 2895//2873
f 2699//2677 2894//2872 2897//2875 2512//2490
f 2891//2869 2890//2868 2898//2876 2899//2877
f 1288//1284 2898//2876 2890//2868 1276//1272
f 2898//2876 1288//1284 1254//1250
f 2846//2824 2845//2823 2899//2877
f 2896//2874 2900//2878 2901//2879 2902//2880
f 2899//2877 2901//2879 2900//2878 2891//2869
f 2901//2879 2899//2877 2845//2823
f 2902//2880 2901//2879 2848//2826 2851//2829
f 2891//2869 2900//2878 2903//2881 2892//2870
f 2895//2873 2903//2881 2900//2878 2896//2874
f 2707//2685 2718//2696 2903//2881 2895//2873
f 2892//2870 2903//2881 2718//2696 1252//1248
f 2904//2882 2780//2758 2769//2747 2905//2883
f 2906//2884 2904//2882 2905//2883 2907//2885
f 2908//2886 2909//2887 2904//2882 2906//2884
f 2777//2755 2780//2758 2904//2882 2909//2887
f 2512//2490 2897//2875 2910//2888 2509//2487
f 2902//2880 2910//2888 2897//2875 2896//2874
f 2851//2829 2863//2841 2910//2888 2902//2880
f 2509//2487 2910//2888 2863//2841 2514//2492
f 2911//2889 2912//2890 1353//1349 1352//1348
f 2907//2885 2905//2883 2912//2890 2911//2889
f 2772//2750 2912//2890 2905//2883 2769//2747
f 2912//2890 2772//2750 1339//1335 1353//1349
f 2913//2891 1771//1767 1367//1363 2914//2892
f 2908//2886 2915//2893 2913//2891 2914//2892
f 2859//2837 2873//2851 2913//2891 2915//2893
f 1771//1767 2913//2891 2873//2851 1769//1765
f 2859//2837 2915//2893 2916//2894 2860//2838
f 2906//2884 2916//2894 2915//2893 2908//2886
f 2907//2885 2917//2895 2916//2894 2906//2884
f 2860//2838 2916//2894 2917//2895 2861//2839
f 2909//2887 2918//2896 2778//2756 2777//2755
f 2914//2892 2918//2896 2909//2887 2908//2886
f 1367//1363 1366//1362 2918//2896 2914//2892
f 2778//2756 2918//2896 1366//1362 1355//1351
f 2919//2897 2920//2898 2921//2899 2922//2900
f 1394//1390 2921//2899 2920//2898 1391//1387
f 1374//1370 1373//1369 2921//2899 1394//1390
f 2922//2900 2921//2899 1373//1369 1372//1368
f 1391//1387 2920//2898 2923//2901 1399//1395
f 2924//2902 2923//2901 2920//2898 2919//2897
f 2797//2775 2796//2774 2923//2901 2924//2902
f 1399//1395 2923//2901 2796//2774 1390//1386
f 2861//2839 2917//2895 2925//2903 2866//2844
f 2911//2889 2925//2903 2917//2895 2907//2885
f 1352//1348 1349//1345 2925//2903 2911//2889
f 2866//2844 2925//2903 1349//1345 1348//1344
f 2575//2553 2820//2798 2926//2904 2576//2554
f 2927//2905 2926//2904 2820//2798 2812//2790
f 2928//2906 2929//2907 2926//2904 2927//2905
f 2576//2554 2926//2904 2929//2907 2558//2536
f 2928//2906 2930//2908 2931//2909 2932//2910
f 2922//2900 2931//2909 2930//2908 2919//2897
f 1372//1368 2933//2911 2931//2909 2922//2900
f 2932//2910 2931//2909 2933//2911 2934//2912
f 2919//2897 2930//2908 2935//2913 2924//2902
f 2927//2905 2935//2913 2930//2908 2928//2906
f 2812//2790 2811//2789 2935//2913 2927//2905
f 2924//2902 2935//2913 2811//2789 2797//2775
f 2936//2914 2937//2915 2938//2916 2939//2917
f 2940//2918 2938//2916 2937//2915 2941//2919
f 2942//2920 2943//2921 2938//2916 2940//2918
f 2939//2917 2938//2916 2943//2921 2944//2922
f 2558//2536 2929//2907 2945//2923 2556//2534
f 2932//2910 2945//2923 2929//2907 2928//2906
f 2934//2912 2946//2924 2945//2923 2932//2910
f 2556//2534 2945//2923 2946//2924 2553//2531
f 2944//2922 2943//2921 2947//2925 2948//2926
f 2949//2927 2947//2925 2943//2921 2942//2920
f 1456//1452 2573//2551 2947//2925 2949//2927
f 2948//2926 2947//2925 2573//2551 2572//2550
f 2788//2766 2950//2928 2951//2929 2789//2767
f 2952//2930 2951//2929 2950//2928 2941//2919
f 1463//1459 1459//1455 2951//2929 2952//2930
f 2789//2767 2951//2929 1459//1455 1458//1454
f 2326//2322 2325//2321 2953//2931 2954//2932
f 2952//2930 2953//2931 2325//2321 1463//1459
f 2941//2919 2937//2915 2953//2931 2952//2930
f 2954//2932 2953//2931 2937//2915 2936//2914
f 1478//1474 2955//2933 2956//2934 1476//1472
f 2957//2935 2956//2934 2955//2933 2958//2936
f 1496//1492 1495//1491 2956//2934 2957//2935
f 1495//1491 1473//1469 1476//1472
f 2959//2937 2960//2938 2961//2939 2962//2940
f 2963//2941 2961//2939 2960//2938 2964//2942
f 2415//2411 2412//2408 2961//2939 2963//2941
f 2962//2940 2961//2939 2412//2408 2411//2407
f 2965//2943 2783//2761 2768//2746 2966//2944
f 2967//2945 2965//2943 2966//2944 2964//2942
f 2958//2936 2955//2933 2965//2943 2967//2945
f 2955//2933 1478//1474 2783//2761
f 2431//2427 2435//2431 2968//2946 2969//2947
f 2957//2935 2968//2946 2435//2431 1496//1492
f 2958//2936 2970//2948 2968//2946 2957//2935
f 2969//2947 2968//2946 2970//2948 2971//2949
f 2971//2949 2970//2948 2972//2950 2973//2951
f 2967//2945 2972//2950 2970//2948 2958//2936
f 2964//2942 2960//2938 2972//2950 2967//2945
f 2973//2951 2972//2950 2960//2938 2959//2937
f 2415//2411 2963//2941 2974//2952 2534//2512
f 2964//2942 2966//2944 2974//2952 2963//2941
f 2974//2952 2966//2944 2768//2746
f 2767//2745 2531//2509 2534//2512
f 2975//2953 2976//2954 2977//2955 2978//2956
f 2979//2957 2977//2955 2976//2954 2980//2958
f 2400//2396 2397//2393 2977//2955 2979//2957
f 2978//2956 2977//2955 2397//2393 1689//1685
f 2981//2959 2982//2960 2983//2961 2984//2962
f 2985//2963 2983//2961 2982//2960 2986//2964
f 2983//2961 2985//2963 2980//2958
f 2984//2962 2983//2961 2976//2954 2975//2953
f 2980//2958 2987//2965 2988//2966 2979//2957
f 2418//2414 2988//2966 2987//2965 2419//2415
f 2407//2403 2409//2405 2988//2966 2418//2414
f 2979//2957 2988//2966 2409//2405 2400//2396
f 2989//2967 2990//2968 2991//2969 2992//2970
f 2308//2304 2307//2303 2991//2969 2990//2968
f 2991//2969 2307//2303 1560//1556
f 2992//2970 2991//2969 2993//2971 2994//2972
f 2986//2964 2982//2960 2995//2973 2996//2974
f 2997//2975 2995//2973 2982//2960 2981//2959
f 1661//1657 2426//2422 2995//2973 2997//2975
f 2426//2422 2425//2421 2996//2974
f 2998//2976 2999//2977 3000//2978 3001//2979
f 2992//2970 3000//2978 2999//2977 2989//2967
f 2994//2972 3002//2980 3000//2978 2992//2970
f 3001//2979 3000//2978 3002//2980 3003//2981
f 3004//2982 3005//2983 2990//2968 2989//2967
f 2570//2548 3005//2983 3004//2982 2567//2545
f 2320//2316 3005//2983 2570//2548 2317//2313
f 2990//2968 3005//2983 2320//2316 2308//2304
f 3006//2984 3007//2985 3008//2986 3009//2987
f 1568//1564 3008//2986 3007//2985 1559//1555
f 1660//1656 3008//2986 1568//1564 1567//1563
f 3009//2987 3008//2986 1660//1656 1659//1655
f 1559//1555 3007//2985 3010//2988 1558//1554
f 3007//2985 3006//2984 3011//2989
f 3010//2988 3011//2989 2994//2972
f 2993//2971 1560//1556 1558//1554
f 3001//2979 3012//2990 3013//2991 2998//2976
f 3003//2981 3014//2992 3012//2990 3001//2979
f 3014//2992 2548//2526 2550//2528
f 2552//2530 3013//2991 3012//2990 2550//2528
f 3015//2993 3016//2994 3017//2995 3018//2996
f 3019//2997 3017//2995 3016//2994 3020//2998
f 3021//2999 3022//3000 3017//2995 3019//2997
f 3018//2996 3017//2995 3022//3000 2540//2518
f 3020//2998 3016//2994 3023//3001 3024//3002
f 3025//3003 3023//3001 3016//2994 3015//2993
f 1657//1653 1667//1663 3023//3001 3025//3003
f 3024//3002 3023//3001 1667//1663 1666//1662
f 1689//1685 1688//1684 3026//3004 2978//2956
f 3027//3005 3026//3004 1688//1684 1681//1677
f 3021//2999 3028//3006 3026//3004 3027//3005
f 3028//3006 2975//2953 2978//2956
f 2975//2953 3028//3006 3029//3007 2984//2962
f 3019//2997 3029//3007 3028//3006 3021//2999
f 3020//2998 3030//3008 3029//3007 3019//2997
f 2984//2962 3029//3007 3030//3008 2981//2959
f 3031//3009 3022//3000 3021//2999 3027//3005
f 1680//1676 3031//3009 3027//3005 1681//1677
f 1677//1673 2536//2514 3031//3009 1680//1676
f 2540//2518 3022//3000 3031//3009 2536//2514
f 3032//3010 3033//3011 3034//3012 3035//3013
f 3036//3014 3037//3015 3033//3011 3032//3010
f 2998//2976 3013//2991 3033//3011 3037//3015
f 3034//3012 3033//3011 3013//2991 2552//2530
f 2981//2959 3030//3008 3038//3016 2997//2975
f 3024//3002 3038//3016 3030//3008 3020//2998
f 1666//1662 1662//1658 3038//3016 3024//3002
f 2997//2975 3038//3016 1662//1658 1661//1657
f 3037//3015 3039//3017 2999//2977 2998//2976
f 3040//3018 3039//3017 3037//3015 3036//3014
f 2567//2545 3004//2982 3039//3017 3040//3018
f 2989//2967 2999//2977 3039//3017 3004//2982
f 2936//2914 3041//3019 3042//3020 2954//2932
f 3043//3021 3042//3020 3041//3019 3035//3013
f 2336//2332 2333//2329 3042//3020 3043//3021
f 2954//2932 3042//3020 2333//2329 2326//2322
f 2944//2922 3044//3022 3045//3023 2939//2917
f 3032//3010 3045//3023 3044//3022 3036//3014
f 3035//3013 3041//3019 3045//3023 3032//3010
f 2939//2917 3045//3023 3041//3019 2936//2914
f 2332//2328 2341//2337 3046//3024 2551//2529
f 3043//3021 3046//3024 2341//2337 2336//2332
f 3035//3013 3034//3012 3046//3024 3043//3021
f 2551//2529 3046//3024 3034//3012 2552//2530
f 2425//2421 3047//3025 3048//3026 2996//2974
f 3049//3027 3048//3026 3047//3025 3050//3028
f 3051//3029 3052//3030 3048//3026 3049//3027
f 2996//2974 3048//3026 3052//3030 2986//2964
f 3036//3014 3044//3022 3053//3031 3040//3018
f 2948//2926 3053//3031 3044//3022 2944//2922
f 2572//2550 2568//2546 3053//3031 2948//2926
f 3040//3018 3053//3031 2568//2546 2567//2545
f 2986//2964 3052//3030 3054//3032 2985//2963
f 3055//3033 3054//3032 3052//3030 3051//3029
f 2419//2415 2987//2965 3054//3032 3055//3033
f 2985//2963 3054//3032 2987//2965 2980//2958
f 2971//2949 3056//3034 3057//3035 2969//2947
f 3058//3036 3057//3035 3056//3034 3050//3028
f 2433//2429 2432//2428 3057//3035 3058//3036
f 2969//2947 3057//3035 2432//2428 2431//2427
f 2959//2937 3059//3037 3060//3038 2973//2951
f 3049//3027 3060//3038 3059//3037 3051//3029
f 3050//3028 3056//3034 3060//3038 3049//3027
f 2973//2951 3060//3038 3056//3034 2971//2949
f 2433//2429 3058//3036 3061//3039 2429//2425
f 3050//3028 3047//3025 3061//3039 3058//3036
f 2424//2420 3061//3039 3047//3025 2425//2421
f 2429//2425 3061//3039 2424//2420 2423//2419
f 3051//3029 3059//3037 3062//3040 3055//3033
f 2962//2940 3062//3040 3059//3037 2959//2937
f 2411//2407 2420//2416 3062//3040 2962//2940
f 3055//3033 3062//3040 2420//2416 2419//2415
f 3063//3041 3064//3042 3065//3043
f 3064//3042 3063//3041 3067//3044 3068//3045
f 3065//3043 3070//3046 3069//3047 3066//3048
f 3068//3045 3067//3044 3071//3049 3072//3050
f 3073//3051 3074//3052 3075//3053 3076//3054
f 3077//3055 3075//3053 3074//3052 3078//3056
f 191//188 190//187 3075//3053 3077//3055
f 3076//3054 3075//3053 190//187 185//182
f 3078//3056 3074//3052 3079//3057 3080//3058
f 3081//3059 3079//3057 3074//3052 3073//3051
f 2714//2692 3079//3057 3081//3059 2715//2693
f 3079//3057 2714//2692 2529//2507 3080//3058
f 2640//2618 3082//3060 3083//3061 2641//2619
f 3076//3054 3083//3061 3082//3060 3073//3051
f 185//182 184//181 3083//3061 3076//3054
f 2641//2619 3083//3061 184//181 183//180
f 3084//3062 2726//2704 2715//2693 3081//3059
f 3073//3051 3082//3060 3084//3062 3081//3059
f 3082//3060 2640//2618 2647//2625
f 2505//2483 2726//2704 3084//3062 2647//2625
f 2529//2507 2527//2505 3085//3063 3080//3058
f 2527//2505 2528//2506 3086//3064
f 3087//3065 3088//3066 3085//3063 3086//3064
f 3080//3058 3085//3063 3088//3066 3078//3056
f 3089//3067 3090//3068 3091//3069 3092//3070
f 2759//2737 3091//3069 3090//3068 2757//2735
f 2691//2669 2694//2672 3091//3069 2759//2737
f 3092//3070 3091//3069 2694//2672 2693//2671
f 3093//3071 3094//3072 339//336 194//191
f 3095//3073 3094//3072 3093//3071 3087//3065
f 3089//3067 3096//3074 3094//3072 3095//3073
f 342//339 339//336 3094//3072 3096//3074
f 3078//3056 3088//3066 3097//3075 3077//3055
f 3093//3071 3097//3075 3088//3066 3087//3065
f 194//191 193//190 3097//3075 3093//3071
f 3077//3055 3097//3075 193//190 191//188
f 2757//2735 3090//3068 3098//3076 2758//2736
f 3095//3073 3098//3076 3090//3068 3089//3067
f 3098//3076 3095//3073 3087//3065
f 2758//2736 3098//3076 3086//3064 2528//2506
f 3096//3074 3099//3077 347//344 342//339
f 3092//3070 3099//3077 3096//3074 3089//3067
f 2693//2671 2701//2679 3099//3077 3092//3070
f 3099//3077 2701//2679 247//244 347//344
f 2941//2919 2950//2928 3100//3078 2940//2918
f 2788//2766 3101//3079 3100//3078 2950//2928
f 3102//3080 3100//3078 3101//3079 3103//3081
f 2940//2918 3100//3078 3102//3080 2942//2920
f 2934//2912 3104//3082 3105//3083 2946//2924
f 3106//3084 3107//3085 3105//3083 3104//3082
f 2791//2769 3105//3083 3107//3085 2787//2765
f 2553//2531 2946//2924 3105//3083 2791//2769
f 3108//3086 3109//3087 1453//1449 1452//1448
f 3110//3088 3109//3087 3108//3086 3103//3081
f 3106//3084 3111//3089 3109//3087 3110//3088
f 1453//1449 3109//3087 3111//3089 1378//1374
f 2942//2920 3102//3080 3112//3090 2949//2927
f 3103//3081 3108//3086 3112//3090 3102//3080
f 3112//3090 3108//3086 1452//1448
f 1457//1453 1456//1452 2949//2927
f 2787//2765 3107//3085 3113//3091 2785//2763
f 3110//3088 3113//3091 3107//3085 3106//3084
f 3103//3081 3101//3079 3113//3091 3110//3088
f 2785//2763 3113//3091 3101//3079 2788//2766
f 3106//3084 3104//3082 3114//3092 3111//3089
f 2933//2911 3114//3092 3104//3082 2934//2912
f 3114//3092 2933//2911 1372//1368
f 3114//3092 1371//1367 1378//1374 3111//3089
f 2540//2518 2539//2517 3115//3093 3018//2996
f 3116//3094 3115//3093 2539//2517 2538//2516
f 3117//3095 3118//3096 3115//3093 3116//3094
f 3018//2996 3115//3093 3118//3096 3015//2993
f 3015//2993 3118//3096 3119//3097 3025//3003
f 3120//3098 3119//3097 3118//3096 3117//3095
f 1658//1654 3119//3097 3120//3098 1659//1655
f 3025//3003 3119//3097 1658//1654 1657//1653
f 1659//1655 3120//3098 3121//3099 3009//2987
f 3122//3100 3121//3099 3120//3098 3117//3095
f 3123//3101 3124//3102 3121//3099 3122//3100
f 3009//2987 3121//3099 3124//3102 3006//2984
f 2544//2522 3125//3103 3126//3104 2542//2520
f 3122//3100 3126//3104 3125//3103 3123//3101
f 3117//3095 3116//3094 3126//3104 3122//3100
f 2542//2520 3126//3104 3116//3094 2538//2516
f 2548//2526 3014//2992 3127//3105 2547//2525
f 3128//3106 3127//3105 3014//2992 3003//2981
f 3123//3101 3125//3103 3127//3105 3128//3106
f 2547//2525 3127//3105 3125//3103 2544//2522
f 3006//2984 3124//3102 3129//3107 3011//2989
f 3128//3106 3129//3107 3124//3102 3123//3101
f 3003//2981 3002//2980 3129//3107 3128//3106
f 3011//2989 3129//3107 3002//2980 2994//2972
f 3130//3108 2379//2375 2371//2367
f 3131//3109 3132//3110 3133//3111
f 2384//2380 2396//2392 3130//3108 3133//3111
f 2379//2375 3130//3108 2396//2392 2376//2372
f 3134//3112 3135//3113 3136//3114 3137//3115
f 2385//2381 3136//3114 3135//3113 2187//2183
f 3133//3111 3136//3114 2385//2381 2384//2380
f 3132//3110 3137//3115 3136//3114 3133//3111
f 3138//3116 3139//3117 3140//3118 3141//3119
f 2186//2182 3140//3118 3139//3117 2188//2184
f 2187//2183 3135//3113 3140//3118 2186//2182
f 3141//3119 3140//3118 3135//3113 3134//3112
f 3142//3120 3139//3117 3138//3116 3143//3121
f 3144//3122 3142//3120 3143//3121 3145//3123
f 2193//2189 2191//2187 3142//3120 3144//3122
f 3142//3120 2191//2187 2188//2184 3139//3117
f 3145//3123 3146//3124 3147//3125 3144//3122
f 3148//3126 3147//3125 3146//3124 3149//3127
f 2197//2193 2194//2190 3147//3125 3148//3126
f 3144//3122 3147//3125 2194//2190 2193//2189
f 3150//3128 3151//3129 3152//3130 3153//3131
f 2199//2195 3152//3130 3151//3129 2200//2196
f 2197//2193 3148//3126 3152//3130 2199//2195
f 3153//3131 3152//3130 3148//3126 3149//3127
f 3154//3132 3155//3133 3151//3129 3150//3128
f 3156//3134 3155//3133 3154//3132 3157//3135
f 3155//3133 3156//3134 2204//2200 2203//2199
f 2200//2196 3151//3129 3155//3133 2203//2199
f 2346//2342 3158//3136 3159//3137 2353//2349
f 3160//3138 3159//3137 3158//3136 3161//3139
f 2363//2359 2360//2356 3159//3137 3160//3138
f 2353//2349 3159//3137 2360//2356 2350//2346
f 3157//3135 3162//3140 3163//3141 3156//3134
f 3163//3141 3162//3140 3161//3139 3158//3136
f 2349//2345 3163//3141 3158//3136 2346//2342
f 3156//3134 3163//3141 2349//2345 2204//2200
f 2371//2367 2368//2364 3164//3142 3131//3109
f 2368//2364 2363//2359 3160//3138
f 3164//3142 3160//3138 3161//3139
f 3165//3143 3132//3110 3131//3109
f 3166//3144 3167//3145 3168//3146 3169//3147
f 3137//3115 3168//3146 3167//3145 3134//3112
f 3137//3115 3132//3110 3170//3148
f 3171//3149 3169//3147 3168//3146 3170//3148
f 3166//3144 3172//3150 3173//3151 3167//3145
f 3174//3152 3173//3151 3172//3150 3175//3153
f 3138//3116 3141//3119 3173//3151 3174//3152
f 3134//3112 3167//3145 3173//3151 3141//3119
f 3175//3153 3176//3154 3177//3155 3174//3152
f 3178//3156 3177//3155 3176//3154 3179//3157
f 3145//3123 3143//3121 3177//3155 3178//3156
f 3174//3152 3177//3155 3143//3121 3138//3116
f 3179//3157 3180//3158 3181//3159 3178//3156
f 3181//3159 3180//3158 3182//3160 3183//3161
f 3146//3124 3181//3159 3183//3161 3149//3127
f 3178//3156 3181//3159 3146//3124 3145//3123
f 3184//3162 3185//3163 3186//3164 3187//3165
f 3153//3131 3186//3164 3185//3163 3150//3128
f 3149//3127 3183//3161 3186//3164 3153//3131
f 3187//3165 3186//3164 3183//3161 3182//3160
f 3166//3144 3188//3166 3189//3167 3172//3150
f 3190//3168 3189//3167 3188//3166 3191//3169
f 3192//3170 3193//3171 3189//3167 3190//3168
f 3189//3167 3193//3171 3175//3153 3172//3150
f 3192//3170 3194//3172 3195//3173 3193//3171
f 3196//3174 3197//3175 3195//3173 3194//3172
f 3179//3157 3176//3154 3195//3173 3197//3175
f 3193//3171 3195//3173 3176//3154 3175//3153
f 3198//3176 3199//3177 3200//3178 3201//3179
f 3154//3132 3200//3178 3199//3177 3157//3135
f 3150//3128 3185//3163 3200//3178 3154//3132
f 3201//3179 3200//3178 3185//3163 3184//3162
f 3196//3174 3202//3180 3203//3181 3197//3175
f 3204//3182 3205//3183 3203//3181 3202//3180
f 3182//3160 3180//3158 3203//3181 3205//3183
f 3197//3175 3203//3181 3180//3158 3179//3157
f 3191//3169 3206//3184 3207//3185 3190//3168
f 3202//3180 3207//3185 3206//3184 3204//3182
f 3196//3174 3194//3172 3207//3185 3202//3180
f 3190//3168 3207//3185 3194//3172 3192//3170
f 3208//3186 3209//3187 3210//3188 3211//3189
f 3212//3190 3210//3188 3209//3187 3213//3191
f 3204//3182 3206//3184 3210//3188 3212//3190
f 3211//3189 3210//3188 3206//3184 3191//3169
f 3182//3160 3205//3183 3214//3192 3187//3165
f 3212//3190 3214//3192 3205//3183 3204//3182
f 3213//3191 3215//3193 3214//3192 3212//3190
f 3187//3165 3214//3192 3215//3193 3184//3162
f 3216//3194 3217//3195 3218//3196 3219//3197
f 3217//3195 3171//3149 3170//3148
f 3218//3196 3170//3148 3132//3110
f 3219//3197 3218//3196 3165//3143 3161//3139
f 3220//3198 3221//3199 3169//3147 3171//3149
f 3211//3189 3221//3199 3220//3198 3208//3186
f 3191//3169 3188//3166 3221//3199 3211//3189
f 3169//3147 3221//3199 3188//3166 3166//3144
f 3222//3200 3216//3194 3219//3197
f 3219//3197 3161//3139 3162//3140
f 3162//3140 3157//3135 3199//3177
f 3199//3177 3198//3176 3222//3200
f 3223//3201 3224//3202 3225//3203 3226//3204
f 3227//3205 3225//3203 3224//3202 3208//3186
f 3216//3194 3222//3200 3225//3203 3227//3205
f 3226//3204 3225//3203 3222//3200 3198//3176
f 3227//3205 3208//3186 3220//3198
f 3171//3149 3217//3195 3228//3206 3220//3198
f 3227//3205 3228//3206 3217//3195 3216//3194
f 3213//3191 3209//3187 3229//3207 3230//3208
f 3224//3202 3229//3207 3209//3187 3208//3186
f 3230//3208 3229//3207 3224//3202 3223//3201
f 3184//3162 3215//3193 3231//3209 3201//3179
f 3230//3208 3231//3209 3215//3193 3213//3191
f 3223//3201 3226//3204 3231//3209 3230//3208
f 3201//3179 3231//3209 3226//3204 3198//3176
f 3232//3210 3233//3211 3234//3212 3235//3213
f 2484//2465 3233//3211 3232//3210 10//9
f 3233//3211 2484//2465 2481//2462
f 3236//3214 3234//3212 3233//3211 3237//3215
f 3238//3216 3239//3217 3240//3218
f 3241//3219 2//1 5//4
f 10//9 3232//3210 3238//3216 5//4
f 3235//3213 3239//3217 3238//3216 3232//3210
f 3242//3220 3243//3221 3244//3222 3245//3223
f 3246//3224 3244//3222 3243//3221 3247//3225
f 3240//3218 3239//3217 3244//3222 3246//3224
f 3245//3223 3244//3222 3239//3217 3235//3213
f 3248//3226 3249//3227 3243//3221 3242//3220
f 3247//3225 3243//3221 3249//3227 3250//3228
f 3251//3229 3252//3230 3253//3231 3254//3232
f 3252//3230 3251//3229 26//25
f 2//1 3241//3219 3252//3230 25//24
f 3253//3231 3252//3230 3241//3219 3240//3218
f 3254//3232 3253//3231 3255//3233 3256//3234
f 3255//3233 3253//3231 3240//3218
f 3246//3224 3247//3225 3257//3235
f 3256//3234 3255//3233 3257//3235 3258//3236
f 3259//3237 3257//3235 3247//3225
f 3260//3238 3259//3237 60//56 46//44
f 3258//3236 3257//3235 3259//3237 3260//3238
f 33//32 36//35 3261//3239 3262//3240
f 3251//3229 3261//3239 36//35 26//25
f 3254//3232 3263//3241 3261//3239 3251//3229
f 3262//3240 3261//3239 3263//3241 3264//3242
f 3264//3242 3263//3241 3265//3243 3266//3244
f 3256//3234 3265//3243 3263//3241 3254//3232
f 3258//3236 3267//3245 3265//3243 3256//3234
f 3266//3244 3265//3243 3267//3245 3268//3246
f 3260//3238 3269//3247 3267//3245 3258//3236
f 46//44 44//42 3269//3247 3260//3238
f 3270//3248 3269//3247 44//42 43//41
f 3268//3246 3267//3245 3269//3247 3270//3248
f 35//34 34//33 3271//3249 3272//3250
f 3262//3240 3271//3249 34//33 33//32
f 3264//3242 3273//3251 3271//3249 3262//3240
f 3272//3250 3271//3249 3273//3251 3274//3252
f 3274//3252 3273//3251 3275//3253 3276//3254
f 3266//3244 3275//3253 3273//3251 3264//3242
f 3268//3246 3277//3255 3275//3253 3266//3244
f 3276//3254 3275//3253 3277//3255 3278//3256
f 3270//3248 3279//3257 3277//3255 3268//3246
f 43//41 56//52 3279//3257 3270//3248
f 3280//3258 3279//3257 56//52 57//55
f 3278//3256 3277//3255 3279//3257 3280//3258
f 3281//3259 3282//3260 3283//3261 3284//3262
f 51//50 49//46 3282//3260 3281//3259
f 3285//3263 3282//3260 49//46 50//49
f 3286//3264 3283//3261 3282//3260 3285//3263
f 3287//3265 3288//3266 3289//3267 3290//3268
f 3291//3269 3292//3270 3289//3267 3288//3266
f 1785//1781 3289//3267 3292//3270 1787//1783
f 1784//1780 3290//3268 3289//3267 1785//1781
f 3284//3262 3283//3261 3293//3271 3294//3272
f 3295//3273 3293//3271 3283//3261 3286//3264
f 3291//3269 3288//3266 3293//3271 3295//3273
f 3294//3272 3293//3271 3288//3266 3287//3265
f 3290//3268 3296//3274 3297//3275 3287//3265
f 2604//2582 3296//3274 3290//3268 1784//1780
f 3296//3274 2604//2582 2593//2571 3298//3276
f 3299//3277 3297//3275 3296//3274 3298//3276
f 3300//3278 3301//3279 3302//3280 3303//3281
f 2254//2250 3302//3280 3301//3279 2253//2249
f 1787//1783 3292//3270 3302//3280 2254//2250
f 3303//3281 3302//3280 3292//3270 3291//3269
f 3304//3282 3305//3283 3306//3284 3307//3285
f 1796//1792 2252//2248 3306//3284 3305//3283
f 2253//2249 3301//3279 3306//3284 2252//2248
f 3307//3285 3306//3284 3301//3279 3300//3278
f 3303//3281 3308//3286 3309//3287 3300//3278
f 3291//3269 3295//3273 3308//3286 3303//3281
f 3286//3264 3310//3288 3308//3286 3295//3273
f 3311//3289 3309//3287 3308//3286 3310//3288
f 3285//3263 3312//3290 3310//3288 3286//3264
f 50//49 2438//2433 3312//3290 3285//3263
f 2440//2436 3313//3291 3312//3290 2438//2433
f 3310//3288 3312//3290 3313//3291 3311//3289
f 3314//3292 3315//3293 3316//3294 3317//3295
f 1791//1787 1790//1786 3315//3293 3314//3292
f 3305//3283 3315//3293 1790//1786 1796//1792
f 3304//3282 3316//3294 3315//3293 3305//3283
f 3307//3285 3318//3296 3319//3297 3304//3282
f 3300//3278 3309//3287 3318//3296 3307//3285
f 3320//3298 3318//3296 3309//3287 3311//3289
f 3321//3299 3319//3297 3318//3296 3320//3298
f 3311//3289 3313//3291 3322//3300 3320//3298
f 2443//2438 3322//3300 3313//3291 2440//2436
f 2442//3301 3323//3302 3322//3300 2443//2438
f 3320//3298 3322//3300 3323//3302 3321//3299
f 3317//3295 3316//3294 3324//3303 3325//3304
f 3319//3297 3324//3303 3316//3294 3304//3282
f 3326//3305 3324//3303 3319//3297 3321//3299
f 3325//3304 3324//3303 3326//3305 3327//3306
f 3321//3299 3323//3302 3328//3307 3326//3305
f 2457//3308 3328//3307 3323//3302 2442//3301
f 3329//3309 3328//3307 2457//3308 2458//3310
f 3327//3306 3326//3305 3328//3307 3329//3309
f 3330//3311 3331//3312 1806//1802
f 3314//3292 3330//3311 1805//1801 1791//1787
f 3317//3295 3332//3313 3330//3311 3314//3292
f 3331//3312 3330//3311 3332//3313 3333//3314
f 3333//3314 3332//3313 3334//3315 3335//3316
f 3325//3304 3334//3315 3332//3313 3317//3295
f 3327//3306 3336//3317 3334//3315 3325//3304
f 3336//3317 3337//3318 3335//3316
f 3329//3309 3338//3319 3336//3317 3327//3306
f 2458//3310 2461//3320 3338//3319 3329//3309
f 3339//3321 3338//3319 2461//3320 2460//3322
f 3338//3319 3339//3321 3337//3318
f 3340//3323 3341//3324 3342//3325 3343//3326
f 1779//1775 2060//2056 3341//3324 3340//3323
f 3344//3327 3341//3324 2060//2056 2059//2055
f 3345//3328 3342//3325 3341//3324 3344//3327
f 2059//2055 2248//2244 3346//3329 3344//3327
f 3331//3312 3346//3329 2248//2244 1806//1802
f 3333//3314 3347//3330 3346//3329 3331//3312
f 3344//3327 3346//3329 3347//3330 3345//3328
f 3345//3328 3347//3330 3348//3331 3349//3332
f 3335//3316 3348//3331 3347//3330 3333//3314
f 3337//3318 3350//3333 3348//3331 3335//3316
f 3349//3332 3348//3331 3350//3333 3351//3334
f 3339//3321 3352//3335 3350//3333 3337//3318
f 2460//3322 2462//3336 3352//3335 3339//3321
f 3353//3337 3352//3335 2462//3336 2447//3338
f 3351//3334 3350//3333 3352//3335 3353//3337
f 3354//3339 3355//3340 3356//3341 3357//3342
f 3356//3341 3355//3340 1781//1777 1780//1776
f 3340//3323 3356//3341 1780//1776 1779//1775
f 3343//3326 3357//3342 3356//3341 3340//3323
f 3343//3326 3342//3325 3358//3343 3359//3344
f 3349//3332 3358//3343 3342//3325 3345//3328
f 3351//3334 3360//3345 3358//3343 3349//3332
f 3359//3344 3358//3343 3360//3345 3361//3346
f 3353//3337 3362//3347 3360//3345 3351//3334
f 2447//3338 2446//3348 3362//3347 3353//3337
f 3363//3349 3362//3347 2446//3348 2445//3350
f 3361//3346 3360//3345 3362//3347 3363//3349
f 3357//3342 3364//3351 3365//3352 3354//3339
f 3359//3344 3364//3351 3357//3342 3343//3326
f 3361//3346 3366//3353 3364//3351 3359//3344
f 3367//3354 3365//3352 3364//3351 3366//3353
f 3363//3349 3368//3355 3366//3353 3361//3346
f 2445//3350 2449//2439 3368//3355 3363//3349
f 2451//2442 3369//3356 3368//3355 2449//2439
f 3366//3353 3368//3355 3369//3356 3367//3354
f 2615//2593 3370//3357 3371//3358 2612//2590
f 1781//1777 3355//3340 3370//3357 2615//2593
f 3372//3359 3370//3357 3355//3340 3354//3339
f 3373//3360 3371//3358 3370//3357 3372//3359
f 3372//3359 3374//3361 3375//3362 3373//3360
f 3354//3339 3365//3352 3374//3361 3372//3359
f 3376//3363 3374//3361 3365//3352 3367//3354
f 3377//3364 3375//3362 3374//3361 3376//3363
f 3378//3365 3379//3366 3380//3367 3381//3368
f 2621//2599 3380//3367 3379//3366 2618//2596
f 2612//2590 3371//3358 3380//3367 2621//2599
f 3381//3368 3380//3367 3371//3358 3373//3360
f 3367//3354 3369//3356 3382//3369 3376//3363
f 2455//2443 3382//3369 3369//3356 2451//2442
f 2456//2446 3383//3370 3382//3369 2455//2443
f 3376//3363 3382//3369 3383//3370 3377//3364
f 66//63 62//59 3384//3371 3385//3372
f 3386//3373 3384//3371 62//59 61//58
f 3384//3371 3386//3373 3387//3374 3388//3375
f 3385//3372 3384//3371 3388//3375 3389//3376
f 3391//3377 3392//3378 2470//3379 2469//2451
f 3393//3380 3390//3381 3392//3378 3391//3377
f 3391//3377 3394//3382 3395//3383 3393//3380
f 2469//2451 3396//3384 3394//3382 3391//3377
f 3397//3385 3394//3382 3396//3384 3398//3386
f 3399//3387 3395//3383 3394//3382 3397//3385
f 3400//3388 3401//3389 3402//3390
f 3403//3391 3068//3045 3072//3050
f 3400//3388 3072//3050 2463//3392
f 3390//3381 3393//3380 3401//3389
f 3398//3386 3404//3393 3405//3394 3397//3385
f 3388//3375 3405//3394 3404//3393 3389//3376
f 3387//3374 3406//3395 3405//3394 3388//3375
f 3397//3385 3405//3394 3406//3395 3399//3387
f 87//84 86//83 3407//3396 3408//3397
f 3385//3372 3407//3396 86//83 66//63
f 3389//3376 3409//3398 3407//3396 3385//3372
f 3408//3397 3407//3396 3409//3398 3410//3399
f 3411//3400 3410//3399 3409//3398
f 3389//3376 3404//3393 3412//3401 3409//3398
f 3413//3402 3412//3401 3404//3393 3398//3386
f 3414//3403 3411//3400 3412//3401 3413//3402
f 3398//3386 3396//3384 3415//3404 3413//3402
f 2473//2453 3415//3404 3396//3384 2469//2451
f 2472//2452 3416//3405 3415//3404 2473//2453
f 3413//3402 3415//3404 3416//3405 3414//3403
f 699//693 698//692 3417//3406 3418//3407
f 3408//3397 3417//3406 698//692 87//84
f 3410//3399 3419//3408 3417//3406 3408//3397
f 3420//3409 3418//3407 3417//3406 3419//3408
f 3419//3408 3421//3410 3422//3411 3420//3409
f 3421//3410 3419//3408 3410//3399
f 3423//3412 3421//3410 3411//3400 3414//3403
f 3424//3413 3422//3411 3421//3410 3423//3412
f 3425//3414 3426//3415 3427//3416 3428//3417
f 3427//3416 3426//3415 705//699 704//698
f 704//698 699//693 3418//3407
f 3428//3417 3427//3416 3418//3407 3420//3409
f 3414//3403 3416//3405 3429//3418 3423//3412
f 2476//2457 3429//3418 3416//3405 2472//2452
f 2478//2459 3430//3419 3429//3418 2476//2457
f 3423//3412 3429//3418 3430//3419 3424//3413
f 3432//3420 3433//3421 3431//3422
f 3242//3220 3434//3423 3432//3420 3248//3226
f 3433//3421 3432//3420 3434//3423 3435//3424
f 3437//3425 2478//2459 2477//2458
f 3245//3223 3439//3426 3434//3423 3242//3220
f 3235//3213 3234//3212 3439//3426 3245//3223
f 3440//3427 3439//3426 3234//3212 3236//3214
f 3435//3424 3434//3423 3439//3426 3440//3427
f 3442//3428 3443//3429 3444//3430 3445//3431
f 3424//3413 3430//3419 3444//3430 3443//3429
f 3437//3425 3444//3430 3430//3419 2478//2459
f 3444//3430 3437//3425 3438//3432
f 3446//3433 3447//3434 3448//3435 3449//3436
f 3448//3435 3447//3434 2481//2462 2480//2461
f 705//699 3426//3415 3448//3435 2480//2461
f 3449//3436 3448//3435 3426//3415 3425//3414
f 3442//3428 3450//3437 3451//3438 3443//3429
f 3428//3417 3451//3438 3450//3437 3425//3414
f 3420//3409 3422//3411 3451//3438 3428//3417
f 3443//3429 3451//3438 3422//3411 3424//3413
f 2492//2471 2491//2470 3452//3439 3453//3440
f 2491//2470 2490//3441 2487//2467
f 2486//2466 3454//3442 3452//3439 2487//2467
f 3455//3443 3453//3440 3452//3439 3454//3442
f 3449//3436 3456//3444 3457//3445 3446//3433
f 3425//3414 3450//3437 3456//3444 3449//3436
f 3458//3446 3456//3444 3450//3437 3442//3428
f 3457//3445 3456//3444 3458//3446 3459//3447
f 3445//3431 3460//3448 3458//3446 3442//3428
f 3445//3431 3438//3432 3441//3449
f 3459//3447 3458//3446 3460//3448 3461//3450
f 3454//3442 3462//3451 3463//3452 3455//3443
f 3454//3442 2486//2466 2489//2469
f 2485//3453 3436//3454 3462//3451 2489//2469
f 3436//3454 3431//3422 3463//3452
f 3455//3443 3463//3452 3464//3455 3465//3456
f 3433//3421 3464//3455 3463//3452 3431//3422
f 3435//3424 3466//3457 3464//3455 3433//3421
f 3465//3456 3464//3455 3466//3457 3467//3458
f 3468//3459 3469//3460 3470//3461 3471//3462
f 3457//3445 3470//3461 3469//3460 3446//3433
f 3459//3447 3472//3463 3470//3461 3457//3445
f 3471//3462 3470//3461 3472//3463 3473//3464
f 3459//3447 3461//3450 3474//3465 3472//3463
f 2492//2471 3475//3466 3474//3465 2493//2472
f 3472//3463 3474//3465 3475//3466 3473//3464
f 3476//3467 3477//3468 3236//3214
f 3447//3434 3476//3467 3237//3215 2481//2462
f 3446//3433 3469//3460 3476//3467 3447//3434
f 3477//3468 3476//3467 3469//3460 3468//3459
f 3467//3458 3466//3457 3478//3469 3479//3470
f 3440//3427 3478//3469 3466//3457 3435//3424
f 3236//3214 3477//3468 3478//3469 3440//3427
f 3477//3468 3468//3459 3479//3470
f 3473//3464 3480//3471 3481//3472 3471//3462
f 3479//3470 3481//3472 3480//3471 3467//3458
f 3471//3462 3481//3472 3479//3470 3468//3459
f 3475//3466 3482//3473 3480//3471 3473//3464
f 2492//2471 3453//3440 3482//3473 3475//3466
f 3465//3456 3482//3473 3453//3440 3455//3443
f 3467//3458 3480//3471 3482//3473 3465//3456
f 2606//2584 3483//3474 3484//3475 2592//2570
f 3272//3250 3483//3474 2606//2584 35//34
f 3274//3252 3485//3476 3483//3474 3272//3250
f 3483//3474 3485//3476 3486//3477 3484//3475
f 3486//3477 3485//3476 3487//3478 3488//3479
f 3276//3254 3487//3478 3485//3476 3274//3252
f 3278//3256 3489//3480 3487//3478 3276//3254
f 3488//3479 3487//3478 3489//3480 3490//3481
f 3491//3482 3484//3475 3486//3477 3492//3483
f 3298//3276 3491//3482 3492//3483 3299//3277
f 2589//2567 3491//3482 3298//3276 2593//2571
f 2592//2570 3484//3475 3491//3482 2589//2567
f 3495//3484 3493//3485 52//51 51//50
f 3496//3486 3494//3487 3493//3485 3495//3484
f 3497//3488 3498//3489 3494//3487 3496//3486
f 2611//2589 2608//2588 3498//3489 3497//3488
f 3280//3258 3499//3490 3489//3480 3278//3256
f 57//55 2610//2586 3499//3490 3280//3258
f 3500//3491 3499//3490 2610//2586 2611//2589
f 3490//3481 3489//3480 3499//3490 3500//3491
f 3496//3486 3495//3484 3501//3492 3502//3493
f 3281//3259 3501//3492 3495//3484 51//50
f 3284//3262 3503//3494 3501//3492 3281//3259
f 3502//3493 3501//3492 3503//3494 3504//3495
f 3504//3495 3505//3496 3506//3497 3502//3493
f 3500//3491 3506//3497 3505//3496 3490//3481
f 2611//2589 3497//3488 3506//3497 3500//3491
f 3502//3493 3506//3497 3497//3488 3496//3486
f 3387//3374 3386//3373 3507//3498 3508//3499
f 2583//2561 3507//3498 3386//3373 61//58
f 2584//2562 3509//3500 3507//3498 2583//2561
f 3508//3499 3507//3498 3509//3500 3510//3501
f 3294//3272 3511//3502 3503//3494 3284//3262
f 3287//3265 3297//3275 3511//3502 3294//3272
f 3512//3503 3511//3502 3297//3275 3299//3277
f 3504//3495 3503//3494 3511//3502 3512//3503
f 3512//3503 3513//3504 3505//3496 3504//3495
f 3299//3277 3492//3483 3513//3504 3512//3503
f 3488//3479 3513//3504 3492//3483 3486//3477
f 3490//3481 3505//3496 3513//3504 3488//3479
f 2626//2604 3514//3505 3509//3500 2584//2562
f 2618//2596 3379//3366 3514//3505 2626//2604
f 3515//3506 3514//3505 3379//3366 3378//3365
f 3510//3501 3509//3500 3514//3505 3515//3506
f 3516//3507 3517//3508 3518//3509 3519//3510
f 3399//3387 3406//3395 3517//3508 3516//3507
f 3508//3499 3517//3508 3406//3395 3387//3374
f 3510//3501 3518//3509 3517//3508 3508//3499
f 3520//3511 3065//3043 3064//3042
f 3068//3045 3403//3391 3521//3512 3064//3042
f 3522//3513 3521//3512 3403//3391 3402//3390
f 3521//3512 3522//3513 3523//3514
f 3520//3511 3523//3514 3524//3515
f 3525//3516 3524//3515 2456//2446
f 3525//3516 2452//2445 2454//3517
f 3525//3516 3070//3046 3065//3043
f 3519//3510 3526//3518 3527//3519 3516//3507
f 3401//3389 3527//3519 3526//3518 3402//3390
f 3393//3380 3395//3383 3527//3519 3401//3389
f 3516//3507 3527//3519 3395//3383 3399//3387
f 3528//3520 3523//3514 3522//3513
f 3402//3390 3526//3518 3529//3521 3522//3513
f 3530//3522 3529//3521 3526//3518 3519//3510
f 3531//3523 3528//3520 3529//3521 3530//3522
f 3532//3524 3533//3525 3528//3520 3531//3523
f 3377//3364 3383//3370 3533//3525 3532//3524
f 3524//3515 3533//3525 3383//3370 2456//2446
f 3533//3525 3524//3515 3523//3514
f 3519//3510 3518//3509 3534//3526 3530//3522
f 3515//3506 3534//3526 3518//3509 3510//3501
f 3378//3365 3535//3527 3534//3526 3515//3506
f 3530//3522 3534//3526 3535//3527 3531//3523
f 3531//3523 3535//3527 3536//3528 3532//3524
f 3381//3368 3536//3528 3535//3527 3378//3365
f 3373//3360 3375//3362 3536//3528 3381//3368
f 3532//3524 3536//3528 3375//3362 3377//3364
f 21//20 22//21 19//18
f 42//40 45//43 39//38
f 40//45 39//38 44//42
f 108//105 105//102 104//101
f 107//104 115//112 113//110
f 18//17 117//114 120//117
f 100//97 124//121 125//122
f 106//103 125//122 128//125
f 144//141 145//142 142//139
f 150//147 152//149 148//145
f 159//156 157//154 156//153
f 160//157 161//158 157//154
f 159//156 199//196 203//200
f 236//233 1841//1837 234//231
f 234//231 1841//1837 237//234
f 235//232 234//231 239//236
f 204//201 207//204 291//288
f 292//289 291//288 207//204
f 318//315 319//316 316//313
f 338//335 336//333 238//235
f 289//286 349//346 348//345
f 386//383 385//382 389//386
f 370//367 394//391 391//388
f 406//403 410//407 409//406
f 424//421 421//418 426//423
f 412//409 434//431 409//406
f 446//443 448//445 444//441
f 472//469 474//471 470//467
f 451//448 450//447 475//472
f 496//493 500//497 499//496
f 505//502 506//503 502//499
f 511//508 519//516 515//512
f 532//529 533//530 509//506
f 503//500 533//530 532//529
f 504//501 519//516 533//530
f 509//506 533//530 519//516
f 540//537 541//538 538//535
f 543//540 538//535 541//538
f 542//539 547//544 546//543
f 547//544 549//546 476//473
f 445//442 552//549 507//504
f 557//554 562//559 560//557
f 572//569 569//566 568//565
f 582//579 583//580 578//575
f 579//576 578//575 583//580
f 541//538 597//595 596//593
f 603//600 604//601 601//598
f 548//545 601//598 604//601
f 602//599 601//598 596//593
f 603//600 609//603 608//602
f 604//601 608//602 554//551
f 570//567 609//603 610//604
f 613//607 610//604 611//605
f 571//568 610//604 613//607
f 621//615 619//613 618//612
f 631//625 630//624 634//628
f 620//614 637//631 636//630
f 593//590 590//587 636//630
f 626//620 645//639 637//631
f 640//634 650//644 649//643
f 648//642 649//643 623//617
f 643//637 650//644 651//645
f 638//632 651//645 650//644
f 632//626 629//623 651//645
f 644//638 651//645 629//623
f 676//670 677//671 675//669
f 208//205 675//669 677//671
f 289//286 685//679 684//678
f 682//676 685//679 686//680
f 292//289 686//680 685//679
f 209//206 677//671 686//680
f 687//681 686//680 677//671
f 695//689 700//694 711//705
f 774//768 771//765 779//773
f 819//813 821//815 506//503
f 497//494 499//496 821//815
f 506//503 821//815 499//496
f 497//494 820//814 828//822
f 833//827 834//828 831//825
f 836//830 831//825 834//828
f 837//831 838//832 831//825
f 832//826 831//825 838//832
f 842//836 840//834 839//833
f 902//896 901//895 804//798
f 905//899 900//894 908//902
f 903//897 910//904 908//902
f 880//874 916//910 915//909
f 911//905 915//909 916//910
f 884//878 881//875 915//909
f 916//910 918//912 917//911
f 917//911 920//914 919//913
f 924//918 921//915 920//914
f 929//923 930//924 926//920
f 919//913 926//920 930//924
f 948//942 944//938 955//949
f 954//948 957//951 950//944
f 957//951 958//952 439//436
f 439//436 958//952 959//953
f 383//380 965//959 964//958
f 893//887 889//883 967//961
f 989//983 990//984 988//982
f 922//916 978//972 990//984
f 988//982 990//984 978//972
f 995//989 984//978 576//573
f 566//563 986//980 996//990
f 992//986 996//990 986//980
f 975//969 1012//1006 1011//1005
f 1014//1008 1011//1005 1012//1006
f 1013//1007 1012//1006 1015//1009
f 983//977 1015//1009 1012//1006
f 969//963 968//962 1015//1009
f 1016//1010 1015//1009 968//962
f 1014//1008 1018//1012 1022//1016
f 241//238 1075//1069 1074//1068
f 1077//1071 1074//1068 1075//1069
f 235//232 1074//1068 1079//1073
f 1107//1101 1105//1099 1104//1098
f 1115//1109 1112//1106 1111//1105
f 1116//1110 1117//1111 1112//1106
f 1113//1107 1112//1106 1117//1111
f 1147//1141 1148//1142 1144//1138
f 1151//1145 1153//1147 1149//1143
f 1155//1149 1156//1150 1153//1147
f 1146//1140 1161//1155 1158//1152
f 1162//1156 1163//1157 1158//1152
f 1159//1153 1165//1159 1164//1158
f 1154//1148 1151//1145 1164//1158
f 1160//1154 1164//1158 1166//1160
f 905//899 1169//1163 1167//1161
f 1171//1165 1172//1166 1168//1162
f 1175//1169 1176//1170 1173//1167
f 1161//1155 1173//1167 1176//1170
f 1171//1165 1173//1167 1161//1155
f 1170//1164 1174//1168 1173//1167
f 1178//1172 1177//1171 1176//1170
f 1165//1159 1177//1171 1180//1174
f 1186//1180 1185//1179 1184//1178
f 598//596 1188//1182 605//1186
f 1196//1192 1199//1195 1195//1191
f 1200//1196 1203//1199 1202//1198
f 1202//1198 1204//1200 1189//1183
f 642//636 1204//1200 1202//1198
f 1175//1169 1193//1189 1205//1201
f 1197//1193 1206//1202 1205//1201
f 1178//1172 1205//1201 1206//1202
f 1214//1210 1217//1213 1221//1217
f 1259//1255 1261//1257 1260//1256
f 1265//1261 1263//1259 1262//1258
f 1263//1259 1265//1261 1248//1244
f 1268//1264 1270//1266 1266//1262
f 1264//1260 1262//1258 1266//1262
f 1267//1263 1266//1262 1262//1258
f 1264//1260 1274//1270 1272//1268
f 1279//1275 1281//1277 1275//1271
f 1280//1276 1279//1275 1278//1274
f 1261//1257 1279//1275 1280//1276
f 1281//1277 1279//1275 1261//1257
f 1283//1279 1282//1278 1280//1276
f 1107//1101 1282//1278 865//859
f 1276//1272 1273//1269 1287//1283
f 1288//1284 1287//1283 1255//1251
f 1268//1264 1297//1293 1295//1291
f 1267//1263 1299//1295 1297//1293
f 1302//1298 1296//1292 1298//1294
f 1319//1315 1320//1316 1318//1314
f 1323//1319 1326//1322 1314//1310
f 1319//1315 1321//1317 1334//1330
f 1335//1331 1338//1334 1320//1316
f 1342//1338 1341//1337 1325//1321
f 1355//1351 1366//1362 1364//1360
f 1375//1371 1370//1366 1373//1369
f 1396//1392 1393//1389 1392//1388
f 1394//1390 1393//1389 1379//1375
f 1154//1148 1180//1174 1411//1407
f 1155//1149 1410//1406 1414//1410
f 1419//1415 1418//1414 1206//1202
f 1412//1408 1418//1414 1421//1417
f 1424//1420 1425//1421 1422//1418
f 1409//1405 1421//1417 1422//1418
f 1427//1423 1429//1425 1405//1401
f 1427//1423 1426//1422 1420//1416
f 1429//1425 1427//1423 599//594
f 1423//1419 1431//1427 1430//1426
f 1405//1401 1401//1397 1431//1427
f 1400//1396 1415//1411 1434//1430
f 1425//1421 1435//1431 1413//1409
f 1398//1394 1435//1431 1433//1429
f 1388//1384 1413//1409 1435//1431
f 1439//1435 1438//1434 1407//1403
f 1376//1372 1384//1380 1441//1437
f 1443//1439 1440//1436 1446//1442
f 1450//1446 1453//1449 1378//1374
f 1488//1484 1486//1482 1485//1481
f 1489//1485 1490//1486 1486//1482
f 1487//1483 1485//1481 1493//1489
f 1493//1489 1495//1491 1496//1492
f 1406//1402 1514//1510 1513//1509
f 1511//1507 1513//1509 1514//1510
f 1439//1435 1513//1509 1501//1497
f 1526//1522 1529//1525 1524//1520
f 1519//1515 1547//1543 1546//1542
f 1539//1535 1546//1542 1547//1543
f 1585//1581 1587//1583 1584//1580
f 844//838 1587//1583 1586//1582
f 837//831 1586//1582 1589//1585
f 1590//1586 1589//1585 1586//1582
f 1582//1578 1593//1589 1591//1587
f 1429//1425 1591//1587 1593//1589
f 540//537 539//536 1591//1587
f 1592//1588 1591//1587 539//536
f 1593//1589 1594//1590 1404//1400
f 1598//1594 1595//1591 1596//1592
f 530//527 1595//1591 1598//1594
f 1574//1570 1581//1577 1599//1595
f 1600//1596 1599//1595 1581//1577
f 1572//1568 1599//1595 1602//1598
f 513//510 526//523 1606//1602
f 1598//1594 1606//1602 526//523
f 514//511 1606//1602 1603//1599
f 1588//1584 1609//1605 1607//1603
f 1600//1596 1610//1606 1608//1604
f 841//835 1614//1610 1612//1608
f 1584//1580 1612//1608 1613//1609
f 1621//1617 1617//1613 1616//1612
f 851//845 1492//1488 1617//1613
f 1625//1621 1623//1619 1622//1618
f 1620//1616 1623//1619 1626//1622
f 1615//1611 1614//1610 1626//1622
f 1631//1627 1632//1628 1629//1625
f 1631//1627 1630//1626 1619//1615
f 1489//1485 1498//1494 1631//1627
f 1695//1691 1694//1690 1697//1693
f 1702//1698 1703//1699 1700//1696
f 1715//1711 1713//1709 1712//1708
f 1727//1723 1725//1721 1724//1720
f 1726//1722 1732//1728 1730//1726
f 1739//1735 1736//1732 1737//1733
f 1242//1238 1736//1732 1739//1735
f 1533//1529 1536//1532 1746//1742
f 1743//1739 1748//1744 1746//1742
f 1738//1734 1737//1733 1762//1758
f 1792//1788 1802//1798 1800//1796
f 153//150 152//149 1800//1796
f 1791//1787 1805//1801 1804//1800
f 1807//1803 1804//1800 1805//1801
f 1820//1816 1818//1814 1817//1813
f 1819//1815 1833//1829 1831//1827
f 1820//1816 1831//1827 1079//1073
f 1837//1833 1838//1834 1835//1831
f 1834//1830 1840//1836 1839//1835
f 1849//1845 1848//1844 1127//1121
f 1753//1749 1880//1876 1881//1877
f 1882//1878 1879//1875 1883//1879
f 1884//1880 1883//1879 1747//1743
f 1932//1928 1934//1930 1930//1926
f 1931//1927 1930//1926 1937//1933
f 1941//1937 1939//1935 1934//1930
f 1940//1936 1939//1935 1763//1759
f 1142//1136 1944//1940 1947//1943
f 1707//1703 1706//1702 1947//1943
f 1957//1953 1955//1951 1950//1946
f 1958//1954 1960//1956 1937//1933
f 1938//1934 1937//1933 1960//1956
f 1959//1955 1965//1961 1964//1960
f 1974//1970 1973//1969 1892//1888
f 1978//1974 1979//1975 1976//1972
f 1981//1977 1976//1972 1979//1975
f 2008//2004 2009//2005 2006//2002
f 2011//2007 2006//2002 2009//2005
f 1698//1694 1703//1699 2006//2002
f 2050//2046 2051//2047 2048//2044
f 1971//1967 2055//2051 2054//2050
f 2011//2007 2079//2075 1699//1695
f 2005//2001 2004//2000 2079//2075
f 1864//1860 2085//2081 2084//2080
f 1929//1925 2128//2124 2129//2125
f 2130//2126 2129//2125 2031//2027
f 2132//2128 2131//2127 2125//2121
f 2147//2143 2144//2140 2143//2139
f 1128//1122 1850//1846 2144//2140
f 2146//2142 2151//2147 2148//2144
f 2156//2152 2155//2151 2143//2139
f 2162//2158 2159//2155 2158//2154
f 1360//1356 1369//1365 2159//2155
f 2164//2160 2163//2159 2162//2158
f 1470//1466 2172//2168 2175//2171
f 1980//1976 2182//2178 2181//2177
f 1992//1988 2202//2198 2205//2201
f 1896//1892 2211//2207 2212//2208
f 1974//1970 2219//2215 2057//2053
f 2228//2224 2227//2223 1904//1900
f 2229//2225 2230//2226 1942//1938
f 1942//1938 2230//2226 2022//2018
f 2232//2228 2231//2227 2226//2222
f 2058//2054 2222//2218 2236//2232
f 1903//1899 1907//1903 2237//2233
f 1962//1958 2171//2167 2238//2234
f 1938//1934 2241//2237 2242//2238
f 2243//2239 2242//2238 2241//2237
f 2243//2239 2245//2241 2150//2146
f 1806//1802 2248//2244 2247//2243
f 2064//2060 2249//2245 2247//2243
f 2132//2128 2264//2260 1817//1813
f 1720//1716 1838//1834 2267//2263
f 330//327 2083//2079 2268//2264
f 2089//2085 2086//2082 2268//2264
f 337//334 2268//2264 2086//2082
f 1867//1863 2270//2266 2085//2081
f 2142//2138 2272//2268 2271//2267
f 2277//2273 2275//2271 2274//2270
f 853//847 852//846 2275//2271
f 2294//2290 2295//2291 2293//2289
f 839//833 2295//2291 2294//2290
f 2288//2284 2293//2289 2295//2291
f 2294//2290 2297//2293 1627//1623
f 1627//1623 2297//2293 2274//2270
f 1507//1503 1583//1579 2306//2302
f 1573//1569 2306//2302 1583//1579
f 2307//2303 2310//2306 1561//1557
f 2309//2305 2310//2306 2307//2303
f 2362//2358 2369//2365 2364//2360
f 2367//2363 2374//2370 2372//2368
f 2379//2375 2378//2374 2370//2366
f 2434//2430 1499//1495 1487//1483
f 1629//1625 1632//1628 2436//2432
f 1500//1496 2427//2423 2436//2432
f 2460//3322 2461//3320 2459//3529
f 2467//2449 2468//2450 2465//2447
f 2469//2451 2470//3379 2468//2450
f 2481//2462 2482//2463 2479//2460
f 2493//2472 2494//3530 2491//2470
f 2497//2475 2499//2477 2495//2473
f 2508//2486 2507//2485 161//158
f 2514//2492 2517//2495 2515//2493
f 181//178 2635//2613 2637//2615
f 2640//2618 2641//2619 2638//2616
f 2639//2617 2648//2626 2647//2625
f 2706//2684 2704//2682 2703//2681
f 2705//2683 2711//2689 2709//2687
f 2712//2690 2719//2697 2717//2695
f 160//157 203//200 2727//2705
f 2725//2703 2730//2708 2737//2715
f 2729//2707 2744//2722 2734//2712
f 2497//2475 2504//2482 2744//2722
f 2736//2714 2745//2723 2751//2729
f 2750//2728 2751//2729 2745//2723
f 1870//1866 2753//2731 2748//2726
f 2772//2750 2771//2749 1340//1336
f 2782//2760 2783//2761 1478//1474
f 1885//1881 2786//2764 2784//2762
f 2805//2783 2804//2782 2560//2538
f 2814//2792 2813//2791 2803//2781
f 1139//1133 1135//1129 2825//2803
f 2829//2807 2838//2816 2837//2815
f 2863//2841 2862//2840 2517//2495
f 2869//2847 2870//2848 2711//2689
f 2881//2859 2885//2863 2888//2866
f 1248//1244 1277//1273 2889//2867
f 2892//2870 2889//2867 2890//2868
f 2559//2537 2565//2543 2893//2871
f 1254//1250 2846//2824 2898//2876
f 2899//2877 2898//2876 2846//2824
f 2845//2823 2848//2826 2901//2879
f 1476//1472 2956//2934 1495//1491
f 2783//2761 2965//2943 2955//2933
f 2768//2746 2767//2745 2974//2952
f 2534//2512 2974//2952 2767//2745
f 2980//2958 2976//2954 2983//2961
f 1560//1556 2993//2971 2991//2969
f 2996//2974 2995//2973 2426//2422
f 3011//2989 3010//2988 3007//2985
f 2994//2972 2993//2971 3010//2988
f 1558//1554 3010//2988 2993//2971
f 2550//2528 3012//2990 3014//2992
f 2978//2956 3026//3004 3028//3006
f 3065//3043 3066//3048 3063//3041
f 2647//2625 3084//3062 3082//3060
f 3086//3064 3085//3063 2527//2505
f 3087//3065 3086//3064 3098//3076
f 1452//1448 1457//1453 3112//3090
f 2949//2927 3112//3090 1457//1453
f 1372//1368 1371//1367 3114//3092
f 2371//2367 3131//3109 3130//3108
f 3133//3111 3130//3108 3131//3109
f 3160//3138 3164//3142 2368//2364
f 3161//3139 3165//3143 3164//3142
f 3131//3109 3164//3142 3165//3143
f 3170//3148 3168//3146 3137//3115
f 3170//3148 3218//3196 3217//3195
f 3132//3110 3165//3143 3218//3196
f 3219//3197 3537//3531 3222//3200
f 3162//3140 3537//3531 3219//3197
f 3199//3177 3537//3531 3162//3140
f 3222//3200 3537//3531 3199//3177
f 3220//3198 3228//3206 3227//3205
f 2481//2462 3237//3215 3233//3211
f 3240//3218 3241//3219 3238//3216
f 5//4 3238//3216 3241//3219
f 26//25 25//24 3252//3230
f 3240//3218 3246//3224 3255//3233
f 3257//3235 3255//3233 3246//3224
f 3247//3225 3250//3228 3259//3237
f 60//56 3259//3237 3250//3228
f 1806//1802 1805//1801 3330//3311
f 3335//3316 3334//3315 3336//3317
f 3337//3318 3336//3317 3338//3319
f 3402//3390 3403//3391 3400//3388
f 3072//3050 3400//3388 3403//3391
f 2463//3392 3390//3381 3400//3388
f 3401//3389 3400//3388 3390//3381
f 3409//3398 3412//3401 3411//3400
f 3410//3399 3411//3400 3421//3410
f 3418//3407 3427//3416 704//698
f 3438//3432 3445//3431 3444//3430
f 2487//2467 3452//3439 2491//2470
f 3441//3449 3460//3448 3445//3431
f 2489//2469 3462//3451 3454//3442
f 3463//3452 3462//3451 3436//3454
f 3236//3214 3237//3215 3476//3467
f 3479//3470 3478//3469 3477//3468
f 3064//3042 3521//3512 3520//3511
f 3523//3514 3520//3511 3521//3512
f 3524//3515 3525//3516 3520//3511
f 2456//2446 2452//2445 3525//3516
f 2454//3517 3070//3046 3525//3516
f 3065//3043 3520//3511 3525//3516
f 3522//3513 3529//3521 3528//3520
f 3523//3514 3528//3520 3533//3525
l 58 59
l 2464 2468
l 52 53
l 605 606
l 602 606
l 2444 2447
